;  LST file generated by mikroListExporter - v.2.0 
; Date/Time: 21/04/2026 15:48:24
;----------------------------------------------

;Address Opcode 	ASM
0x0000	0xF021EFDF  	GOTO        17342
0x0004	0x0000      	NOP
0x0006	0x0000      	NOP
0x0008	0xF000EF00  	GOTO        0
0x000C	0x0000      	NOP
0x000E	0x0000      	NOP
0x0010	0x0000      	NOP
0x0012	0x0000      	NOP
0x0014	0x0000      	NOP
0x0016	0x0000      	NOP
0x0018	0xD7F3      	BRA         0
_FIXSIGN32:
;__Lib_MathDouble.c,117 :: 		
;__Lib_MathDouble.c,121 :: 		
0x001C	0xAE0A      	BTFSS       R10, 7, 0
;__Lib_MathDouble.c,122 :: 		
0x001E	0x9E02      	BCF         R2, 7, 0
;__Lib_MathDouble.c,123 :: 		
0x0020	0x0E00      	MOVLW       0
;__Lib_MathDouble.c,125 :: 		
L_end_FIXSIGN32:
0x0022	0x0012      	RETURN      0
; end of _FIXSIGN32
_SETFOV32:
;__Lib_MathDouble.c,82 :: 		
;__Lib_MathDouble.c,90 :: 		
0x0024	0x820B      	BSF         R11, 1, 0
;__Lib_MathDouble.c,91 :: 		
0x0026	0xAE0B      	BTFSS       R11, 7, 0
;__Lib_MathDouble.c,92 :: 		
0x0028	0xF000EF1C  	GOTO        SETFOV32EEE
;__Lib_MathDouble.c,94 :: 		
0x002C	0x6803      	SETF        R3, 0
;__Lib_MathDouble.c,95 :: 		
0x002E	0x6802      	SETF        R2, 0
;__Lib_MathDouble.c,96 :: 		
0x0030	0x6801      	SETF        R1, 0
;__Lib_MathDouble.c,97 :: 		
0x0032	0x6800      	SETF        R0, 0
;__Lib_MathDouble.c,98 :: 		
0x0034	0x360A      	RLCF        R10, 1, 0
;__Lib_MathDouble.c,99 :: 		
0x0036	0x3202      	RRCF        R2, 1, 0
;__Lib_MathDouble.c,100 :: 		
SETFOV32EEE:
;__Lib_MathDouble.c,101 :: 		
0x0038	0x0EFF      	MOVLW       255
;__Lib_MathDouble.c,103 :: 		
L_end_SETFOV32:
0x003A	0x0012      	RETURN      0
; end of _SETFOV32
_RES032:
;__Lib_MathDouble.c,128 :: 		
;__Lib_MathDouble.c,134 :: 		
0x003C	0x6A02      	CLRF        R2, 0
;__Lib_MathDouble.c,135 :: 		
0x003E	0x6A01      	CLRF        R1, 0
;__Lib_MathDouble.c,136 :: 		
0x0040	0x6A00      	CLRF        R0, 0
;__Lib_MathDouble.c,137 :: 		
0x0042	0x6A08      	CLRF        R8, 0
;__Lib_MathDouble.c,138 :: 		
0x0044	0x6A03      	CLRF        R3, 0
;__Lib_MathDouble.c,139 :: 		
0x0046	0x0E00      	MOVLW       0
;__Lib_MathDouble.c,141 :: 		
L_end_RES032:
0x0048	0x0012      	RETURN      0
; end of _RES032
_SETFUN32:
;__Lib_MathDouble.c,144 :: 		
;__Lib_MathDouble.c,152 :: 		
0x004A	0x840B      	BSF         R11, 2, 0
;__Lib_MathDouble.c,153 :: 		
0x004C	0xAE0B      	BTFSS       R11, 7, 0
;__Lib_MathDouble.c,154 :: 		
0x004E	0xF000EF30  	GOTO        SETFUN32EEE
;__Lib_MathDouble.c,156 :: 		
0x0052	0x0E01      	MOVLW       1
;__Lib_MathDouble.c,157 :: 		
0x0054	0x6E03      	MOVWF       R3, 0
;__Lib_MathDouble.c,158 :: 		
0x0056	0x6A02      	CLRF        R2, 0
;__Lib_MathDouble.c,159 :: 		
0x0058	0x6A01      	CLRF        R1, 0
;__Lib_MathDouble.c,160 :: 		
0x005A	0x6A00      	CLRF        R0, 0
;__Lib_MathDouble.c,161 :: 		
0x005C	0x360A      	RLCF        R10, 1, 0
;__Lib_MathDouble.c,162 :: 		
0x005E	0x3202      	RRCF        R2, 1, 0
;__Lib_MathDouble.c,163 :: 		
SETFUN32EEE:
;__Lib_MathDouble.c,164 :: 		
0x0060	0x0EFF      	MOVLW       255
;__Lib_MathDouble.c,166 :: 		
L_end_SETFUN32:
0x0062	0x0012      	RETURN      0
; end of _SETFUN32
_NRM4032:
;__Lib_MathDouble.c,174 :: 		
;__Lib_MathDouble.c,183 :: 		
0x0064	0xB00C      	BTFSC       R12, 0, 0
;__Lib_MathDouble.c,184 :: 		
0x0066	0xF000EF74  	GOTO        NRMRND4032
;__Lib_MathDouble.c,185 :: 		
0x006A	0xA20C      	BTFSS       R12, 1, 0
;__Lib_MathDouble.c,186 :: 		
0x006C	0xF001EF1A  	GOTO        NRM40JPSETFOV32
;__Lib_MathDouble.c,188 :: 		
0x0070	0x6A0E      	CLRF        R14, 0
;__Lib_MathDouble.c,189 :: 		
0x0072	0x0E00      	MOVLW       0
;__Lib_MathDouble.c,190 :: 		
0x0074	0x6402      	CPFSGT      R2, 0
;__Lib_MathDouble.c,191 :: 		
0x0076	0xF000EF8B  	GOTO        NRM4032A
;__Lib_MathDouble.c,194 :: 		
0x007A	0x0EF0      	MOVLW       240
;__Lib_MathDouble.c,195 :: 		
0x007C	0x1402      	ANDWF       R2, 0, 0
;__Lib_MathDouble.c,196 :: 		
0x007E	0xA4D8      	BTFSS       STATUS, 2, 0
;__Lib_MathDouble.c,197 :: 		
0x0080	0xF000EF56  	GOTO        NORM4032
;__Lib_MathDouble.c,199 :: 		
0x0084	0x3A02      	SWAPF       R2, 1, 0
;__Lib_MathDouble.c,200 :: 		
0x0086	0x3801      	SWAPF       R1, 0, 0
;__Lib_MathDouble.c,201 :: 		
0x0088	0x0B0F      	ANDLW       15
;__Lib_MathDouble.c,202 :: 		
0x008A	0x2602      	ADDWF       R2, 1, 0
;__Lib_MathDouble.c,204 :: 		
0x008C	0x3801      	SWAPF       R1, 0, 0
;__Lib_MathDouble.c,205 :: 		
0x008E	0x0BF0      	ANDLW       240
;__Lib_MathDouble.c,206 :: 		
0x0090	0x6E01      	MOVWF       R1, 0
;__Lib_MathDouble.c,207 :: 		
0x0092	0x3800      	SWAPF       R0, 0, 0
;__Lib_MathDouble.c,208 :: 		
0x0094	0x0B0F      	ANDLW       15
;__Lib_MathDouble.c,209 :: 		
0x0096	0x2601      	ADDWF       R1, 1, 0
;__Lib_MathDouble.c,211 :: 		
0x0098	0x3800      	SWAPF       R0, 0, 0
;__Lib_MathDouble.c,212 :: 		
0x009A	0x0BF0      	ANDLW       240
;__Lib_MathDouble.c,213 :: 		
0x009C	0x6E00      	MOVWF       R0, 0
;__Lib_MathDouble.c,214 :: 		
0x009E	0x3808      	SWAPF       R8, 0, 0
;__Lib_MathDouble.c,215 :: 		
0x00A0	0x0B0F      	ANDLW       15
;__Lib_MathDouble.c,216 :: 		
0x00A2	0x2600      	ADDWF       R0, 1, 0
;__Lib_MathDouble.c,218 :: 		
0x00A4	0x3808      	SWAPF       R8, 0, 0
;__Lib_MathDouble.c,219 :: 		
0x00A6	0x0BF0      	ANDLW       240
;__Lib_MathDouble.c,220 :: 		
0x00A8	0x6E08      	MOVWF       R8, 0
;__Lib_MathDouble.c,222 :: 		
0x00AA	0x840E      	BSF         R14, 2, 0
;__Lib_MathDouble.c,224 :: 		
NORM4032:
;__Lib_MathDouble.c,225 :: 		
0x00AC	0x90D8      	BCF         STATUS, 0, 0
;__Lib_MathDouble.c,227 :: 		
0x00AE	0xBE02      	BTFSC       R2, 7, 0
;__Lib_MathDouble.c,228 :: 		
0x00B0	0xF000EF6F  	GOTO        TNORMUN4032
;__Lib_MathDouble.c,229 :: 		
0x00B4	0x3608      	RLCF        R8, 1, 0
;__Lib_MathDouble.c,230 :: 		
0x00B6	0x3600      	RLCF        R0, 1, 0
;__Lib_MathDouble.c,231 :: 		
0x00B8	0x3601      	RLCF        R1, 1, 0
;__Lib_MathDouble.c,232 :: 		
0x00BA	0x3602      	RLCF        R2, 1, 0
;__Lib_MathDouble.c,233 :: 		
0x00BC	0x2A0E      	INCF        R14, 1, 0
;__Lib_MathDouble.c,234 :: 		
0x00BE	0xBE02      	BTFSC       R2, 7, 0
;__Lib_MathDouble.c,235 :: 		
0x00C0	0xF000EF6F  	GOTO        TNORMUN4032
;__Lib_MathDouble.c,236 :: 		
0x00C4	0x3608      	RLCF        R8, 1, 0
;__Lib_MathDouble.c,237 :: 		
0x00C6	0x3600      	RLCF        R0, 1, 0
;__Lib_MathDouble.c,238 :: 		
0x00C8	0x3601      	RLCF        R1, 1, 0
;__Lib_MathDouble.c,239 :: 		
0x00CA	0x3602      	RLCF        R2, 1, 0
;__Lib_MathDouble.c,240 :: 		
0x00CC	0x2A0E      	INCF        R14, 1, 0
;__Lib_MathDouble.c,241 :: 		
0x00CE	0xBE02      	BTFSC       R2, 7, 0
;__Lib_MathDouble.c,242 :: 		
0x00D0	0xF000EF6F  	GOTO        TNORMUN4032
;__Lib_MathDouble.c,243 :: 		
0x00D4	0x3608      	RLCF        R8, 1, 0
;__Lib_MathDouble.c,244 :: 		
0x00D6	0x3600      	RLCF        R0, 1, 0
;__Lib_MathDouble.c,245 :: 		
0x00D8	0x3601      	RLCF        R1, 1, 0
;__Lib_MathDouble.c,246 :: 		
0x00DA	0x3602      	RLCF        R2, 1, 0
;__Lib_MathDouble.c,247 :: 		
0x00DC	0x2A0E      	INCF        R14, 1, 0
;__Lib_MathDouble.c,249 :: 		
TNORMUN4032:
;__Lib_MathDouble.c,250 :: 		
0x00DE	0x500E      	MOVF        R14, 0, 0
;__Lib_MathDouble.c,251 :: 		
0x00E0	0x6403      	CPFSGT      R3, 0
;__Lib_MathDouble.c,252 :: 		
0x00E2	0xF001EF10  	GOTO        NRM40JPSETFUN32
;__Lib_MathDouble.c,253 :: 		
0x00E6	0x5E03      	SUBWF       R3, 1, 0
;__Lib_MathDouble.c,255 :: 		
NRMRND4032:
;__Lib_MathDouble.c,256 :: 		
0x00E8	0xBC0B      	BTFSC       R11, 6, 0
;__Lib_MathDouble.c,257 :: 		
0x00EA	0xAE08      	BTFSS       R8, 7, 0
;__Lib_MathDouble.c,258 :: 		
0x00EC	0xF001EF15  	GOTO        NRM40JPFIXSIGN32
;__Lib_MathDouble.c,259 :: 		
0x00F0	0x80D8      	BSF         STATUS, 0, 0
;__Lib_MathDouble.c,260 :: 		
0x00F2	0x0E80      	MOVLW       128
;__Lib_MathDouble.c,261 :: 		
0x00F4	0x6408      	CPFSGT      R8, 0
;__Lib_MathDouble.c,262 :: 		
0x00F6	0x3000      	RRCF        R0, 0, 0
;__Lib_MathDouble.c,263 :: 		
0x00F8	0x0E00      	MOVLW       0
;__Lib_MathDouble.c,264 :: 		
0x00FA	0x2200      	ADDWFC      R0, 1, 0
;__Lib_MathDouble.c,265 :: 		
0x00FC	0x2201      	ADDWFC      R1, 1, 0
;__Lib_MathDouble.c,266 :: 		
0x00FE	0x2202      	ADDWFC      R2, 1, 0
;__Lib_MathDouble.c,268 :: 		
0x0100	0xA0D8      	BTFSS       STATUS, 0, 0
;__Lib_MathDouble.c,269 :: 		
0x0102	0xF001EF15  	GOTO        NRM40JPFIXSIGN32
;__Lib_MathDouble.c,270 :: 		
0x0106	0x3202      	RRCF        R2, 1, 0
;__Lib_MathDouble.c,271 :: 		
0x0108	0x3201      	RRCF        R1, 1, 0
;__Lib_MathDouble.c,272 :: 		
0x010A	0x3200      	RRCF        R0, 1, 0
;__Lib_MathDouble.c,273 :: 		
0x010C	0x4A03      	INFSNZ      R3, 1, 0
;__Lib_MathDouble.c,274 :: 		
0x010E	0xF001EF1A  	GOTO        NRM40JPSETFOV32
;__Lib_MathDouble.c,275 :: 		
0x0112	0xF001EF15  	GOTO        NRM40JPFIXSIGN32
;__Lib_MathDouble.c,277 :: 		
NRM4032A:
;__Lib_MathDouble.c,278 :: 		
0x0116	0xF002C001  	MOVFF       R1, R2
;__Lib_MathDouble.c,279 :: 		
0x011A	0xF001C000  	MOVFF       R0, R1
;__Lib_MathDouble.c,280 :: 		
0x011E	0xF000C008  	MOVFF       R8, R0
;__Lib_MathDouble.c,281 :: 		
0x0122	0x6A08      	CLRF        R8, 0
;__Lib_MathDouble.c,282 :: 		
0x0124	0x0E00      	MOVLW       0
;__Lib_MathDouble.c,283 :: 		
0x0126	0x860E      	BSF         R14, 3, 0
;__Lib_MathDouble.c,284 :: 		
0x0128	0x6402      	CPFSGT      R2, 0
;__Lib_MathDouble.c,285 :: 		
0x012A	0xF000EFC2  	GOTO        NRM4032B
;__Lib_MathDouble.c,288 :: 		
0x012E	0x0EF0      	MOVLW       240
;__Lib_MathDouble.c,289 :: 		
0x0130	0x1402      	ANDWF       R2, 0, 0
;__Lib_MathDouble.c,290 :: 		
0x0132	0xA4D8      	BTFSS       STATUS, 2, 0
;__Lib_MathDouble.c,291 :: 		
0x0134	0xF000EFAA  	GOTO        NORM4032A
;__Lib_MathDouble.c,292 :: 		
0x0138	0x3A02      	SWAPF       R2, 1, 0
;__Lib_MathDouble.c,293 :: 		
0x013A	0x3801      	SWAPF       R1, 0, 0
;__Lib_MathDouble.c,294 :: 		
0x013C	0x0B0F      	ANDLW       15
;__Lib_MathDouble.c,295 :: 		
0x013E	0x2602      	ADDWF       R2, 1, 0
;__Lib_MathDouble.c,297 :: 		
0x0140	0x3801      	SWAPF       R1, 0, 0
;__Lib_MathDouble.c,298 :: 		
0x0142	0x0BF0      	ANDLW       240
;__Lib_MathDouble.c,299 :: 		
0x0144	0x6E01      	MOVWF       R1, 0
;__Lib_MathDouble.c,300 :: 		
0x0146	0x3800      	SWAPF       R0, 0, 0
;__Lib_MathDouble.c,301 :: 		
0x0148	0x0B0F      	ANDLW       15
;__Lib_MathDouble.c,302 :: 		
0x014A	0x2601      	ADDWF       R1, 1, 0
;__Lib_MathDouble.c,304 :: 		
0x014C	0x3800      	SWAPF       R0, 0, 0
;__Lib_MathDouble.c,305 :: 		
0x014E	0x0BF0      	ANDLW       240
;__Lib_MathDouble.c,306 :: 		
0x0150	0x6E00      	MOVWF       R0, 0
;__Lib_MathDouble.c,308 :: 		
0x0152	0x840E      	BSF         R14, 2, 0
;__Lib_MathDouble.c,310 :: 		
NORM4032A:
;__Lib_MathDouble.c,311 :: 		
0x0154	0x90D8      	BCF         STATUS, 0, 0
;__Lib_MathDouble.c,313 :: 		
0x0156	0xBE02      	BTFSC       R2, 7, 0
;__Lib_MathDouble.c,314 :: 		
0x0158	0xF000EF6F  	GOTO        TNORMUN4032
;__Lib_MathDouble.c,315 :: 		
0x015C	0x3600      	RLCF        R0, 1, 0
;__Lib_MathDouble.c,316 :: 		
0x015E	0x3601      	RLCF        R1, 1, 0
;__Lib_MathDouble.c,317 :: 		
0x0160	0x3602      	RLCF        R2, 1, 0
;__Lib_MathDouble.c,318 :: 		
0x0162	0x2A0E      	INCF        R14, 1, 0
;__Lib_MathDouble.c,319 :: 		
0x0164	0xBE02      	BTFSC       R2, 7, 0
;__Lib_MathDouble.c,320 :: 		
0x0166	0xF000EF6F  	GOTO        TNORMUN4032
;__Lib_MathDouble.c,321 :: 		
0x016A	0x3600      	RLCF        R0, 1, 0
;__Lib_MathDouble.c,322 :: 		
0x016C	0x3601      	RLCF        R1, 1, 0
;__Lib_MathDouble.c,323 :: 		
0x016E	0x3602      	RLCF        R2, 1, 0
;__Lib_MathDouble.c,324 :: 		
0x0170	0x2A0E      	INCF        R14, 1, 0
;__Lib_MathDouble.c,325 :: 		
0x0172	0xBE02      	BTFSC       R2, 7, 0
;__Lib_MathDouble.c,326 :: 		
0x0174	0xF000EF6F  	GOTO        TNORMUN4032
;__Lib_MathDouble.c,327 :: 		
0x0178	0x3600      	RLCF        R0, 1, 0
;__Lib_MathDouble.c,328 :: 		
0x017A	0x3601      	RLCF        R1, 1, 0
;__Lib_MathDouble.c,329 :: 		
0x017C	0x3602      	RLCF        R2, 1, 0
;__Lib_MathDouble.c,330 :: 		
0x017E	0x2A0E      	INCF        R14, 1, 0
;__Lib_MathDouble.c,331 :: 		
0x0180	0xF000EF6F  	GOTO        TNORMUN4032
;__Lib_MathDouble.c,333 :: 		
NRM4032B:
;__Lib_MathDouble.c,334 :: 		
0x0184	0xF002C001  	MOVFF       R1, R2
;__Lib_MathDouble.c,335 :: 		
0x0188	0xF001C000  	MOVFF       R0, R1
;__Lib_MathDouble.c,336 :: 		
0x018C	0x6A00      	CLRF        R0, 0
;__Lib_MathDouble.c,337 :: 		
0x018E	0x0E00      	MOVLW       0
;__Lib_MathDouble.c,338 :: 		
0x0190	0x960E      	BCF         R14, 3, 0
;__Lib_MathDouble.c,339 :: 		
0x0192	0x880E      	BSF         R14, 4, 0
;__Lib_MathDouble.c,340 :: 		
0x0194	0x6402      	CPFSGT      R2, 0
;__Lib_MathDouble.c,341 :: 		
0x0196	0xF000EFEF  	GOTO        NRM4032C
;__Lib_MathDouble.c,344 :: 		
0x019A	0x0EF0      	MOVLW       240
;__Lib_MathDouble.c,345 :: 		
0x019C	0x1402      	ANDWF       R2, 0, 0
;__Lib_MathDouble.c,346 :: 		
0x019E	0xA4D8      	BTFSS       STATUS, 2, 0
;__Lib_MathDouble.c,347 :: 		
0x01A0	0xF000EFDA  	GOTO        NORM4032B
;__Lib_MathDouble.c,349 :: 		
0x01A4	0x3A02      	SWAPF       R2, 1, 0
;__Lib_MathDouble.c,350 :: 		
0x01A6	0x3801      	SWAPF       R1, 0, 0
;__Lib_MathDouble.c,351 :: 		
0x01A8	0x0B0F      	ANDLW       15
;__Lib_MathDouble.c,352 :: 		
0x01AA	0x2602      	ADDWF       R2, 1, 0
;__Lib_MathDouble.c,354 :: 		
0x01AC	0x3801      	SWAPF       R1, 0, 0
;__Lib_MathDouble.c,355 :: 		
0x01AE	0x0BF0      	ANDLW       240
;__Lib_MathDouble.c,356 :: 		
0x01B0	0x6E01      	MOVWF       R1, 0
;__Lib_MathDouble.c,358 :: 		
0x01B2	0x840E      	BSF         R14, 2, 0
;__Lib_MathDouble.c,360 :: 		
NORM4032B:
;__Lib_MathDouble.c,361 :: 		
0x01B4	0x90D8      	BCF         STATUS, 0, 0
;__Lib_MathDouble.c,362 :: 		
0x01B6	0xBE02      	BTFSC       R2, 7, 0
;__Lib_MathDouble.c,363 :: 		
0x01B8	0xF000EF6F  	GOTO        TNORMUN4032
;__Lib_MathDouble.c,364 :: 		
0x01BC	0x3601      	RLCF        R1, 1, 0
;__Lib_MathDouble.c,365 :: 		
0x01BE	0x3602      	RLCF        R2, 1, 0
;__Lib_MathDouble.c,366 :: 		
0x01C0	0x2A0E      	INCF        R14, 1, 0
;__Lib_MathDouble.c,367 :: 		
0x01C2	0xBE02      	BTFSC       R2, 7, 0
;__Lib_MathDouble.c,368 :: 		
0x01C4	0xF000EF6F  	GOTO        TNORMUN4032
;__Lib_MathDouble.c,369 :: 		
0x01C8	0x3601      	RLCF        R1, 1, 0
;__Lib_MathDouble.c,370 :: 		
0x01CA	0x3602      	RLCF        R2, 1, 0
;__Lib_MathDouble.c,371 :: 		
0x01CC	0x2A0E      	INCF        R14, 1, 0
;__Lib_MathDouble.c,372 :: 		
0x01CE	0xBE02      	BTFSC       R2, 7, 0
;__Lib_MathDouble.c,373 :: 		
0x01D0	0xF000EF6F  	GOTO        TNORMUN4032
;__Lib_MathDouble.c,374 :: 		
0x01D4	0x3601      	RLCF        R1, 1, 0
;__Lib_MathDouble.c,375 :: 		
0x01D6	0x3602      	RLCF        R2, 1, 0
;__Lib_MathDouble.c,376 :: 		
0x01D8	0x2A0E      	INCF        R14, 1, 0
;__Lib_MathDouble.c,377 :: 		
0x01DA	0xF000EF6F  	GOTO        TNORMUN4032
;__Lib_MathDouble.c,379 :: 		
NRM4032C:
;__Lib_MathDouble.c,380 :: 		
0x01DE	0xF002C001  	MOVFF       R1, R2
;__Lib_MathDouble.c,381 :: 		
0x01E2	0x6A01      	CLRF        R1, 0
;__Lib_MathDouble.c,382 :: 		
0x01E4	0x0E00      	MOVLW       0
;__Lib_MathDouble.c,383 :: 		
0x01E6	0x860E      	BSF         R14, 3, 0
;__Lib_MathDouble.c,384 :: 		
0x01E8	0x6402      	CPFSGT      R2, 0
;__Lib_MathDouble.c,385 :: 		
0x01EA	0xF001EF1F  	GOTO        NRM40JPRES032
;__Lib_MathDouble.c,388 :: 		
0x01EE	0x0EF0      	MOVLW       240
;__Lib_MathDouble.c,389 :: 		
0x01F0	0x1402      	ANDWF       R2, 0, 0
;__Lib_MathDouble.c,390 :: 		
0x01F2	0xA4D8      	BTFSS       STATUS, 2, 0
;__Lib_MathDouble.c,391 :: 		
0x01F4	0xF000EFFE  	GOTO        NORM4032C
;__Lib_MathDouble.c,392 :: 		
0x01F8	0x3A02      	SWAPF       R2, 1, 0
;__Lib_MathDouble.c,394 :: 		
0x01FA	0x840E      	BSF         R14, 2, 0
;__Lib_MathDouble.c,396 :: 		
NORM4032C:
;__Lib_MathDouble.c,397 :: 		
0x01FC	0x90D8      	BCF         STATUS, 0, 0
;__Lib_MathDouble.c,399 :: 		
0x01FE	0xBE02      	BTFSC       R2, 7, 0
;__Lib_MathDouble.c,400 :: 		
0x0200	0xF000EF6F  	GOTO        TNORMUN4032
;__Lib_MathDouble.c,401 :: 		
0x0204	0x3602      	RLCF        R2, 1, 0
;__Lib_MathDouble.c,402 :: 		
0x0206	0x2A0E      	INCF        R14, 1, 0
;__Lib_MathDouble.c,403 :: 		
0x0208	0xBE02      	BTFSC       R2, 7, 0
;__Lib_MathDouble.c,404 :: 		
0x020A	0xF000EF6F  	GOTO        TNORMUN4032
;__Lib_MathDouble.c,405 :: 		
0x020E	0x3602      	RLCF        R2, 1, 0
;__Lib_MathDouble.c,406 :: 		
0x0210	0x2A0E      	INCF        R14, 1, 0
;__Lib_MathDouble.c,407 :: 		
0x0212	0xBE02      	BTFSC       R2, 7, 0
;__Lib_MathDouble.c,408 :: 		
0x0214	0xF000EF6F  	GOTO        TNORMUN4032
;__Lib_MathDouble.c,409 :: 		
0x0218	0x3602      	RLCF        R2, 1, 0
;__Lib_MathDouble.c,410 :: 		
0x021A	0x2A0E      	INCF        R14, 1, 0
;__Lib_MathDouble.c,411 :: 		
0x021C	0xF000EF6F  	GOTO        TNORMUN4032
;__Lib_MathDouble.c,413 :: 		
NRM40JPSETFUN32:
;__Lib_MathDouble.c,414 :: 		
0x0220	0x0E01      	MOVLW       1
;__Lib_MathDouble.c,415 :: 		
0x0222	0x6E0C      	MOVWF       R12, 0
;__Lib_MathDouble.c,417 :: 		
0x0224	0xDF12      	RCALL       _SETFUN32
;__Lib_MathDouble.c,419 :: 		
0x0226	0xF001EF22  	GOTO        NRM40EEE
;__Lib_MathDouble.c,420 :: 		
NRM40JPFIXSIGN32:
;__Lib_MathDouble.c,421 :: 		
0x022A	0x0E02      	MOVLW       2
;__Lib_MathDouble.c,422 :: 		
0x022C	0x6E0C      	MOVWF       R12, 0
;__Lib_MathDouble.c,424 :: 		
0x022E	0xDEF6      	RCALL       _FIXSIGN32
;__Lib_MathDouble.c,426 :: 		
0x0230	0xF001EF22  	GOTO        NRM40EEE
;__Lib_MathDouble.c,427 :: 		
NRM40JPSETFOV32:
;__Lib_MathDouble.c,428 :: 		
0x0234	0x0E04      	MOVLW       4
;__Lib_MathDouble.c,429 :: 		
0x0236	0x6E0C      	MOVWF       R12, 0
;__Lib_MathDouble.c,431 :: 		
0x0238	0xDEF5      	RCALL       _SETFOV32
;__Lib_MathDouble.c,433 :: 		
0x023A	0xF001EF22  	GOTO        NRM40EEE
;__Lib_MathDouble.c,434 :: 		
NRM40JPRES032:
;__Lib_MathDouble.c,435 :: 		
0x023E	0x0E08      	MOVLW       8
;__Lib_MathDouble.c,436 :: 		
0x0240	0x6E0C      	MOVWF       R12, 0
;__Lib_MathDouble.c,438 :: 		
0x0242	0xDEFC      	RCALL       _RES032
;__Lib_MathDouble.c,440 :: 		
NRM40EEE:
;__Lib_MathDouble.c,448 :: 		
L_end_NRM4032:
0x0244	0x0012      	RETURN      0
; end of _NRM4032
_Div_8X8_U:
;__Lib_Math.c,77 :: 		
;__Lib_Math.c,84 :: 		
0x0246	0x6A08      	CLRF        R8, 0
;__Lib_Math.c,85 :: 		
0x0248	0x0E08      	MOVLW       8
;__Lib_Math.c,86 :: 		
0x024A	0x6E0C      	MOVWF       R12, 0
;__Lib_Math.c,87 :: 		
0x024C	0x3400      	RLCF        R0, 0, 0
;__Lib_Math.c,88 :: 		
0x024E	0x3608      	RLCF        R8, 1, 0
;__Lib_Math.c,89 :: 		
0x0250	0x5004      	MOVF        R4, 0, 0
;__Lib_Math.c,90 :: 		
0x0252	0x5E08      	SUBWF       R8, 1, 0
;__Lib_Math.c,91 :: 		
0x0254	0xB0D8      	BTFSC       STATUS, 0, 0
;__Lib_Math.c,92 :: 		
0x0256	0xD002      	BRA         $+6
;__Lib_Math.c,93 :: 		
0x0258	0x2608      	ADDWF       R8, 1, 0
;__Lib_Math.c,94 :: 		
0x025A	0x90D8      	BCF         STATUS, 0, 0
;__Lib_Math.c,95 :: 		
0x025C	0x3600      	RLCF        R0, 1, 0
;__Lib_Math.c,96 :: 		
0x025E	0x2E0C      	DECFSZ      R12, 1, 0
;__Lib_Math.c,97 :: 		
0x0260	0xD7F5      	BRA         $-20
;__Lib_Math.c,99 :: 		
L_end_Div_8X8_U:
0x0262	0x0012      	RETURN      0
; end of _Div_8X8_U
_Mul_32x32_FP:
;__Lib_MathDouble.c,1130 :: 		
;__Lib_MathDouble.c,1148 :: 		
0x0264	0x6A08      	CLRF        R8, 0
;__Lib_MathDouble.c,1149 :: 		
0x0266	0x6A09      	CLRF        R9, 0
;__Lib_MathDouble.c,1151 :: 		
0x0268	0x0E00      	MOVLW       0
;__Lib_MathDouble.c,1152 :: 		
0x026A	0x6207      	CPFSEQ      R7, 0
;__Lib_MathDouble.c,1153 :: 		
0x026C	0x6403      	CPFSGT      R3, 0
;__Lib_MathDouble.c,1154 :: 		
0x026E	0xF001EFB7  	GOTO        MULJPRES032
;__Lib_MathDouble.c,1157 :: 		
0x0272	0x5002      	MOVF        R2, 0, 0
;__Lib_MathDouble.c,1158 :: 		
0x0274	0x1806      	XORWF       R6, 0, 0
;__Lib_MathDouble.c,1159 :: 		
0x0276	0x6E0A      	MOVWF       R10, 0
;__Lib_MathDouble.c,1161 :: 		
0x0278	0x5007      	MOVF        R7, 0, 0
;__Lib_MathDouble.c,1162 :: 		
0x027A	0x2603      	ADDWF       R3, 1, 0
;__Lib_MathDouble.c,1163 :: 		
0x027C	0x0E7E      	MOVLW       126
;__Lib_MathDouble.c,1164 :: 		
0x027E	0xA0D8      	BTFSS       STATUS, 0, 0
;__Lib_MathDouble.c,1165 :: 		
0x0280	0xF001EF48  	GOTO        MTUN32
;__Lib_MathDouble.c,1167 :: 		
0x0284	0x5E03      	SUBWF       R3, 1, 0
;__Lib_MathDouble.c,1168 :: 		
0x0286	0xB0D8      	BTFSC       STATUS, 0, 0
;__Lib_MathDouble.c,1169 :: 		
0x0288	0xF001EFBB  	GOTO        MULJPSETFOV32
;__Lib_MathDouble.c,1170 :: 		
0x028C	0xF001EF4C  	GOTO        MOK32
;__Lib_MathDouble.c,1172 :: 		
MTUN32:
;__Lib_MathDouble.c,1173 :: 		
0x0290	0x5E03      	SUBWF       R3, 1, 0
;__Lib_MathDouble.c,1174 :: 		
0x0292	0xA0D8      	BTFSS       STATUS, 0, 0
;__Lib_MathDouble.c,1175 :: 		
0x0294	0xF001EFBF  	GOTO        MULJPSETFUN32
;__Lib_MathDouble.c,1177 :: 		
MOK32:
;__Lib_MathDouble.c,1178 :: 		
0x0298	0x8E02      	BSF         R2, 7, 0
;__Lib_MathDouble.c,1179 :: 		
0x029A	0x8E06      	BSF         R6, 7, 0
;__Lib_MathDouble.c,1181 :: 		
0x029C	0xF00EC002  	MOVFF       R2, R14
;__Lib_MathDouble.c,1182 :: 		
0x02A0	0xF00BC001  	MOVFF       R1, R11
;__Lib_MathDouble.c,1183 :: 		
0x02A4	0xF00DC000  	MOVFF       R0, R13
;__Lib_MathDouble.c,1185 :: 		
0x02A8	0x5000      	MOVF        R0, 0, 0
;__Lib_MathDouble.c,1186 :: 		
0x02AA	0x0204      	MULWF       R4, 0
;__Lib_MathDouble.c,1187 :: 		
0x02AC	0xF00CCFF4  	MOVFF       PRODH, R12
;__Lib_MathDouble.c,1189 :: 		
0x02B0	0x5001      	MOVF        R1, 0, 0
;__Lib_MathDouble.c,1190 :: 		
0x02B2	0x0205      	MULWF       R5, 0
;__Lib_MathDouble.c,1191 :: 		
0x02B4	0xF000CFF4  	MOVFF       PRODH, R0
;__Lib_MathDouble.c,1192 :: 		
0x02B8	0xF008CFF3  	MOVFF       PRODL, R8
;__Lib_MathDouble.c,1194 :: 		
0x02BC	0x0204      	MULWF       R4, 0
;__Lib_MathDouble.c,1195 :: 		
0x02BE	0x50F3      	MOVF        PRODL, 0, 0
;__Lib_MathDouble.c,1196 :: 		
0x02C0	0x260C      	ADDWF       R12, 1, 0
;__Lib_MathDouble.c,1197 :: 		
0x02C2	0x50F4      	MOVF        PRODH, 0, 0
;__Lib_MathDouble.c,1198 :: 		
0x02C4	0x2208      	ADDWFC      R8, 1, 0
;__Lib_MathDouble.c,1199 :: 		
0x02C6	0x0E00      	MOVLW       0
;__Lib_MathDouble.c,1200 :: 		
0x02C8	0x2200      	ADDWFC      R0, 1, 0
;__Lib_MathDouble.c,1202 :: 		
0x02CA	0x500D      	MOVF        R13, 0, 0
;__Lib_MathDouble.c,1203 :: 		
0x02CC	0x0205      	MULWF       R5, 0
;__Lib_MathDouble.c,1204 :: 		
0x02CE	0x50F3      	MOVF        PRODL, 0, 0
;__Lib_MathDouble.c,1205 :: 		
0x02D0	0x260C      	ADDWF       R12, 1, 0
;__Lib_MathDouble.c,1206 :: 		
0x02D2	0x50F4      	MOVF        PRODH, 0, 0
;__Lib_MathDouble.c,1207 :: 		
0x02D4	0x2208      	ADDWFC      R8, 1, 0
;__Lib_MathDouble.c,1208 :: 		
0x02D6	0x0E00      	MOVLW       0
;__Lib_MathDouble.c,1209 :: 		
0x02D8	0x2200      	ADDWFC      R0, 1, 0
;__Lib_MathDouble.c,1211 :: 		
0x02DA	0x5002      	MOVF        R2, 0, 0
;__Lib_MathDouble.c,1212 :: 		
0x02DC	0x0204      	MULWF       R4, 0
;__Lib_MathDouble.c,1213 :: 		
0x02DE	0x50F3      	MOVF        PRODL, 0, 0
;__Lib_MathDouble.c,1214 :: 		
0x02E0	0x2608      	ADDWF       R8, 1, 0
;__Lib_MathDouble.c,1215 :: 		
0x02E2	0x50F4      	MOVF        PRODH, 0, 0
;__Lib_MathDouble.c,1216 :: 		
0x02E4	0x2200      	ADDWFC      R0, 1, 0
;__Lib_MathDouble.c,1217 :: 		
0x02E6	0x5002      	MOVF        R2, 0, 0
;__Lib_MathDouble.c,1218 :: 		
0x02E8	0x0205      	MULWF       R5, 0
;__Lib_MathDouble.c,1219 :: 		
0x02EA	0x6A01      	CLRF        R1, 0
;__Lib_MathDouble.c,1220 :: 		
0x02EC	0x0E00      	MOVLW       0
;__Lib_MathDouble.c,1221 :: 		
0x02EE	0x2201      	ADDWFC      R1, 1, 0
;__Lib_MathDouble.c,1222 :: 		
0x02F0	0x50F3      	MOVF        PRODL, 0, 0
;__Lib_MathDouble.c,1223 :: 		
0x02F2	0x2600      	ADDWF       R0, 1, 0
;__Lib_MathDouble.c,1224 :: 		
0x02F4	0x50F4      	MOVF        PRODH, 0, 0
;__Lib_MathDouble.c,1225 :: 		
0x02F6	0x2201      	ADDWFC      R1, 1, 0
;__Lib_MathDouble.c,1227 :: 		
0x02F8	0x500D      	MOVF        R13, 0, 0
;__Lib_MathDouble.c,1228 :: 		
0x02FA	0x0206      	MULWF       R6, 0
;__Lib_MathDouble.c,1229 :: 		
0x02FC	0x50F3      	MOVF        PRODL, 0, 0
;__Lib_MathDouble.c,1230 :: 		
0x02FE	0x2608      	ADDWF       R8, 1, 0
;__Lib_MathDouble.c,1231 :: 		
0x0300	0x50F4      	MOVF        PRODH, 0, 0
;__Lib_MathDouble.c,1232 :: 		
0x0302	0x2200      	ADDWFC      R0, 1, 0
;__Lib_MathDouble.c,1233 :: 		
0x0304	0x6A02      	CLRF        R2, 0
;__Lib_MathDouble.c,1234 :: 		
0x0306	0x0E00      	MOVLW       0
;__Lib_MathDouble.c,1235 :: 		
0x0308	0x2201      	ADDWFC      R1, 1, 0
;__Lib_MathDouble.c,1236 :: 		
0x030A	0x2202      	ADDWFC      R2, 1, 0
;__Lib_MathDouble.c,1238 :: 		
0x030C	0x500B      	MOVF        R11, 0, 0
;__Lib_MathDouble.c,1239 :: 		
0x030E	0x0206      	MULWF       R6, 0
;__Lib_MathDouble.c,1240 :: 		
0x0310	0x50F3      	MOVF        PRODL, 0, 0
;__Lib_MathDouble.c,1241 :: 		
0x0312	0x2600      	ADDWF       R0, 1, 0
;__Lib_MathDouble.c,1242 :: 		
0x0314	0x50F4      	MOVF        PRODH, 0, 0
;__Lib_MathDouble.c,1243 :: 		
0x0316	0x2201      	ADDWFC      R1, 1, 0
;__Lib_MathDouble.c,1244 :: 		
0x0318	0x0E00      	MOVLW       0
;__Lib_MathDouble.c,1245 :: 		
0x031A	0x2202      	ADDWFC      R2, 1, 0
;__Lib_MathDouble.c,1247 :: 		
0x031C	0x500E      	MOVF        R14, 0, 0
;__Lib_MathDouble.c,1248 :: 		
0x031E	0x0206      	MULWF       R6, 0
;__Lib_MathDouble.c,1249 :: 		
0x0320	0x50F3      	MOVF        PRODL, 0, 0
;__Lib_MathDouble.c,1250 :: 		
0x0322	0x2601      	ADDWF       R1, 1, 0
;__Lib_MathDouble.c,1251 :: 		
0x0324	0x50F4      	MOVF        PRODH, 0, 0
;__Lib_MathDouble.c,1252 :: 		
0x0326	0x2202      	ADDWFC      R2, 1, 0
;__Lib_MathDouble.c,1254 :: 		
0x0328	0xBE02      	BTFSC       R2, 7, 0
;__Lib_MathDouble.c,1255 :: 		
0x032A	0xF001EF9F  	GOTO        MROUND32
;__Lib_MathDouble.c,1256 :: 		
0x032E	0x3608      	RLCF        R8, 1, 0
;__Lib_MathDouble.c,1257 :: 		
0x0330	0x3600      	RLCF        R0, 1, 0
;__Lib_MathDouble.c,1258 :: 		
0x0332	0x3601      	RLCF        R1, 1, 0
;__Lib_MathDouble.c,1259 :: 		
0x0334	0x3602      	RLCF        R2, 1, 0
;__Lib_MathDouble.c,1260 :: 		
0x0336	0x0603      	DECF        R3, 1, 0
;__Lib_MathDouble.c,1261 :: 		
0x0338	0xB4D8      	BTFSC       STATUS, 2, 0
;__Lib_MathDouble.c,1262 :: 		
0x033A	0xF001EFBF  	GOTO        MULJPSETFUN32
;__Lib_MathDouble.c,1264 :: 		
MROUND32:
;__Lib_MathDouble.c,1267 :: 		
0x033E	0xF001EFB2  	GOTO        MUL32OK
;__Lib_MathDouble.c,1268 :: 		
0x0342	0x80D8      	BSF         STATUS, 0, 0
;__Lib_MathDouble.c,1269 :: 		
0x0344	0x0E80      	MOVLW       128
;__Lib_MathDouble.c,1270 :: 		
0x0346	0x6408      	CPFSGT      R8, 0
;__Lib_MathDouble.c,1271 :: 		
0x0348	0x3000      	RRCF        R0, 0, 0
;__Lib_MathDouble.c,1272 :: 		
0x034A	0x0E00      	MOVLW       0
;__Lib_MathDouble.c,1273 :: 		
0x034C	0x2200      	ADDWFC      R0, 1, 0
;__Lib_MathDouble.c,1274 :: 		
0x034E	0x2201      	ADDWFC      R1, 1, 0
;__Lib_MathDouble.c,1275 :: 		
0x0350	0x2202      	ADDWFC      R2, 1, 0
;__Lib_MathDouble.c,1277 :: 		
0x0352	0xA0D8      	BTFSS       STATUS, 0, 0
;__Lib_MathDouble.c,1278 :: 		
0x0354	0xF001EFB2  	GOTO        MUL32OK
;__Lib_MathDouble.c,1279 :: 		
0x0358	0x3202      	RRCF        R2, 1, 0
;__Lib_MathDouble.c,1280 :: 		
0x035A	0x3201      	RRCF        R1, 1, 0
;__Lib_MathDouble.c,1281 :: 		
0x035C	0x3200      	RRCF        R0, 1, 0
;__Lib_MathDouble.c,1282 :: 		
0x035E	0x4A03      	INFSNZ      R3, 1, 0
;__Lib_MathDouble.c,1283 :: 		
0x0360	0xF001EFBB  	GOTO        MULJPSETFOV32
;__Lib_MathDouble.c,1285 :: 		
MUL32OK:
;__Lib_MathDouble.c,1286 :: 		
0x0364	0xAE0A      	BTFSS       R10, 7, 0
;__Lib_MathDouble.c,1287 :: 		
0x0366	0x9E02      	BCF         R2, 7, 0
;__Lib_MathDouble.c,1289 :: 		
0x0368	0x0E00      	MOVLW       0
;__Lib_MathDouble.c,1290 :: 		
0x036A	0xF001EFC1  	GOTO        MULEEE
;__Lib_MathDouble.c,1291 :: 		
MULJPRES032:
;__Lib_MathDouble.c,1292 :: 		
0x036E	0x0E01      	MOVLW       1
;__Lib_MathDouble.c,1295 :: 		
0x0370	0xDE65      	RCALL       _RES032
;__Lib_MathDouble.c,1297 :: 		
0x0372	0xF001EFC1  	GOTO        MULEEE
;__Lib_MathDouble.c,1298 :: 		
MULJPSETFOV32:
;__Lib_MathDouble.c,1299 :: 		
0x0376	0x0E02      	MOVLW       2
;__Lib_MathDouble.c,1302 :: 		
0x0378	0xDE55      	RCALL       _SETFOV32
;__Lib_MathDouble.c,1304 :: 		
0x037A	0xF001EFC1  	GOTO        MULEEE
;__Lib_MathDouble.c,1305 :: 		
MULJPSETFUN32:
;__Lib_MathDouble.c,1306 :: 		
0x037E	0x0E04      	MOVLW       4
;__Lib_MathDouble.c,1309 :: 		
0x0380	0xDE64      	RCALL       _SETFUN32
;__Lib_MathDouble.c,1311 :: 		
MULEEE:
;__Lib_MathDouble.c,1318 :: 		
L_end_Mul_32x32_FP:
0x0382	0x0012      	RETURN      0
; end of _Mul_32x32_FP
_SETFDZ32:
;__Lib_MathDouble.c,106 :: 		
;__Lib_MathDouble.c,110 :: 		
0x0384	0x6A0B      	CLRF        R11, 0
;__Lib_MathDouble.c,111 :: 		
0x0386	0x860B      	BSF         R11, 3, 0
;__Lib_MathDouble.c,112 :: 		
0x0388	0x0EFF      	MOVLW       255
;__Lib_MathDouble.c,114 :: 		
L_end_SETFDZ32:
0x038A	0x0012      	RETURN      0
; end of _SETFDZ32
_Add_32x32_FP:
;__Lib_MathDouble.c,563 :: 		
;__Lib_MathDouble.c,578 :: 		
0x038C	0x5002      	MOVF        R2, 0, 0
;__Lib_MathDouble.c,579 :: 		
0x038E	0x1806      	XORWF       R6, 0, 0
;__Lib_MathDouble.c,580 :: 		
0x0390	0x6E0E      	MOVWF       R14, 0
;__Lib_MathDouble.c,582 :: 		
0x0392	0x6A08      	CLRF        R8, 0
;__Lib_MathDouble.c,583 :: 		
0x0394	0x6A09      	CLRF        R9, 0
;__Lib_MathDouble.c,584 :: 		
0x0396	0x6A0B      	CLRF        R11, 0
;__Lib_MathDouble.c,586 :: 		
0x0398	0x5003      	MOVF        R3, 0, 0
;__Lib_MathDouble.c,587 :: 		
0x039A	0x6407      	CPFSGT      R7, 0
;__Lib_MathDouble.c,588 :: 		
0x039C	0xF002EFB9  	GOTO        USEA32
;__Lib_MathDouble.c,591 :: 		
0x03A0	0x5006      	MOVF        R6, 0, 0
;__Lib_MathDouble.c,592 :: 		
0x03A2	0x6E0A      	MOVWF       R10, 0
;__Lib_MathDouble.c,593 :: 		
0x03A4	0x8E06      	BSF         R6, 7, 0
;__Lib_MathDouble.c,594 :: 		
0x03A6	0x8E02      	BSF         R2, 7, 0
;__Lib_MathDouble.c,596 :: 		
0x03A8	0x5003      	MOVF        R3, 0, 0
;__Lib_MathDouble.c,597 :: 		
0x03AA	0x6E0B      	MOVWF       R11, 0
;__Lib_MathDouble.c,598 :: 		
0x03AC	0x5007      	MOVF        R7, 0, 0
;__Lib_MathDouble.c,599 :: 		
0x03AE	0x6E03      	MOVWF       R3, 0
;__Lib_MathDouble.c,601 :: 		
0x03B0	0x0E00      	MOVLW       0
;__Lib_MathDouble.c,602 :: 		
0x03B2	0x640B      	CPFSGT      R11, 0
;__Lib_MathDouble.c,603 :: 		
0x03B4	0xF002EF09  	GOTO        BRETURN32
;__Lib_MathDouble.c,604 :: 		
0x03B8	0x500B      	MOVF        R11, 0, 0
;__Lib_MathDouble.c,605 :: 		
0x03BA	0x5E07      	SUBWF       R7, 1, 0
;__Lib_MathDouble.c,606 :: 		
0x03BC	0xB4D8      	BTFSC       STATUS, 2, 0
;__Lib_MathDouble.c,607 :: 		
0x03BE	0xF002EFAA  	GOTO        BLIGNED32
;__Lib_MathDouble.c,609 :: 		
0x03C2	0x0E07      	MOVLW       7
;__Lib_MathDouble.c,610 :: 		
0x03C4	0x6407      	CPFSGT      R7, 0
;__Lib_MathDouble.c,611 :: 		
0x03C6	0xF002EF78  	GOTO        BNIB32
;__Lib_MathDouble.c,613 :: 		
0x03CA	0x5E07      	SUBWF       R7, 1, 0
;__Lib_MathDouble.c,614 :: 		
0x03CC	0xF008C000  	MOVFF       R0, R8
;__Lib_MathDouble.c,615 :: 		
0x03D0	0xF000C001  	MOVFF       R1, R0
;__Lib_MathDouble.c,616 :: 		
0x03D4	0xF001C002  	MOVFF       R2, R1
;__Lib_MathDouble.c,617 :: 		
0x03D8	0x6A02      	CLRF        R2, 0
;__Lib_MathDouble.c,618 :: 		
0x03DA	0x4E07      	DCFSNZ      R7, 1, 0
;__Lib_MathDouble.c,619 :: 		
0x03DC	0xF002EFAA  	GOTO        BLIGNED32
;__Lib_MathDouble.c,621 :: 		
0x03E0	0x6407      	CPFSGT      R7, 0
;__Lib_MathDouble.c,622 :: 		
0x03E2	0xF002EF4D  	GOTO        BNIB32A
;__Lib_MathDouble.c,623 :: 		
0x03E6	0x5E07      	SUBWF       R7, 1, 0
;__Lib_MathDouble.c,624 :: 		
0x03E8	0xF008C000  	MOVFF       R0, R8
;__Lib_MathDouble.c,625 :: 		
0x03EC	0xF000C001  	MOVFF       R1, R0
;__Lib_MathDouble.c,626 :: 		
0x03F0	0x6A01      	CLRF        R1, 0
;__Lib_MathDouble.c,627 :: 		
0x03F2	0x4E07      	DCFSNZ      R7, 1, 0
;__Lib_MathDouble.c,628 :: 		
0x03F4	0xF002EFAA  	GOTO        BLIGNED32
;__Lib_MathDouble.c,630 :: 		
0x03F8	0x6407      	CPFSGT      R7, 0
;__Lib_MathDouble.c,631 :: 		
0x03FA	0xF002EF2B  	GOTO        BNIB32B
;__Lib_MathDouble.c,632 :: 		
0x03FE	0x5E07      	SUBWF       R7, 1, 0
;__Lib_MathDouble.c,633 :: 		
0x0400	0xF008C000  	MOVFF       R0, R8
;__Lib_MathDouble.c,634 :: 		
0x0404	0x6A00      	CLRF        R0, 0
;__Lib_MathDouble.c,635 :: 		
0x0406	0x4E07      	DCFSNZ      R7, 1, 0
;__Lib_MathDouble.c,636 :: 		
0x0408	0xF002EFAA  	GOTO        BLIGNED32
;__Lib_MathDouble.c,638 :: 		
0x040C	0x6407      	CPFSGT      R7, 0
;__Lib_MathDouble.c,639 :: 		
0x040E	0xF002EF12  	GOTO        BNIB32C
;__Lib_MathDouble.c,641 :: 		
BRETURN32:
;__Lib_MathDouble.c,642 :: 		
0x0412	0xF002C00A  	MOVFF       R10, R2
;__Lib_MathDouble.c,643 :: 		
0x0416	0xF001C005  	MOVFF       R5, R1
;__Lib_MathDouble.c,644 :: 		
0x041A	0xF000C004  	MOVFF       R4, R0
;__Lib_MathDouble.c,645 :: 		
0x041E	0x6A08      	CLRF        R8, 0
;__Lib_MathDouble.c,646 :: 		
0x0420	0xF003EFD3  	GOTO        ADDEOK
;__Lib_MathDouble.c,648 :: 		
BNIB32C:
;__Lib_MathDouble.c,649 :: 		
0x0424	0x0E03      	MOVLW       3
;__Lib_MathDouble.c,650 :: 		
0x0426	0x6407      	CPFSGT      R7, 0
;__Lib_MathDouble.c,651 :: 		
0x0428	0xF002EF1D  	GOTO        BLOOP32C
;__Lib_MathDouble.c,652 :: 		
0x042C	0x5E07      	SUBWF       R7, 1, 0
;__Lib_MathDouble.c,653 :: 		
0x042E	0x3808      	SWAPF       R8, 0, 0
;__Lib_MathDouble.c,654 :: 		
0x0430	0x0B0F      	ANDLW       15
;__Lib_MathDouble.c,655 :: 		
0x0432	0x6E08      	MOVWF       R8, 0
;__Lib_MathDouble.c,656 :: 		
0x0434	0x4E07      	DCFSNZ      R7, 1, 0
;__Lib_MathDouble.c,657 :: 		
0x0436	0xF002EFAA  	GOTO        BLIGNED32
;__Lib_MathDouble.c,659 :: 		
BLOOP32C:
;__Lib_MathDouble.c,660 :: 		
0x043A	0x90D8      	BCF         STATUS, 0, 0
;__Lib_MathDouble.c,661 :: 		
0x043C	0x3208      	RRCF        R8, 1, 0
;__Lib_MathDouble.c,662 :: 		
0x043E	0x4E07      	DCFSNZ      R7, 1, 0
;__Lib_MathDouble.c,663 :: 		
0x0440	0xF002EFAA  	GOTO        BLIGNED32
;__Lib_MathDouble.c,664 :: 		
0x0444	0x90D8      	BCF         STATUS, 0, 0
;__Lib_MathDouble.c,665 :: 		
0x0446	0x3208      	RRCF        R8, 1, 0
;__Lib_MathDouble.c,666 :: 		
0x0448	0x4E07      	DCFSNZ      R7, 1, 0
;__Lib_MathDouble.c,667 :: 		
0x044A	0xF002EFAA  	GOTO        BLIGNED32
;__Lib_MathDouble.c,668 :: 		
0x044E	0x90D8      	BCF         STATUS, 0, 0
;__Lib_MathDouble.c,669 :: 		
0x0450	0x3208      	RRCF        R8, 1, 0
;__Lib_MathDouble.c,670 :: 		
0x0452	0xF002EFAA  	GOTO        BLIGNED32
;__Lib_MathDouble.c,672 :: 		
BNIB32B:
;__Lib_MathDouble.c,673 :: 		
0x0456	0x0E03      	MOVLW       3
;__Lib_MathDouble.c,674 :: 		
0x0458	0x6407      	CPFSGT      R7, 0
;__Lib_MathDouble.c,675 :: 		
0x045A	0xF002EF3C  	GOTO        BLOOP32B
;__Lib_MathDouble.c,676 :: 		
0x045E	0x5E07      	SUBWF       R7, 1, 0
;__Lib_MathDouble.c,677 :: 		
0x0460	0x3808      	SWAPF       R8, 0, 0
;__Lib_MathDouble.c,678 :: 		
0x0462	0x0B0F      	ANDLW       15
;__Lib_MathDouble.c,679 :: 		
0x0464	0x6E08      	MOVWF       R8, 0
;__Lib_MathDouble.c,680 :: 		
0x0466	0x3800      	SWAPF       R0, 0, 0
;__Lib_MathDouble.c,681 :: 		
0x0468	0x0BF0      	ANDLW       240
;__Lib_MathDouble.c,682 :: 		
0x046A	0x2608      	ADDWF       R8, 1, 0
;__Lib_MathDouble.c,683 :: 		
0x046C	0x3800      	SWAPF       R0, 0, 0
;__Lib_MathDouble.c,684 :: 		
0x046E	0x0B0F      	ANDLW       15
;__Lib_MathDouble.c,685 :: 		
0x0470	0x6E00      	MOVWF       R0, 0
;__Lib_MathDouble.c,686 :: 		
0x0472	0x4E07      	DCFSNZ      R7, 1, 0
;__Lib_MathDouble.c,687 :: 		
0x0474	0xF002EFAA  	GOTO        BLIGNED32
;__Lib_MathDouble.c,689 :: 		
BLOOP32B:
;__Lib_MathDouble.c,690 :: 		
0x0478	0x90D8      	BCF         STATUS, 0, 0
;__Lib_MathDouble.c,691 :: 		
0x047A	0x3200      	RRCF        R0, 1, 0
;__Lib_MathDouble.c,692 :: 		
0x047C	0x3208      	RRCF        R8, 1, 0
;__Lib_MathDouble.c,693 :: 		
0x047E	0x4E07      	DCFSNZ      R7, 1, 0
;__Lib_MathDouble.c,694 :: 		
0x0480	0xF002EFAA  	GOTO        BLIGNED32
;__Lib_MathDouble.c,695 :: 		
0x0484	0x90D8      	BCF         STATUS, 0, 0
;__Lib_MathDouble.c,696 :: 		
0x0486	0x3200      	RRCF        R0, 1, 0
;__Lib_MathDouble.c,697 :: 		
0x0488	0x3208      	RRCF        R8, 1, 0
;__Lib_MathDouble.c,698 :: 		
0x048A	0x4E07      	DCFSNZ      R7, 1, 0
;__Lib_MathDouble.c,699 :: 		
0x048C	0xF002EFAA  	GOTO        BLIGNED32
;__Lib_MathDouble.c,700 :: 		
0x0490	0x90D8      	BCF         STATUS, 0, 0
;__Lib_MathDouble.c,701 :: 		
0x0492	0x3200      	RRCF        R0, 1, 0
;__Lib_MathDouble.c,702 :: 		
0x0494	0x3208      	RRCF        R8, 1, 0
;__Lib_MathDouble.c,703 :: 		
0x0496	0xF002EFAA  	GOTO        BLIGNED32
;__Lib_MathDouble.c,705 :: 		
BNIB32A:
;__Lib_MathDouble.c,706 :: 		
0x049A	0x0E03      	MOVLW       3
;__Lib_MathDouble.c,707 :: 		
0x049C	0x6407      	CPFSGT      R7, 0
;__Lib_MathDouble.c,708 :: 		
0x049E	0xF002EF64  	GOTO        BLOOP32A
;__Lib_MathDouble.c,709 :: 		
0x04A2	0x5E07      	SUBWF       R7, 1, 0
;__Lib_MathDouble.c,710 :: 		
0x04A4	0x3808      	SWAPF       R8, 0, 0
;__Lib_MathDouble.c,711 :: 		
0x04A6	0x0B0F      	ANDLW       15
;__Lib_MathDouble.c,712 :: 		
0x04A8	0x6E08      	MOVWF       R8, 0
;__Lib_MathDouble.c,713 :: 		
0x04AA	0x3800      	SWAPF       R0, 0, 0
;__Lib_MathDouble.c,714 :: 		
0x04AC	0x0BF0      	ANDLW       240
;__Lib_MathDouble.c,715 :: 		
0x04AE	0x2608      	ADDWF       R8, 1, 0
;__Lib_MathDouble.c,716 :: 		
0x04B0	0x3800      	SWAPF       R0, 0, 0
;__Lib_MathDouble.c,717 :: 		
0x04B2	0x0B0F      	ANDLW       15
;__Lib_MathDouble.c,718 :: 		
0x04B4	0x6E00      	MOVWF       R0, 0
;__Lib_MathDouble.c,719 :: 		
0x04B6	0x3801      	SWAPF       R1, 0, 0
;__Lib_MathDouble.c,720 :: 		
0x04B8	0x0BF0      	ANDLW       240
;__Lib_MathDouble.c,721 :: 		
0x04BA	0x2600      	ADDWF       R0, 1, 0
;__Lib_MathDouble.c,722 :: 		
0x04BC	0x3801      	SWAPF       R1, 0, 0
;__Lib_MathDouble.c,723 :: 		
0x04BE	0x0B0F      	ANDLW       15
;__Lib_MathDouble.c,724 :: 		
0x04C0	0x6E01      	MOVWF       R1, 0
;__Lib_MathDouble.c,725 :: 		
0x04C2	0x4E07      	DCFSNZ      R7, 1, 0
;__Lib_MathDouble.c,726 :: 		
0x04C4	0xF002EFAA  	GOTO        BLIGNED32
;__Lib_MathDouble.c,728 :: 		
BLOOP32A:
;__Lib_MathDouble.c,729 :: 		
0x04C8	0x90D8      	BCF         STATUS, 0, 0
;__Lib_MathDouble.c,730 :: 		
0x04CA	0x3201      	RRCF        R1, 1, 0
;__Lib_MathDouble.c,731 :: 		
0x04CC	0x3200      	RRCF        R0, 1, 0
;__Lib_MathDouble.c,732 :: 		
0x04CE	0x3208      	RRCF        R8, 1, 0
;__Lib_MathDouble.c,733 :: 		
0x04D0	0x4E07      	DCFSNZ      R7, 1, 0
;__Lib_MathDouble.c,734 :: 		
0x04D2	0xF002EFAA  	GOTO        BLIGNED32
;__Lib_MathDouble.c,735 :: 		
0x04D6	0x90D8      	BCF         STATUS, 0, 0
;__Lib_MathDouble.c,736 :: 		
0x04D8	0x3201      	RRCF        R1, 1, 0
;__Lib_MathDouble.c,737 :: 		
0x04DA	0x3200      	RRCF        R0, 1, 0
;__Lib_MathDouble.c,738 :: 		
0x04DC	0x3208      	RRCF        R8, 1, 0
;__Lib_MathDouble.c,739 :: 		
0x04DE	0x4E07      	DCFSNZ      R7, 1, 0
;__Lib_MathDouble.c,740 :: 		
0x04E0	0xF002EFAA  	GOTO        BLIGNED32
;__Lib_MathDouble.c,741 :: 		
0x04E4	0x90D8      	BCF         STATUS, 0, 0
;__Lib_MathDouble.c,742 :: 		
0x04E6	0x3201      	RRCF        R1, 1, 0
;__Lib_MathDouble.c,743 :: 		
0x04E8	0x3200      	RRCF        R0, 1, 0
;__Lib_MathDouble.c,744 :: 		
0x04EA	0x3208      	RRCF        R8, 1, 0
;__Lib_MathDouble.c,745 :: 		
0x04EC	0xF002EFAA  	GOTO        BLIGNED32
;__Lib_MathDouble.c,747 :: 		
BNIB32:
;__Lib_MathDouble.c,748 :: 		
0x04F0	0x0E03      	MOVLW       3
;__Lib_MathDouble.c,749 :: 		
0x04F2	0x6407      	CPFSGT      R7, 0
;__Lib_MathDouble.c,750 :: 		
0x04F4	0xF002EF95  	GOTO        BLOOP32
;__Lib_MathDouble.c,751 :: 		
0x04F8	0x5E07      	SUBWF       R7, 1, 0
;__Lib_MathDouble.c,752 :: 		
0x04FA	0x3808      	SWAPF       R8, 0, 0
;__Lib_MathDouble.c,753 :: 		
0x04FC	0x0B0F      	ANDLW       15
;__Lib_MathDouble.c,754 :: 		
0x04FE	0x6E08      	MOVWF       R8, 0
;__Lib_MathDouble.c,755 :: 		
0x0500	0x3800      	SWAPF       R0, 0, 0
;__Lib_MathDouble.c,756 :: 		
0x0502	0x0BF0      	ANDLW       240
;__Lib_MathDouble.c,757 :: 		
0x0504	0x2608      	ADDWF       R8, 1, 0
;__Lib_MathDouble.c,758 :: 		
0x0506	0x3800      	SWAPF       R0, 0, 0
;__Lib_MathDouble.c,759 :: 		
0x0508	0x0B0F      	ANDLW       15
;__Lib_MathDouble.c,760 :: 		
0x050A	0x6E00      	MOVWF       R0, 0
;__Lib_MathDouble.c,761 :: 		
0x050C	0x3801      	SWAPF       R1, 0, 0
;__Lib_MathDouble.c,762 :: 		
0x050E	0x0BF0      	ANDLW       240
;__Lib_MathDouble.c,763 :: 		
0x0510	0x2600      	ADDWF       R0, 1, 0
;__Lib_MathDouble.c,764 :: 		
0x0512	0x3801      	SWAPF       R1, 0, 0
;__Lib_MathDouble.c,765 :: 		
0x0514	0x0B0F      	ANDLW       15
;__Lib_MathDouble.c,766 :: 		
0x0516	0x6E01      	MOVWF       R1, 0
;__Lib_MathDouble.c,767 :: 		
0x0518	0x3802      	SWAPF       R2, 0, 0
;__Lib_MathDouble.c,768 :: 		
0x051A	0x0BF0      	ANDLW       240
;__Lib_MathDouble.c,769 :: 		
0x051C	0x2601      	ADDWF       R1, 1, 0
;__Lib_MathDouble.c,770 :: 		
0x051E	0x3802      	SWAPF       R2, 0, 0
;__Lib_MathDouble.c,771 :: 		
0x0520	0x0B0F      	ANDLW       15
;__Lib_MathDouble.c,772 :: 		
0x0522	0x6E02      	MOVWF       R2, 0
;__Lib_MathDouble.c,773 :: 		
0x0524	0x4E07      	DCFSNZ      R7, 1, 0
;__Lib_MathDouble.c,774 :: 		
0x0526	0xF002EFAA  	GOTO        BLIGNED32
;__Lib_MathDouble.c,776 :: 		
BLOOP32:
;__Lib_MathDouble.c,777 :: 		
0x052A	0x90D8      	BCF         STATUS, 0, 0
;__Lib_MathDouble.c,778 :: 		
0x052C	0x3202      	RRCF        R2, 1, 0
;__Lib_MathDouble.c,779 :: 		
0x052E	0x3201      	RRCF        R1, 1, 0
;__Lib_MathDouble.c,780 :: 		
0x0530	0x3200      	RRCF        R0, 1, 0
;__Lib_MathDouble.c,781 :: 		
0x0532	0x3208      	RRCF        R8, 1, 0
;__Lib_MathDouble.c,782 :: 		
0x0534	0x4E07      	DCFSNZ      R7, 1, 0
;__Lib_MathDouble.c,783 :: 		
0x0536	0xF002EFAA  	GOTO        BLIGNED32
;__Lib_MathDouble.c,784 :: 		
0x053A	0x90D8      	BCF         STATUS, 0, 0
;__Lib_MathDouble.c,785 :: 		
0x053C	0x3202      	RRCF        R2, 1, 0
;__Lib_MathDouble.c,786 :: 		
0x053E	0x3201      	RRCF        R1, 1, 0
;__Lib_MathDouble.c,787 :: 		
0x0540	0x3200      	RRCF        R0, 1, 0
;__Lib_MathDouble.c,788 :: 		
0x0542	0x3208      	RRCF        R8, 1, 0
;__Lib_MathDouble.c,789 :: 		
0x0544	0x4E07      	DCFSNZ      R7, 1, 0
;__Lib_MathDouble.c,790 :: 		
0x0546	0xF002EFAA  	GOTO        BLIGNED32
;__Lib_MathDouble.c,791 :: 		
0x054A	0x90D8      	BCF         STATUS, 0, 0
;__Lib_MathDouble.c,792 :: 		
0x054C	0x3202      	RRCF        R2, 1, 0
;__Lib_MathDouble.c,793 :: 		
0x054E	0x3201      	RRCF        R1, 1, 0
;__Lib_MathDouble.c,794 :: 		
0x0550	0x3200      	RRCF        R0, 1, 0
;__Lib_MathDouble.c,795 :: 		
0x0552	0x3208      	RRCF        R8, 1, 0
;__Lib_MathDouble.c,797 :: 		
BLIGNED32:
;__Lib_MathDouble.c,798 :: 		
0x0554	0x6A09      	CLRF        R9, 0
;__Lib_MathDouble.c,799 :: 		
0x0556	0x0E00      	MOVLW       0
;__Lib_MathDouble.c,800 :: 		
0x0558	0xAE0E      	BTFSS       R14, 7, 0
;__Lib_MathDouble.c,801 :: 		
0x055A	0xF003EF9E  	GOTO        AOK32
;__Lib_MathDouble.c,802 :: 		
0x055E	0x1E08      	COMF        R8, 1, 0
;__Lib_MathDouble.c,803 :: 		
0x0560	0x1E00      	COMF        R0, 1, 0
;__Lib_MathDouble.c,804 :: 		
0x0562	0x1E01      	COMF        R1, 1, 0
;__Lib_MathDouble.c,805 :: 		
0x0564	0x1E02      	COMF        R2, 1, 0
;__Lib_MathDouble.c,806 :: 		
0x0566	0x2A08      	INCF        R8, 1, 0
;__Lib_MathDouble.c,807 :: 		
0x0568	0x2200      	ADDWFC      R0, 1, 0
;__Lib_MathDouble.c,808 :: 		
0x056A	0x2201      	ADDWFC      R1, 1, 0
;__Lib_MathDouble.c,809 :: 		
0x056C	0x2202      	ADDWFC      R2, 1, 0
;__Lib_MathDouble.c,810 :: 		
0x056E	0xF003EF9E  	GOTO        AOK32
;__Lib_MathDouble.c,812 :: 		
USEA32:
;__Lib_MathDouble.c,813 :: 		
0x0572	0x5007      	MOVF        R7, 0, 0
;__Lib_MathDouble.c,814 :: 		
0x0574	0xA4D8      	BTFSS       STATUS, 2, 0
;__Lib_MathDouble.c,815 :: 		
0x0576	0xF002EFBF  	GOTO        BNE032
;__Lib_MathDouble.c,816 :: 		
0x057A	0xF003EFD3  	GOTO        ADDEOK
;__Lib_MathDouble.c,818 :: 		
BNE032:
;__Lib_MathDouble.c,819 :: 		
0x057E	0x6A09      	CLRF        R9, 0
;__Lib_MathDouble.c,820 :: 		
0x0580	0xF00AC002  	MOVFF       R2, R10
;__Lib_MathDouble.c,821 :: 		
0x0584	0x8E02      	BSF         R2, 7, 0
;__Lib_MathDouble.c,822 :: 		
0x0586	0x8E06      	BSF         R6, 7, 0
;__Lib_MathDouble.c,824 :: 		
0x0588	0x5007      	MOVF        R7, 0, 0
;__Lib_MathDouble.c,825 :: 		
0x058A	0x5C03      	SUBWF       R3, 0, 0
;__Lib_MathDouble.c,826 :: 		
0x058C	0x6E07      	MOVWF       R7, 0
;__Lib_MathDouble.c,827 :: 		
0x058E	0xB4D8      	BTFSC       STATUS, 2, 0
;__Lib_MathDouble.c,828 :: 		
0x0590	0xF003EF91  	GOTO        ALIGNED32
;__Lib_MathDouble.c,830 :: 		
0x0594	0x0E07      	MOVLW       7
;__Lib_MathDouble.c,831 :: 		
0x0596	0x6407      	CPFSGT      R7, 0
;__Lib_MathDouble.c,832 :: 		
0x0598	0xF003EF5F  	GOTO        ANIB32
;__Lib_MathDouble.c,833 :: 		
0x059C	0x5E07      	SUBWF       R7, 1, 0
;__Lib_MathDouble.c,834 :: 		
0x059E	0x5004      	MOVF        R4, 0, 0
;__Lib_MathDouble.c,835 :: 		
0x05A0	0x6E09      	MOVWF       R9, 0
;__Lib_MathDouble.c,836 :: 		
0x05A2	0x5005      	MOVF        R5, 0, 0
;__Lib_MathDouble.c,837 :: 		
0x05A4	0x6E04      	MOVWF       R4, 0
;__Lib_MathDouble.c,838 :: 		
0x05A6	0x5006      	MOVF        R6, 0, 0
;__Lib_MathDouble.c,839 :: 		
0x05A8	0x6E05      	MOVWF       R5, 0
;__Lib_MathDouble.c,840 :: 		
0x05AA	0x6A06      	CLRF        R6, 0
;__Lib_MathDouble.c,841 :: 		
0x05AC	0x4E07      	DCFSNZ      R7, 1, 0
;__Lib_MathDouble.c,842 :: 		
0x05AE	0xF003EF91  	GOTO        ALIGNED32
;__Lib_MathDouble.c,844 :: 		
0x05B2	0x0E07      	MOVLW       7
;__Lib_MathDouble.c,845 :: 		
0x05B4	0x6407      	CPFSGT      R7, 0
;__Lib_MathDouble.c,846 :: 		
0x05B6	0xF003EF34  	GOTO        ANIB32A
;__Lib_MathDouble.c,847 :: 		
0x05BA	0x5E07      	SUBWF       R7, 1, 0
;__Lib_MathDouble.c,848 :: 		
0x05BC	0x5004      	MOVF        R4, 0, 0
;__Lib_MathDouble.c,849 :: 		
0x05BE	0x6E09      	MOVWF       R9, 0
;__Lib_MathDouble.c,850 :: 		
0x05C0	0x5005      	MOVF        R5, 0, 0
;__Lib_MathDouble.c,851 :: 		
0x05C2	0x6E04      	MOVWF       R4, 0
;__Lib_MathDouble.c,852 :: 		
0x05C4	0x6A05      	CLRF        R5, 0
;__Lib_MathDouble.c,853 :: 		
0x05C6	0x4E07      	DCFSNZ      R7, 1, 0
;__Lib_MathDouble.c,854 :: 		
0x05C8	0xF003EF91  	GOTO        ALIGNED32
;__Lib_MathDouble.c,856 :: 		
0x05CC	0x0E07      	MOVLW       7
;__Lib_MathDouble.c,857 :: 		
0x05CE	0x6407      	CPFSGT      R7, 0
;__Lib_MathDouble.c,858 :: 		
0x05D0	0xF003EF12  	GOTO        ANIB32B
;__Lib_MathDouble.c,859 :: 		
0x05D4	0x5E07      	SUBWF       R7, 1, 0
;__Lib_MathDouble.c,860 :: 		
0x05D6	0x5004      	MOVF        R4, 0, 0
;__Lib_MathDouble.c,861 :: 		
0x05D8	0x6E09      	MOVWF       R9, 0
;__Lib_MathDouble.c,862 :: 		
0x05DA	0x6A04      	CLRF        R4, 0
;__Lib_MathDouble.c,863 :: 		
0x05DC	0x4E07      	DCFSNZ      R7, 1, 0
;__Lib_MathDouble.c,864 :: 		
0x05DE	0xF003EF91  	GOTO        ALIGNED32
;__Lib_MathDouble.c,866 :: 		
0x05E2	0x0E07      	MOVLW       7
;__Lib_MathDouble.c,867 :: 		
0x05E4	0x6407      	CPFSGT      R7, 0
;__Lib_MathDouble.c,868 :: 		
0x05E6	0xF002EFF9  	GOTO        ANIB32C
;__Lib_MathDouble.c,870 :: 		
0x05EA	0xF002C00A  	MOVFF       R10, R2
;__Lib_MathDouble.c,871 :: 		
0x05EE	0xF003EFD3  	GOTO        ADDEOK
;__Lib_MathDouble.c,873 :: 		
ANIB32C:
;__Lib_MathDouble.c,874 :: 		
0x05F2	0x0E03      	MOVLW       3
;__Lib_MathDouble.c,875 :: 		
0x05F4	0x6407      	CPFSGT      R7, 0
;__Lib_MathDouble.c,876 :: 		
0x05F6	0xF003EF04  	GOTO        ALOOP32C
;__Lib_MathDouble.c,877 :: 		
0x05FA	0x5E07      	SUBWF       R7, 1, 0
;__Lib_MathDouble.c,878 :: 		
0x05FC	0x3809      	SWAPF       R9, 0, 0
;__Lib_MathDouble.c,879 :: 		
0x05FE	0x0B0F      	ANDLW       15
;__Lib_MathDouble.c,880 :: 		
0x0600	0x6E09      	MOVWF       R9, 0
;__Lib_MathDouble.c,881 :: 		
0x0602	0x4E07      	DCFSNZ      R7, 1, 0
;__Lib_MathDouble.c,882 :: 		
0x0604	0xF003EF91  	GOTO        ALIGNED32
;__Lib_MathDouble.c,884 :: 		
ALOOP32C:
;__Lib_MathDouble.c,885 :: 		
0x0608	0x90D8      	BCF         STATUS, 0, 0
;__Lib_MathDouble.c,886 :: 		
0x060A	0x3209      	RRCF        R9, 1, 0
;__Lib_MathDouble.c,887 :: 		
0x060C	0x4E07      	DCFSNZ      R7, 1, 0
;__Lib_MathDouble.c,888 :: 		
0x060E	0xF003EF91  	GOTO        ALIGNED32
;__Lib_MathDouble.c,889 :: 		
0x0612	0x90D8      	BCF         STATUS, 0, 0
;__Lib_MathDouble.c,890 :: 		
0x0614	0x3209      	RRCF        R9, 1, 0
;__Lib_MathDouble.c,891 :: 		
0x0616	0x4E07      	DCFSNZ      R7, 1, 0
;__Lib_MathDouble.c,892 :: 		
0x0618	0xF003EF91  	GOTO        ALIGNED32
;__Lib_MathDouble.c,893 :: 		
0x061C	0x90D8      	BCF         STATUS, 0, 0
;__Lib_MathDouble.c,894 :: 		
0x061E	0x3209      	RRCF        R9, 1, 0
;__Lib_MathDouble.c,895 :: 		
0x0620	0xF003EF91  	GOTO        ALIGNED32
;__Lib_MathDouble.c,897 :: 		
ANIB32B:
;__Lib_MathDouble.c,898 :: 		
0x0624	0x0E03      	MOVLW       3
;__Lib_MathDouble.c,899 :: 		
0x0626	0x6407      	CPFSGT      R7, 0
;__Lib_MathDouble.c,900 :: 		
0x0628	0xF003EF23  	GOTO        ALOOP32B
;__Lib_MathDouble.c,901 :: 		
0x062C	0x5E07      	SUBWF       R7, 1, 0
;__Lib_MathDouble.c,902 :: 		
0x062E	0x3809      	SWAPF       R9, 0, 0
;__Lib_MathDouble.c,903 :: 		
0x0630	0x0B0F      	ANDLW       15
;__Lib_MathDouble.c,904 :: 		
0x0632	0x6E09      	MOVWF       R9, 0
;__Lib_MathDouble.c,905 :: 		
0x0634	0x3804      	SWAPF       R4, 0, 0
;__Lib_MathDouble.c,906 :: 		
0x0636	0x0BF0      	ANDLW       240
;__Lib_MathDouble.c,907 :: 		
0x0638	0x2609      	ADDWF       R9, 1, 0
;__Lib_MathDouble.c,908 :: 		
0x063A	0x3804      	SWAPF       R4, 0, 0
;__Lib_MathDouble.c,909 :: 		
0x063C	0x0B0F      	ANDLW       15
;__Lib_MathDouble.c,910 :: 		
0x063E	0x6E04      	MOVWF       R4, 0
;__Lib_MathDouble.c,911 :: 		
0x0640	0x4E07      	DCFSNZ      R7, 1, 0
;__Lib_MathDouble.c,912 :: 		
0x0642	0xF003EF91  	GOTO        ALIGNED32
;__Lib_MathDouble.c,914 :: 		
ALOOP32B:
;__Lib_MathDouble.c,915 :: 		
0x0646	0x90D8      	BCF         STATUS, 0, 0
;__Lib_MathDouble.c,916 :: 		
0x0648	0x3204      	RRCF        R4, 1, 0
;__Lib_MathDouble.c,917 :: 		
0x064A	0x3209      	RRCF        R9, 1, 0
;__Lib_MathDouble.c,918 :: 		
0x064C	0x4E07      	DCFSNZ      R7, 1, 0
;__Lib_MathDouble.c,919 :: 		
0x064E	0xF003EF91  	GOTO        ALIGNED32
;__Lib_MathDouble.c,920 :: 		
0x0652	0x90D8      	BCF         STATUS, 0, 0
;__Lib_MathDouble.c,921 :: 		
0x0654	0x3204      	RRCF        R4, 1, 0
;__Lib_MathDouble.c,922 :: 		
0x0656	0x3209      	RRCF        R9, 1, 0
;__Lib_MathDouble.c,923 :: 		
0x0658	0x4E07      	DCFSNZ      R7, 1, 0
;__Lib_MathDouble.c,924 :: 		
0x065A	0xF003EF91  	GOTO        ALIGNED32
;__Lib_MathDouble.c,925 :: 		
0x065E	0x90D8      	BCF         STATUS, 0, 0
;__Lib_MathDouble.c,926 :: 		
0x0660	0x3204      	RRCF        R4, 1, 0
;__Lib_MathDouble.c,927 :: 		
0x0662	0x3209      	RRCF        R9, 1, 0
;__Lib_MathDouble.c,928 :: 		
0x0664	0xF003EF91  	GOTO        ALIGNED32
;__Lib_MathDouble.c,930 :: 		
ANIB32A:
;__Lib_MathDouble.c,931 :: 		
0x0668	0x0E03      	MOVLW       3
;__Lib_MathDouble.c,932 :: 		
0x066A	0x6407      	CPFSGT      R7, 0
;__Lib_MathDouble.c,933 :: 		
0x066C	0xF003EF4B  	GOTO        ALOOP32A
;__Lib_MathDouble.c,934 :: 		
0x0670	0x5E07      	SUBWF       R7, 1, 0
;__Lib_MathDouble.c,935 :: 		
0x0672	0x3809      	SWAPF       R9, 0, 0
;__Lib_MathDouble.c,936 :: 		
0x0674	0x0B0F      	ANDLW       15
;__Lib_MathDouble.c,937 :: 		
0x0676	0x6E09      	MOVWF       R9, 0
;__Lib_MathDouble.c,938 :: 		
0x0678	0x3804      	SWAPF       R4, 0, 0
;__Lib_MathDouble.c,939 :: 		
0x067A	0x0BF0      	ANDLW       240
;__Lib_MathDouble.c,940 :: 		
0x067C	0x2609      	ADDWF       R9, 1, 0
;__Lib_MathDouble.c,941 :: 		
0x067E	0x3804      	SWAPF       R4, 0, 0
;__Lib_MathDouble.c,942 :: 		
0x0680	0x0B0F      	ANDLW       15
;__Lib_MathDouble.c,943 :: 		
0x0682	0x6E04      	MOVWF       R4, 0
;__Lib_MathDouble.c,944 :: 		
0x0684	0x3805      	SWAPF       R5, 0, 0
;__Lib_MathDouble.c,945 :: 		
0x0686	0x0BF0      	ANDLW       240
;__Lib_MathDouble.c,946 :: 		
0x0688	0x2604      	ADDWF       R4, 1, 0
;__Lib_MathDouble.c,947 :: 		
0x068A	0x3805      	SWAPF       R5, 0, 0
;__Lib_MathDouble.c,948 :: 		
0x068C	0x0B0F      	ANDLW       15
;__Lib_MathDouble.c,949 :: 		
0x068E	0x6E05      	MOVWF       R5, 0
;__Lib_MathDouble.c,950 :: 		
0x0690	0x4E07      	DCFSNZ      R7, 1, 0
;__Lib_MathDouble.c,951 :: 		
0x0692	0xF003EF91  	GOTO        ALIGNED32
;__Lib_MathDouble.c,953 :: 		
ALOOP32A:
;__Lib_MathDouble.c,954 :: 		
0x0696	0x90D8      	BCF         STATUS, 0, 0
;__Lib_MathDouble.c,955 :: 		
0x0698	0x3205      	RRCF        R5, 1, 0
;__Lib_MathDouble.c,956 :: 		
0x069A	0x3204      	RRCF        R4, 1, 0
;__Lib_MathDouble.c,957 :: 		
0x069C	0x3209      	RRCF        R9, 1, 0
;__Lib_MathDouble.c,958 :: 		
0x069E	0x4E07      	DCFSNZ      R7, 1, 0
;__Lib_MathDouble.c,959 :: 		
0x06A0	0xF003EF91  	GOTO        ALIGNED32
;__Lib_MathDouble.c,960 :: 		
0x06A4	0x90D8      	BCF         STATUS, 0, 0
;__Lib_MathDouble.c,961 :: 		
0x06A6	0x3205      	RRCF        R5, 1, 0
;__Lib_MathDouble.c,962 :: 		
0x06A8	0x3204      	RRCF        R4, 1, 0
;__Lib_MathDouble.c,963 :: 		
0x06AA	0x3209      	RRCF        R9, 1, 0
;__Lib_MathDouble.c,964 :: 		
0x06AC	0x4E07      	DCFSNZ      R7, 1, 0
;__Lib_MathDouble.c,965 :: 		
0x06AE	0xF003EF91  	GOTO        ALIGNED32
;__Lib_MathDouble.c,966 :: 		
0x06B2	0x90D8      	BCF         STATUS, 0, 0
;__Lib_MathDouble.c,967 :: 		
0x06B4	0x3205      	RRCF        R5, 1, 0
;__Lib_MathDouble.c,968 :: 		
0x06B6	0x3204      	RRCF        R4, 1, 0
;__Lib_MathDouble.c,969 :: 		
0x06B8	0x3209      	RRCF        R9, 1, 0
;__Lib_MathDouble.c,970 :: 		
0x06BA	0xF003EF91  	GOTO        ALIGNED32
;__Lib_MathDouble.c,972 :: 		
ANIB32:
;__Lib_MathDouble.c,973 :: 		
0x06BE	0x0E03      	MOVLW       3
;__Lib_MathDouble.c,974 :: 		
0x06C0	0x6407      	CPFSGT      R7, 0
;__Lib_MathDouble.c,975 :: 		
0x06C2	0xF003EF7C  	GOTO        ALOOP32
;__Lib_MathDouble.c,976 :: 		
0x06C6	0x5E07      	SUBWF       R7, 1, 0
;__Lib_MathDouble.c,977 :: 		
0x06C8	0x3809      	SWAPF       R9, 0, 0
;__Lib_MathDouble.c,978 :: 		
0x06CA	0x0B0F      	ANDLW       15
;__Lib_MathDouble.c,979 :: 		
0x06CC	0x6E09      	MOVWF       R9, 0
;__Lib_MathDouble.c,980 :: 		
0x06CE	0x3804      	SWAPF       R4, 0, 0
;__Lib_MathDouble.c,981 :: 		
0x06D0	0x0BF0      	ANDLW       240
;__Lib_MathDouble.c,982 :: 		
0x06D2	0x2609      	ADDWF       R9, 1, 0
;__Lib_MathDouble.c,983 :: 		
0x06D4	0x3804      	SWAPF       R4, 0, 0
;__Lib_MathDouble.c,984 :: 		
0x06D6	0x0B0F      	ANDLW       15
;__Lib_MathDouble.c,985 :: 		
0x06D8	0x6E04      	MOVWF       R4, 0
;__Lib_MathDouble.c,986 :: 		
0x06DA	0x3805      	SWAPF       R5, 0, 0
;__Lib_MathDouble.c,987 :: 		
0x06DC	0x0BF0      	ANDLW       240
;__Lib_MathDouble.c,988 :: 		
0x06DE	0x2604      	ADDWF       R4, 1, 0
;__Lib_MathDouble.c,989 :: 		
0x06E0	0x3805      	SWAPF       R5, 0, 0
;__Lib_MathDouble.c,990 :: 		
0x06E2	0x0B0F      	ANDLW       15
;__Lib_MathDouble.c,991 :: 		
0x06E4	0x6E05      	MOVWF       R5, 0
;__Lib_MathDouble.c,992 :: 		
0x06E6	0x3806      	SWAPF       R6, 0, 0
;__Lib_MathDouble.c,993 :: 		
0x06E8	0x0BF0      	ANDLW       240
;__Lib_MathDouble.c,994 :: 		
0x06EA	0x2605      	ADDWF       R5, 1, 0
;__Lib_MathDouble.c,995 :: 		
0x06EC	0x3806      	SWAPF       R6, 0, 0
;__Lib_MathDouble.c,996 :: 		
0x06EE	0x0B0F      	ANDLW       15
;__Lib_MathDouble.c,997 :: 		
0x06F0	0x6E06      	MOVWF       R6, 0
;__Lib_MathDouble.c,998 :: 		
0x06F2	0x4E07      	DCFSNZ      R7, 1, 0
;__Lib_MathDouble.c,999 :: 		
0x06F4	0xF003EF91  	GOTO        ALIGNED32
;__Lib_MathDouble.c,1001 :: 		
ALOOP32:
;__Lib_MathDouble.c,1002 :: 		
0x06F8	0x90D8      	BCF         STATUS, 0, 0
;__Lib_MathDouble.c,1003 :: 		
0x06FA	0x3206      	RRCF        R6, 1, 0
;__Lib_MathDouble.c,1004 :: 		
0x06FC	0x3205      	RRCF        R5, 1, 0
;__Lib_MathDouble.c,1005 :: 		
0x06FE	0x3204      	RRCF        R4, 1, 0
;__Lib_MathDouble.c,1006 :: 		
0x0700	0x3209      	RRCF        R9, 1, 0
;__Lib_MathDouble.c,1007 :: 		
0x0702	0x4E07      	DCFSNZ      R7, 1, 0
;__Lib_MathDouble.c,1008 :: 		
0x0704	0xF003EF91  	GOTO        ALIGNED32
;__Lib_MathDouble.c,1009 :: 		
0x0708	0x90D8      	BCF         STATUS, 0, 0
;__Lib_MathDouble.c,1010 :: 		
0x070A	0x3206      	RRCF        R6, 1, 0
;__Lib_MathDouble.c,1011 :: 		
0x070C	0x3205      	RRCF        R5, 1, 0
;__Lib_MathDouble.c,1012 :: 		
0x070E	0x3204      	RRCF        R4, 1, 0
;__Lib_MathDouble.c,1013 :: 		
0x0710	0x3209      	RRCF        R9, 1, 0
;__Lib_MathDouble.c,1014 :: 		
0x0712	0x4E07      	DCFSNZ      R7, 1, 0
;__Lib_MathDouble.c,1015 :: 		
0x0714	0xF003EF91  	GOTO        ALIGNED32
;__Lib_MathDouble.c,1016 :: 		
0x0718	0x90D8      	BCF         STATUS, 0, 0
;__Lib_MathDouble.c,1017 :: 		
0x071A	0x3206      	RRCF        R6, 1, 0
;__Lib_MathDouble.c,1018 :: 		
0x071C	0x3205      	RRCF        R5, 1, 0
;__Lib_MathDouble.c,1019 :: 		
0x071E	0x3204      	RRCF        R4, 1, 0
;__Lib_MathDouble.c,1020 :: 		
0x0720	0x3209      	RRCF        R9, 1, 0
;__Lib_MathDouble.c,1022 :: 		
ALIGNED32:
;__Lib_MathDouble.c,1023 :: 		
0x0722	0x6A08      	CLRF        R8, 0
;__Lib_MathDouble.c,1024 :: 		
0x0724	0x0E00      	MOVLW       0
;__Lib_MathDouble.c,1025 :: 		
0x0726	0xAE0E      	BTFSS       R14, 7, 0
;__Lib_MathDouble.c,1026 :: 		
0x0728	0xF003EF9E  	GOTO        AOK32
;__Lib_MathDouble.c,1027 :: 		
0x072C	0x1E09      	COMF        R9, 1, 0
;__Lib_MathDouble.c,1028 :: 		
0x072E	0x1E04      	COMF        R4, 1, 0
;__Lib_MathDouble.c,1029 :: 		
0x0730	0x1E05      	COMF        R5, 1, 0
;__Lib_MathDouble.c,1030 :: 		
0x0732	0x1E06      	COMF        R6, 1, 0
;__Lib_MathDouble.c,1031 :: 		
0x0734	0x2A09      	INCF        R9, 1, 0
;__Lib_MathDouble.c,1032 :: 		
0x0736	0x2204      	ADDWFC      R4, 1, 0
;__Lib_MathDouble.c,1033 :: 		
0x0738	0x2205      	ADDWFC      R5, 1, 0
;__Lib_MathDouble.c,1034 :: 		
0x073A	0x2206      	ADDWFC      R6, 1, 0
;__Lib_MathDouble.c,1036 :: 		
AOK32:
;__Lib_MathDouble.c,1037 :: 		
0x073C	0x5009      	MOVF        R9, 0, 0
;__Lib_MathDouble.c,1038 :: 		
0x073E	0x2608      	ADDWF       R8, 1, 0
;__Lib_MathDouble.c,1039 :: 		
0x0740	0x5004      	MOVF        R4, 0, 0
;__Lib_MathDouble.c,1040 :: 		
0x0742	0x2200      	ADDWFC      R0, 1, 0
;__Lib_MathDouble.c,1041 :: 		
0x0744	0x5005      	MOVF        R5, 0, 0
;__Lib_MathDouble.c,1042 :: 		
0x0746	0x2201      	ADDWFC      R1, 1, 0
;__Lib_MathDouble.c,1043 :: 		
0x0748	0x5006      	MOVF        R6, 0, 0
;__Lib_MathDouble.c,1044 :: 		
0x074A	0x2202      	ADDWFC      R2, 1, 0
;__Lib_MathDouble.c,1046 :: 		
0x074C	0xBE0E      	BTFSC       R14, 7, 0
;__Lib_MathDouble.c,1047 :: 		
0x074E	0xF003EFB5  	GOTO        ACOMP32
;__Lib_MathDouble.c,1048 :: 		
0x0752	0xA0D8      	BTFSS       STATUS, 0, 0
;__Lib_MathDouble.c,1049 :: 		
0x0754	0xF003EFC4  	GOTO        ADDJPNRMRND4032
;__Lib_MathDouble.c,1051 :: 		
0x0758	0x3202      	RRCF        R2, 1, 0
;__Lib_MathDouble.c,1052 :: 		
0x075A	0x3201      	RRCF        R1, 1, 0
;__Lib_MathDouble.c,1053 :: 		
0x075C	0x3200      	RRCF        R0, 1, 0
;__Lib_MathDouble.c,1054 :: 		
0x075E	0x3208      	RRCF        R8, 1, 0
;__Lib_MathDouble.c,1055 :: 		
0x0760	0x3E03      	INCFSZ      R3, 1, 0
;__Lib_MathDouble.c,1056 :: 		
0x0762	0xF003EFC4  	GOTO        ADDJPNRMRND4032
;__Lib_MathDouble.c,1057 :: 		
0x0766	0xF003EFCE  	GOTO        ADDJPSETFOV32
;__Lib_MathDouble.c,1059 :: 		
ACOMP32:
;__Lib_MathDouble.c,1060 :: 		
0x076A	0xB0D8      	BTFSC       STATUS, 0, 0
;__Lib_MathDouble.c,1061 :: 		
0x076C	0xF003EFC9  	GOTO        ADDJPNRM4032
;__Lib_MathDouble.c,1062 :: 		
0x0770	0x0E00      	MOVLW       0
;__Lib_MathDouble.c,1063 :: 		
0x0772	0x1E08      	COMF        R8, 1, 0
;__Lib_MathDouble.c,1064 :: 		
0x0774	0x1E00      	COMF        R0, 1, 0
;__Lib_MathDouble.c,1065 :: 		
0x0776	0x1E01      	COMF        R1, 1, 0
;__Lib_MathDouble.c,1066 :: 		
0x0778	0x1E02      	COMF        R2, 1, 0
;__Lib_MathDouble.c,1067 :: 		
0x077A	0x2A08      	INCF        R8, 1, 0
;__Lib_MathDouble.c,1068 :: 		
0x077C	0x2200      	ADDWFC      R0, 1, 0
;__Lib_MathDouble.c,1069 :: 		
0x077E	0x2201      	ADDWFC      R1, 1, 0
;__Lib_MathDouble.c,1070 :: 		
0x0780	0x2202      	ADDWFC      R2, 1, 0
;__Lib_MathDouble.c,1071 :: 		
0x0782	0x7E0A      	BTG         R10, 7, 0
;__Lib_MathDouble.c,1072 :: 		
0x0784	0xF003EFC9  	GOTO        ADDJPNRM4032
;__Lib_MathDouble.c,1074 :: 		
ADDJPNRMRND4032:
;__Lib_MathDouble.c,1075 :: 		
0x0788	0x0E01      	MOVLW       1
;__Lib_MathDouble.c,1076 :: 		
0x078A	0x6E0C      	MOVWF       R12, 0
;__Lib_MathDouble.c,1078 :: 		
0x078C	0xDC6B      	RCALL       _NRM4032
;__Lib_MathDouble.c,1080 :: 		
0x078E	0xF003EFD5  	GOTO        ADDEEE
;__Lib_MathDouble.c,1081 :: 		
ADDJPNRM4032:
;__Lib_MathDouble.c,1082 :: 		
0x0792	0x0E02      	MOVLW       2
;__Lib_MathDouble.c,1083 :: 		
0x0794	0x6E0C      	MOVWF       R12, 0
;__Lib_MathDouble.c,1085 :: 		
0x0796	0xDC66      	RCALL       _NRM4032
;__Lib_MathDouble.c,1087 :: 		
0x0798	0xF003EFD5  	GOTO        ADDEEE
;__Lib_MathDouble.c,1088 :: 		
ADDJPSETFOV32:
;__Lib_MathDouble.c,1089 :: 		
0x079C	0x0E04      	MOVLW       4
;__Lib_MathDouble.c,1090 :: 		
0x079E	0x6E0C      	MOVWF       R12, 0
;__Lib_MathDouble.c,1092 :: 		
0x07A0	0xDC41      	RCALL       _SETFOV32
;__Lib_MathDouble.c,1094 :: 		
0x07A2	0xF003EFD5  	GOTO        ADDEEE
;__Lib_MathDouble.c,1095 :: 		
ADDEOK:
;__Lib_MathDouble.c,1096 :: 		
0x07A6	0x0E00      	MOVLW       0
;__Lib_MathDouble.c,1097 :: 		
0x07A8	0x6E0C      	MOVWF       R12, 0
;__Lib_MathDouble.c,1098 :: 		
ADDEEE:
;__Lib_MathDouble.c,1105 :: 		
L_end_Add_32x32_FP:
0x07AA	0x0012      	RETURN      0
; end of _Add_32x32_FP
_SETIOV3224:
;__Lib_MathDouble.c,530 :: 		
;__Lib_MathDouble.c,537 :: 		
0x07AC	0x800B      	BSF         R11, 0, 0
;__Lib_MathDouble.c,538 :: 		
0x07AE	0xAE0B      	BTFSS       R11, 7, 0
;__Lib_MathDouble.c,539 :: 		
0x07B0	0xF003EFE2  	GOTO        SETIOV3224EEE
;__Lib_MathDouble.c,541 :: 		
0x07B4	0x6A02      	CLRF        R2, 0
;__Lib_MathDouble.c,542 :: 		
0x07B6	0xAE0A      	BTFSS       R10, 7, 0
;__Lib_MathDouble.c,543 :: 		
0x07B8	0x0EFF      	MOVLW       255
;__Lib_MathDouble.c,544 :: 		
0x07BA	0x6E02      	MOVWF       R2, 0
;__Lib_MathDouble.c,545 :: 		
0x07BC	0x6E01      	MOVWF       R1, 0
;__Lib_MathDouble.c,546 :: 		
0x07BE	0x6E00      	MOVWF       R0, 0
;__Lib_MathDouble.c,547 :: 		
0x07C0	0x360A      	RLCF        R10, 1, 0
;__Lib_MathDouble.c,548 :: 		
0x07C2	0x3202      	RRCF        R2, 1, 0
;__Lib_MathDouble.c,549 :: 		
SETIOV3224EEE:
;__Lib_MathDouble.c,550 :: 		
0x07C4	0x0EFF      	MOVLW       255
;__Lib_MathDouble.c,552 :: 		
L_end_SETIOV3224:
0x07C6	0x0012      	RETURN      0
; end of _SETIOV3224
_Div_8X8_S:
;__Lib_Math.c,326 :: 		
;__Lib_Math.c,335 :: 		
0x07C8	0x6A0D      	CLRF        R13, 0
;__Lib_Math.c,336 :: 		
0x07CA	0x6A08      	CLRF        R8, 0
;__Lib_Math.c,337 :: 		
0x07CC	0x5000      	MOVF        R0, 0, 0
;__Lib_Math.c,338 :: 		
0x07CE	0xB4D8      	BTFSC       STATUS, 2, 0
;__Lib_Math.c,339 :: 		
0x07D0	0x0C00      	RETLW       0
;__Lib_Math.c,340 :: 		
0x07D2	0x1804      	XORWF       R4, 0, 0
;__Lib_Math.c,341 :: 		
0x07D4	0x6E0A      	MOVWF       R10, 0
;__Lib_Math.c,342 :: 		
0x07D6	0xBE0A      	BTFSC       R10, 7, 0
;__Lib_Math.c,343 :: 		
0x07D8	0x1E0D      	COMF        R13, 1, 0
;__Lib_Math.c,344 :: 		
0x07DA	0x6A0B      	CLRF        R11, 0
;__Lib_Math.c,345 :: 		
0x07DC	0xAE04      	BTFSS       R4, 7, 0
;__Lib_Math.c,346 :: 		
0x07DE	0xD002      	BRA         $+6
;__Lib_Math.c,347 :: 		
0x07E0	0x1E04      	COMF        R4, 1, 0
;__Lib_Math.c,348 :: 		
0x07E2	0x2A04      	INCF        R4, 1, 0
;__Lib_Math.c,349 :: 		
0x07E4	0xAE00      	BTFSS       R0, 7, 0
;__Lib_Math.c,350 :: 		
0x07E6	0xD002      	BRA         $+6
;__Lib_Math.c,351 :: 		
0x07E8	0x1E00      	COMF        R0, 1, 0
;__Lib_Math.c,352 :: 		
0x07EA	0x2A00      	INCF        R0, 1, 0
;__Lib_Math.c,353 :: 		
0x07EC	0x5000      	MOVF        R0, 0, 0
;__Lib_Math.c,354 :: 		
0x07EE	0x1004      	IORWF       R4, 0, 0
;__Lib_Math.c,355 :: 		
0x07F0	0x6E0A      	MOVWF       R10, 0
;__Lib_Math.c,356 :: 		
0x07F2	0xBE0A      	BTFSC       R10, 7, 0
;__Lib_Math.c,357 :: 		
0x07F4	0xD01F      	BRA         $+64
;__Lib_Math.c,358 :: 		
0x07F6	0x5004      	MOVF        R4, 0, 0
;__Lib_Math.c,359 :: 		
0x07F8	0x5E08      	SUBWF       R8, 1, 0
;__Lib_Math.c,360 :: 		
0x07FA	0x3600      	RLCF        R0, 1, 0
;__Lib_Math.c,361 :: 		
0x07FC	0x3400      	RLCF        R0, 0, 0
;__Lib_Math.c,362 :: 		
0x07FE	0x3608      	RLCF        R8, 1, 0
;__Lib_Math.c,363 :: 		
0x0800	0x5004      	MOVF        R4, 0, 0
;__Lib_Math.c,364 :: 		
0x0802	0x2608      	ADDWF       R8, 1, 0
;__Lib_Math.c,365 :: 		
0x0804	0x3600      	RLCF        R0, 1, 0
;__Lib_Math.c,366 :: 		
0x0806	0x0E06      	MOVLW       6
;__Lib_Math.c,367 :: 		
0x0808	0x6E0C      	MOVWF       R12, 0
;__Lib_Math.c,368 :: 		
0x080A	0x3400      	RLCF        R0, 0, 0
;__Lib_Math.c,369 :: 		
0x080C	0x3608      	RLCF        R8, 1, 0
;__Lib_Math.c,370 :: 		
0x080E	0x5004      	MOVF        R4, 0, 0
;__Lib_Math.c,371 :: 		
0x0810	0xB000      	BTFSC       R0, 0, 0
;__Lib_Math.c,372 :: 		
0x0812	0x5E08      	SUBWF       R8, 1, 0
;__Lib_Math.c,373 :: 		
0x0814	0xA000      	BTFSS       R0, 0, 0
;__Lib_Math.c,374 :: 		
0x0816	0x2608      	ADDWF       R8, 1, 0
;__Lib_Math.c,375 :: 		
0x0818	0x3600      	RLCF        R0, 1, 0
;__Lib_Math.c,376 :: 		
0x081A	0x2E0C      	DECFSZ      R12, 1, 0
;__Lib_Math.c,377 :: 		
0x081C	0xD7F6      	BRA         $-18
;__Lib_Math.c,378 :: 		
0x081E	0xA000      	BTFSS       R0, 0, 0
;__Lib_Math.c,379 :: 		
0x0820	0x2608      	ADDWF       R8, 1, 0
;__Lib_Math.c,380 :: 		
0x0822	0xB00B      	BTFSC       R11, 0, 0
;__Lib_Math.c,381 :: 		
0x0824	0xD015      	BRA         $+44
;__Lib_Math.c,382 :: 		
0x0826	0xAE0D      	BTFSS       R13, 7, 0
;__Lib_Math.c,383 :: 		
0x0828	0x0C00      	RETLW       0
;__Lib_Math.c,384 :: 		
0x082A	0x1E00      	COMF        R0, 1, 0
;__Lib_Math.c,385 :: 		
0x082C	0x2A00      	INCF        R0, 1, 0
;__Lib_Math.c,386 :: 		
0x082E	0x1E08      	COMF        R8, 1, 0
;__Lib_Math.c,387 :: 		
0x0830	0x2A08      	INCF        R8, 1, 0
;__Lib_Math.c,388 :: 		
0x0832	0x0C00      	RETLW       0
;__Lib_Math.c,389 :: 		
0x0834	0xAE04      	BTFSS       R4, 7, 0
;__Lib_Math.c,390 :: 		
0x0836	0xD009      	BRA         $+20
;__Lib_Math.c,391 :: 		
0x0838	0xBE00      	BTFSC       R0, 7, 0
;__Lib_Math.c,392 :: 		
0x083A	0xD004      	BRA         $+10
;__Lib_Math.c,393 :: 		
0x083C	0x5000      	MOVF        R0, 0, 0
;__Lib_Math.c,394 :: 		
0x083E	0x6E08      	MOVWF       R8, 0
;__Lib_Math.c,395 :: 		
0x0840	0x6A00      	CLRF        R0, 0
;__Lib_Math.c,396 :: 		
0x0842	0xD7F1      	BRA         $-28
;__Lib_Math.c,397 :: 		
0x0844	0x6A00      	CLRF        R0, 0
;__Lib_Math.c,398 :: 		
0x0846	0x2A00      	INCF        R0, 1, 0
;__Lib_Math.c,399 :: 		
0x0848	0x0C00      	RETLW       0
;__Lib_Math.c,400 :: 		
0x084A	0x1E00      	COMF        R0, 1, 0
;__Lib_Math.c,401 :: 		
0x084C	0x2A0B      	INCF        R11, 1, 0
;__Lib_Math.c,402 :: 		
0x084E	0xD7D3      	BRA         $-88
;__Lib_Math.c,403 :: 		
0x0850	0x2A08      	INCF        R8, 1, 0
;__Lib_Math.c,404 :: 		
0x0852	0x5004      	MOVF        R4, 0, 0
;__Lib_Math.c,405 :: 		
0x0854	0x5C08      	SUBWF       R8, 0, 0
;__Lib_Math.c,406 :: 		
0x0856	0xA4D8      	BTFSS       STATUS, 2, 0
;__Lib_Math.c,407 :: 		
0x0858	0xD7E6      	BRA         $-50
;__Lib_Math.c,408 :: 		
0x085A	0x6A08      	CLRF        R8, 0
;__Lib_Math.c,409 :: 		
0x085C	0x2A00      	INCF        R0, 1, 0
;__Lib_Math.c,410 :: 		
0x085E	0xAE00      	BTFSS       R0, 7, 0
;__Lib_Math.c,411 :: 		
0x0860	0xD7E2      	BRA         $-58
;__Lib_Math.c,412 :: 		
0x0862	0x0CFF      	RETLW       255
;__Lib_Math.c,414 :: 		
L_end_Div_8X8_S:
0x0864	0x0012      	RETURN      0
; end of _Div_8X8_S
_Delay_5500us:
;__Lib_Delays.c,31 :: 		void Delay_5500us() {
;__Lib_Delays.c,32 :: 		Delay_us(5500);
0x0866	0x0E0F      	MOVLW       15
0x0868	0x6E0C      	MOVWF       R12, 0
0x086A	0x0E47      	MOVLW       71
0x086C	0x6E0D      	MOVWF       R13, 0
L_Delay_5500us5:
0x086E	0x2E0D      	DECFSZ      R13, 1, 0
0x0870	0xD7FE      	BRA         L_Delay_5500us5
0x0872	0x2E0C      	DECFSZ      R12, 1, 0
0x0874	0xD7FC      	BRA         L_Delay_5500us5
0x0876	0x0000      	NOP
0x0878	0x0000      	NOP
;__Lib_Delays.c,33 :: 		}
L_end_Delay_5500us:
0x087A	0x0012      	RETURN      0
; end of _Delay_5500us
_Delay_50us:
;__Lib_Delays.c,19 :: 		void Delay_50us() {
;__Lib_Delays.c,20 :: 		Delay_us(50);
0x087C	0x0E21      	MOVLW       33
0x087E	0x6E0D      	MOVWF       R13, 0
L_Delay_50us2:
0x0880	0x2E0D      	DECFSZ      R13, 1, 0
0x0882	0xD7FE      	BRA         L_Delay_50us2
;__Lib_Delays.c,21 :: 		}
L_end_Delay_50us:
0x0884	0x0012      	RETURN      0
; end of _Delay_50us
_Div_16x16_S_L:
;__Lib_Math.c,139 :: 		
;__Lib_Math.c,146 :: 		
0x0886	0x3401      	RLCF        R1, 0, 0
;__Lib_Math.c,147 :: 		
0x0888	0x3608      	RLCF        R8, 1, 0
;__Lib_Math.c,148 :: 		
0x088A	0x3609      	RLCF        R9, 1, 0
;__Lib_Math.c,149 :: 		
0x088C	0x5004      	MOVF        R4, 0, 0
;__Lib_Math.c,150 :: 		
0x088E	0x5E08      	SUBWF       R8, 1, 0
;__Lib_Math.c,151 :: 		
0x0890	0x5005      	MOVF        R5, 0, 0
;__Lib_Math.c,152 :: 		
0x0892	0xA0D8      	BTFSS       STATUS, 0, 0
;__Lib_Math.c,153 :: 		
0x0894	0x3C05      	INCFSZ      R5, 0, 0
;__Lib_Math.c,154 :: 		
0x0896	0x5E09      	SUBWF       R9, 1, 0
;__Lib_Math.c,155 :: 		
0x0898	0x3600      	RLCF        R0, 1, 0
;__Lib_Math.c,156 :: 		
0x089A	0x3601      	RLCF        R1, 1, 0
;__Lib_Math.c,158 :: 		
0x089C	0x0E0F      	MOVLW       15
;__Lib_Math.c,159 :: 		
0x089E	0x6E0C      	MOVWF       R12, 0
;__Lib_Math.c,161 :: 		
0x08A0	0x3401      	RLCF        R1, 0, 0
;__Lib_Math.c,162 :: 		
0x08A2	0x3608      	RLCF        R8, 1, 0
;__Lib_Math.c,163 :: 		
0x08A4	0x3609      	RLCF        R9, 1, 0
;__Lib_Math.c,164 :: 		
0x08A6	0x5004      	MOVF        R4, 0, 0
;__Lib_Math.c,166 :: 		
0x08A8	0xA000      	BTFSS       R0, 0, 0
;__Lib_Math.c,167 :: 		
0x08AA	0xD006      	BRA         $+14
;__Lib_Math.c,168 :: 		
0x08AC	0x5E08      	SUBWF       R8, 1, 0
;__Lib_Math.c,169 :: 		
0x08AE	0x5005      	MOVF        R5, 0, 0
;__Lib_Math.c,170 :: 		
0x08B0	0xA0D8      	BTFSS       STATUS, 0, 0
;__Lib_Math.c,171 :: 		
0x08B2	0x3C05      	INCFSZ      R5, 0, 0
;__Lib_Math.c,172 :: 		
0x08B4	0x5E09      	SUBWF       R9, 1, 0
;__Lib_Math.c,173 :: 		
0x08B6	0xD005      	BRA         $+12
;__Lib_Math.c,175 :: 		
0x08B8	0x2608      	ADDWF       R8, 1, 0
;__Lib_Math.c,176 :: 		
0x08BA	0x5005      	MOVF        R5, 0, 0
;__Lib_Math.c,177 :: 		
0x08BC	0xB0D8      	BTFSC       STATUS, 0, 0
;__Lib_Math.c,178 :: 		
0x08BE	0x3C05      	INCFSZ      R5, 0, 0
;__Lib_Math.c,179 :: 		
0x08C0	0x2609      	ADDWF       R9, 1, 0
;__Lib_Math.c,181 :: 		
0x08C2	0x3600      	RLCF        R0, 1, 0
;__Lib_Math.c,182 :: 		
0x08C4	0x3601      	RLCF        R1, 1, 0
;__Lib_Math.c,184 :: 		
0x08C6	0x2E0C      	DECFSZ      R12, 1, 0
;__Lib_Math.c,185 :: 		
0x08C8	0xD7EB      	BRA         $-40
;__Lib_Math.c,187 :: 		
0x08CA	0xB000      	BTFSC       R0, 0, 0
;__Lib_Math.c,188 :: 		
0x08CC	0xD006      	BRA         $+14
;__Lib_Math.c,189 :: 		
0x08CE	0x5004      	MOVF        R4, 0, 0
;__Lib_Math.c,190 :: 		
0x08D0	0x2608      	ADDWF       R8, 1, 0
;__Lib_Math.c,191 :: 		
0x08D2	0x5005      	MOVF        R5, 0, 0
;__Lib_Math.c,192 :: 		
0x08D4	0xB0D8      	BTFSC       STATUS, 0, 0
;__Lib_Math.c,193 :: 		
0x08D6	0x3C05      	INCFSZ      R5, 0, 0
;__Lib_Math.c,194 :: 		
0x08D8	0x2609      	ADDWF       R9, 1, 0
;__Lib_Math.c,195 :: 		
0x08DA	0x0000      	NOP
;__Lib_Math.c,197 :: 		
L_end_Div_16x16_S_L:
0x08DC	0x0012      	RETURN      0
; end of _Div_16x16_S_L
_Delay_1us:
;__Lib_Delays.c,7 :: 		void Delay_1us() {
;__Lib_Delays.c,8 :: 		Delay_us(1);
0x08DE	0x0000      	NOP
0x08E0	0x0000      	NOP
;__Lib_Delays.c,9 :: 		}
L_end_Delay_1us:
0x08E2	0x0012      	RETURN      0
; end of _Delay_1us
_Sub_32x32_FP:
;__Lib_MathDouble.c,1113 :: 		
;__Lib_MathDouble.c,1118 :: 		
0x08E4	0x7E06      	BTG         R6, 7, 0
;__Lib_MathDouble.c,1120 :: 		
0x08E6	0xDD52      	RCALL       _Add_32x32_FP
;__Lib_MathDouble.c,1121 :: 		
L_end_Sub_32x32_FP:
0x08E8	0x0012      	RETURN      0
; end of _Sub_32x32_FP
_Div_32x32_U:
;__Lib_Math.c,1162 :: 		
;__Lib_Math.c,1173 :: 		
0x08EA	0x6A0B      	CLRF        R11, 0
;__Lib_Math.c,1174 :: 		
0x08EC	0x6A0A      	CLRF        R10, 0
;__Lib_Math.c,1175 :: 		
0x08EE	0x6A09      	CLRF        R9, 0
;__Lib_Math.c,1176 :: 		
0x08F0	0x6A08      	CLRF        R8, 0
;__Lib_Math.c,1178 :: 		
0x08F2	0x6A0E      	CLRF        R14, 0
;__Lib_Math.c,1180 :: 		
0x08F4	0x3403      	RLCF        R3, 0, 0
;__Lib_Math.c,1181 :: 		
0x08F6	0x3608      	RLCF        R8, 1, 0
;__Lib_Math.c,1182 :: 		
0x08F8	0x5004      	MOVF        R4, 0, 0
;__Lib_Math.c,1183 :: 		
0x08FA	0x5E08      	SUBWF       R8, 1, 0
;__Lib_Math.c,1184 :: 		
0x08FC	0x5005      	MOVF        R5, 0, 0
;__Lib_Math.c,1185 :: 		
0x08FE	0xA0D8      	BTFSS       STATUS, 0, 0
;__Lib_Math.c,1186 :: 		
0x0900	0x3C05      	INCFSZ      R5, 0, 0
;__Lib_Math.c,1187 :: 		
0x0902	0x5E09      	SUBWF       R9, 1, 0
;__Lib_Math.c,1188 :: 		
0x0904	0x5006      	MOVF        R6, 0, 0
;__Lib_Math.c,1189 :: 		
0x0906	0xA0D8      	BTFSS       STATUS, 0, 0
;__Lib_Math.c,1190 :: 		
0x0908	0x3C06      	INCFSZ      R6, 0, 0
;__Lib_Math.c,1191 :: 		
0x090A	0x5E0A      	SUBWF       R10, 1, 0
;__Lib_Math.c,1192 :: 		
0x090C	0x5007      	MOVF        R7, 0, 0
;__Lib_Math.c,1193 :: 		
0x090E	0xA0D8      	BTFSS       STATUS, 0, 0
;__Lib_Math.c,1194 :: 		
0x0910	0x3C07      	INCFSZ      R7, 0, 0
;__Lib_Math.c,1195 :: 		
0x0912	0x5E0B      	SUBWF       R11, 1, 0
;__Lib_Math.c,1197 :: 		
0x0914	0x6AE8      	CLRF        WREG, 0
;__Lib_Math.c,1198 :: 		
0x0916	0xA0D8      	BTFSS       STATUS, 0, 0
;__Lib_Math.c,1199 :: 		
0x0918	0x0E01      	MOVLW       1
;__Lib_Math.c,1200 :: 		
0x091A	0x5E0E      	SUBWF       R14, 1, 0
;__Lib_Math.c,1201 :: 		
0x091C	0x3603      	RLCF        R3, 1, 0
;__Lib_Math.c,1203 :: 		
0x091E	0x0E07      	MOVLW       7
;__Lib_Math.c,1204 :: 		
0x0920	0x6E0C      	MOVWF       R12, 0
;__Lib_Math.c,1206 :: 		
LOOPU3232A:
;__Lib_Math.c,1207 :: 		
0x0922	0x3403      	RLCF        R3, 0, 0
;__Lib_Math.c,1208 :: 		
0x0924	0x3608      	RLCF        R8, 1, 0
;__Lib_Math.c,1209 :: 		
0x0926	0x3609      	RLCF        R9, 1, 0
;__Lib_Math.c,1210 :: 		
0x0928	0x360A      	RLCF        R10, 1, 0
;__Lib_Math.c,1211 :: 		
0x092A	0x360B      	RLCF        R11, 1, 0
;__Lib_Math.c,1212 :: 		
0x092C	0x360E      	RLCF        R14, 1, 0
;__Lib_Math.c,1213 :: 		
0x092E	0x5004      	MOVF        R4, 0, 0
;__Lib_Math.c,1214 :: 		
0x0930	0xA003      	BTFSS       R3, 0, 0
;__Lib_Math.c,1215 :: 		
0x0932	0xD012      	BRA         UADD22LA
;__Lib_Math.c,1217 :: 		
0x0934	0x5E08      	SUBWF       R8, 1, 0
;__Lib_Math.c,1218 :: 		
0x0936	0x5005      	MOVF        R5, 0, 0
;__Lib_Math.c,1219 :: 		
0x0938	0xA0D8      	BTFSS       STATUS, 0, 0
;__Lib_Math.c,1220 :: 		
0x093A	0x3C05      	INCFSZ      R5, 0, 0
;__Lib_Math.c,1221 :: 		
0x093C	0x5E09      	SUBWF       R9, 1, 0
;__Lib_Math.c,1222 :: 		
0x093E	0x5006      	MOVF        R6, 0, 0
;__Lib_Math.c,1223 :: 		
0x0940	0xA0D8      	BTFSS       STATUS, 0, 0
;__Lib_Math.c,1224 :: 		
0x0942	0x3C06      	INCFSZ      R6, 0, 0
;__Lib_Math.c,1225 :: 		
0x0944	0x5E0A      	SUBWF       R10, 1, 0
;__Lib_Math.c,1226 :: 		
0x0946	0x5007      	MOVF        R7, 0, 0
;__Lib_Math.c,1227 :: 		
0x0948	0xA0D8      	BTFSS       STATUS, 0, 0
;__Lib_Math.c,1228 :: 		
0x094A	0x3C07      	INCFSZ      R7, 0, 0
;__Lib_Math.c,1229 :: 		
0x094C	0x5E0B      	SUBWF       R11, 1, 0
;__Lib_Math.c,1230 :: 		
0x094E	0x6AE8      	CLRF        WREG, 0
;__Lib_Math.c,1231 :: 		
0x0950	0xA0D8      	BTFSS       STATUS, 0, 0
;__Lib_Math.c,1232 :: 		
0x0952	0x0E01      	MOVLW       1
;__Lib_Math.c,1233 :: 		
0x0954	0x5E0E      	SUBWF       R14, 1, 0
;__Lib_Math.c,1234 :: 		
0x0956	0xD011      	BRA         UOK22LA
;__Lib_Math.c,1236 :: 		
UADD22LA:
;__Lib_Math.c,1237 :: 		
0x0958	0x2608      	ADDWF       R8, 1, 0
;__Lib_Math.c,1238 :: 		
0x095A	0x5005      	MOVF        R5, 0, 0
;__Lib_Math.c,1239 :: 		
0x095C	0xB0D8      	BTFSC       STATUS, 0, 0
;__Lib_Math.c,1240 :: 		
0x095E	0x3C05      	INCFSZ      R5, 0, 0
;__Lib_Math.c,1241 :: 		
0x0960	0x2609      	ADDWF       R9, 1, 0
;__Lib_Math.c,1242 :: 		
0x0962	0x5006      	MOVF        R6, 0, 0
;__Lib_Math.c,1243 :: 		
0x0964	0xB0D8      	BTFSC       STATUS, 0, 0
;__Lib_Math.c,1244 :: 		
0x0966	0x3C06      	INCFSZ      R6, 0, 0
;__Lib_Math.c,1245 :: 		
0x0968	0x260A      	ADDWF       R10, 1, 0
;__Lib_Math.c,1246 :: 		
0x096A	0x5007      	MOVF        R7, 0, 0
;__Lib_Math.c,1247 :: 		
0x096C	0xB0D8      	BTFSC       STATUS, 0, 0
;__Lib_Math.c,1248 :: 		
0x096E	0x3C07      	INCFSZ      R7, 0, 0
;__Lib_Math.c,1249 :: 		
0x0970	0x260B      	ADDWF       R11, 1, 0
;__Lib_Math.c,1250 :: 		
0x0972	0x6AE8      	CLRF        WREG, 0
;__Lib_Math.c,1251 :: 		
0x0974	0xB0D8      	BTFSC       STATUS, 0, 0
;__Lib_Math.c,1252 :: 		
0x0976	0x0E01      	MOVLW       1
;__Lib_Math.c,1253 :: 		
0x0978	0x260E      	ADDWF       R14, 1, 0
;__Lib_Math.c,1255 :: 		
UOK22LA:
;__Lib_Math.c,1256 :: 		
0x097A	0x3603      	RLCF        R3, 1, 0
;__Lib_Math.c,1258 :: 		
0x097C	0x2E0C      	DECFSZ      R12, 1, 0
;__Lib_Math.c,1259 :: 		
0x097E	0xD7D1      	BRA         LOOPU3232A
;__Lib_Math.c,1261 :: 		
0x0980	0x3402      	RLCF        R2, 0, 0
;__Lib_Math.c,1262 :: 		
0x0982	0x3608      	RLCF        R8, 1, 0
;__Lib_Math.c,1263 :: 		
0x0984	0x3609      	RLCF        R9, 1, 0
;__Lib_Math.c,1264 :: 		
0x0986	0x360A      	RLCF        R10, 1, 0
;__Lib_Math.c,1265 :: 		
0x0988	0x360B      	RLCF        R11, 1, 0
;__Lib_Math.c,1266 :: 		
0x098A	0x360E      	RLCF        R14, 1, 0
;__Lib_Math.c,1267 :: 		
0x098C	0x5004      	MOVF        R4, 0, 0
;__Lib_Math.c,1268 :: 		
0x098E	0xA003      	BTFSS       R3, 0, 0
;__Lib_Math.c,1269 :: 		
0x0990	0xD012      	BRA         UADD22L8
;__Lib_Math.c,1271 :: 		
0x0992	0x5E08      	SUBWF       R8, 1, 0
;__Lib_Math.c,1272 :: 		
0x0994	0x5005      	MOVF        R5, 0, 0
;__Lib_Math.c,1273 :: 		
0x0996	0xA0D8      	BTFSS       STATUS, 0, 0
;__Lib_Math.c,1274 :: 		
0x0998	0x3C05      	INCFSZ      R5, 0, 0
;__Lib_Math.c,1275 :: 		
0x099A	0x5E09      	SUBWF       R9, 1, 0
;__Lib_Math.c,1276 :: 		
0x099C	0x5006      	MOVF        R6, 0, 0
;__Lib_Math.c,1277 :: 		
0x099E	0xA0D8      	BTFSS       STATUS, 0, 0
;__Lib_Math.c,1278 :: 		
0x09A0	0x3C06      	INCFSZ      R6, 0, 0
;__Lib_Math.c,1279 :: 		
0x09A2	0x5E0A      	SUBWF       R10, 1, 0
;__Lib_Math.c,1280 :: 		
0x09A4	0x5007      	MOVF        R7, 0, 0
;__Lib_Math.c,1281 :: 		
0x09A6	0xA0D8      	BTFSS       STATUS, 0, 0
;__Lib_Math.c,1282 :: 		
0x09A8	0x3C07      	INCFSZ      R7, 0, 0
;__Lib_Math.c,1283 :: 		
0x09AA	0x5E0B      	SUBWF       R11, 1, 0
;__Lib_Math.c,1284 :: 		
0x09AC	0x6AE8      	CLRF        WREG, 0
;__Lib_Math.c,1285 :: 		
0x09AE	0xA0D8      	BTFSS       STATUS, 0, 0
;__Lib_Math.c,1286 :: 		
0x09B0	0x0E01      	MOVLW       1
;__Lib_Math.c,1287 :: 		
0x09B2	0x5E0E      	SUBWF       R14, 1, 0
;__Lib_Math.c,1288 :: 		
0x09B4	0xD011      	BRA         UOK22L8
;__Lib_Math.c,1290 :: 		
UADD22L8:
;__Lib_Math.c,1291 :: 		
0x09B6	0x2608      	ADDWF       R8, 1, 0
;__Lib_Math.c,1292 :: 		
0x09B8	0x5005      	MOVF        R5, 0, 0
;__Lib_Math.c,1293 :: 		
0x09BA	0xB0D8      	BTFSC       STATUS, 0, 0
;__Lib_Math.c,1294 :: 		
0x09BC	0x3C05      	INCFSZ      R5, 0, 0
;__Lib_Math.c,1295 :: 		
0x09BE	0x2609      	ADDWF       R9, 1, 0
;__Lib_Math.c,1296 :: 		
0x09C0	0x5006      	MOVF        R6, 0, 0
;__Lib_Math.c,1297 :: 		
0x09C2	0xB0D8      	BTFSC       STATUS, 0, 0
;__Lib_Math.c,1298 :: 		
0x09C4	0x3C06      	INCFSZ      R6, 0, 0
;__Lib_Math.c,1299 :: 		
0x09C6	0x260A      	ADDWF       R10, 1, 0
;__Lib_Math.c,1300 :: 		
0x09C8	0x5007      	MOVF        R7, 0, 0
;__Lib_Math.c,1301 :: 		
0x09CA	0xB0D8      	BTFSC       STATUS, 0, 0
;__Lib_Math.c,1302 :: 		
0x09CC	0x3C07      	INCFSZ      R7, 0, 0
;__Lib_Math.c,1303 :: 		
0x09CE	0x260B      	ADDWF       R11, 1, 0
;__Lib_Math.c,1304 :: 		
0x09D0	0x6AE8      	CLRF        WREG, 0
;__Lib_Math.c,1305 :: 		
0x09D2	0xB0D8      	BTFSC       STATUS, 0, 0
;__Lib_Math.c,1306 :: 		
0x09D4	0x0E01      	MOVLW       1
;__Lib_Math.c,1307 :: 		
0x09D6	0x260E      	ADDWF       R14, 1, 0
;__Lib_Math.c,1309 :: 		
UOK22L8:
;__Lib_Math.c,1310 :: 		
0x09D8	0x3602      	RLCF        R2, 1, 0
;__Lib_Math.c,1312 :: 		
0x09DA	0x0E07      	MOVLW       7
;__Lib_Math.c,1313 :: 		
0x09DC	0x6E0C      	MOVWF       R12, 0
;__Lib_Math.c,1315 :: 		
LOOPU3232B:
;__Lib_Math.c,1316 :: 		
0x09DE	0x3402      	RLCF        R2, 0, 0
;__Lib_Math.c,1317 :: 		
0x09E0	0x3608      	RLCF        R8, 1, 0
;__Lib_Math.c,1318 :: 		
0x09E2	0x3609      	RLCF        R9, 1, 0
;__Lib_Math.c,1319 :: 		
0x09E4	0x360A      	RLCF        R10, 1, 0
;__Lib_Math.c,1320 :: 		
0x09E6	0x360B      	RLCF        R11, 1, 0
;__Lib_Math.c,1321 :: 		
0x09E8	0x360E      	RLCF        R14, 1, 0
;__Lib_Math.c,1322 :: 		
0x09EA	0x5004      	MOVF        R4, 0, 0
;__Lib_Math.c,1323 :: 		
0x09EC	0xA002      	BTFSS       R2, 0, 0
;__Lib_Math.c,1324 :: 		
0x09EE	0xD012      	BRA         UADD22LB
;__Lib_Math.c,1326 :: 		
0x09F0	0x5E08      	SUBWF       R8, 1, 0
;__Lib_Math.c,1327 :: 		
0x09F2	0x5005      	MOVF        R5, 0, 0
;__Lib_Math.c,1328 :: 		
0x09F4	0xA0D8      	BTFSS       STATUS, 0, 0
;__Lib_Math.c,1329 :: 		
0x09F6	0x3C05      	INCFSZ      R5, 0, 0
;__Lib_Math.c,1330 :: 		
0x09F8	0x5E09      	SUBWF       R9, 1, 0
;__Lib_Math.c,1331 :: 		
0x09FA	0x5006      	MOVF        R6, 0, 0
;__Lib_Math.c,1332 :: 		
0x09FC	0xA0D8      	BTFSS       STATUS, 0, 0
;__Lib_Math.c,1333 :: 		
0x09FE	0x3C06      	INCFSZ      R6, 0, 0
;__Lib_Math.c,1334 :: 		
0x0A00	0x5E0A      	SUBWF       R10, 1, 0
;__Lib_Math.c,1335 :: 		
0x0A02	0x5007      	MOVF        R7, 0, 0
;__Lib_Math.c,1336 :: 		
0x0A04	0xA0D8      	BTFSS       STATUS, 0, 0
;__Lib_Math.c,1337 :: 		
0x0A06	0x3C07      	INCFSZ      R7, 0, 0
;__Lib_Math.c,1338 :: 		
0x0A08	0x5E0B      	SUBWF       R11, 1, 0
;__Lib_Math.c,1339 :: 		
0x0A0A	0x6AE8      	CLRF        WREG, 0
;__Lib_Math.c,1340 :: 		
0x0A0C	0xA0D8      	BTFSS       STATUS, 0, 0
;__Lib_Math.c,1341 :: 		
0x0A0E	0x0E01      	MOVLW       1
;__Lib_Math.c,1342 :: 		
0x0A10	0x5E0E      	SUBWF       R14, 1, 0
;__Lib_Math.c,1343 :: 		
0x0A12	0xD011      	BRA         UOK22LB
;__Lib_Math.c,1345 :: 		
UADD22LB:
;__Lib_Math.c,1346 :: 		
0x0A14	0x2608      	ADDWF       R8, 1, 0
;__Lib_Math.c,1347 :: 		
0x0A16	0x5005      	MOVF        R5, 0, 0
;__Lib_Math.c,1348 :: 		
0x0A18	0xB0D8      	BTFSC       STATUS, 0, 0
;__Lib_Math.c,1349 :: 		
0x0A1A	0x3C05      	INCFSZ      R5, 0, 0
;__Lib_Math.c,1350 :: 		
0x0A1C	0x2609      	ADDWF       R9, 1, 0
;__Lib_Math.c,1351 :: 		
0x0A1E	0x5006      	MOVF        R6, 0, 0
;__Lib_Math.c,1352 :: 		
0x0A20	0xB0D8      	BTFSC       STATUS, 0, 0
;__Lib_Math.c,1353 :: 		
0x0A22	0x3C06      	INCFSZ      R6, 0, 0
;__Lib_Math.c,1354 :: 		
0x0A24	0x260A      	ADDWF       R10, 1, 0
;__Lib_Math.c,1355 :: 		
0x0A26	0x5007      	MOVF        R7, 0, 0
;__Lib_Math.c,1356 :: 		
0x0A28	0xB0D8      	BTFSC       STATUS, 0, 0
;__Lib_Math.c,1357 :: 		
0x0A2A	0x3C07      	INCFSZ      R7, 0, 0
;__Lib_Math.c,1358 :: 		
0x0A2C	0x260B      	ADDWF       R11, 1, 0
;__Lib_Math.c,1359 :: 		
0x0A2E	0x6AE8      	CLRF        WREG, 0
;__Lib_Math.c,1360 :: 		
0x0A30	0xB0D8      	BTFSC       STATUS, 0, 0
;__Lib_Math.c,1361 :: 		
0x0A32	0x0E01      	MOVLW       1
;__Lib_Math.c,1362 :: 		
0x0A34	0x260E      	ADDWF       R14, 1, 0
;__Lib_Math.c,1364 :: 		
UOK22LB:
;__Lib_Math.c,1365 :: 		
0x0A36	0x3602      	RLCF        R2, 1, 0
;__Lib_Math.c,1367 :: 		
0x0A38	0x2E0C      	DECFSZ      R12, 1, 0
;__Lib_Math.c,1368 :: 		
0x0A3A	0xD7D1      	BRA         LOOPU3232B
;__Lib_Math.c,1370 :: 		
0x0A3C	0x3401      	RLCF        R1, 0, 0
;__Lib_Math.c,1371 :: 		
0x0A3E	0x3608      	RLCF        R8, 1, 0
;__Lib_Math.c,1372 :: 		
0x0A40	0x3609      	RLCF        R9, 1, 0
;__Lib_Math.c,1373 :: 		
0x0A42	0x360A      	RLCF        R10, 1, 0
;__Lib_Math.c,1374 :: 		
0x0A44	0x360B      	RLCF        R11, 1, 0
;__Lib_Math.c,1375 :: 		
0x0A46	0x360E      	RLCF        R14, 1, 0
;__Lib_Math.c,1376 :: 		
0x0A48	0x5004      	MOVF        R4, 0, 0
;__Lib_Math.c,1377 :: 		
0x0A4A	0xA002      	BTFSS       R2, 0, 0
;__Lib_Math.c,1378 :: 		
0x0A4C	0xD012      	BRA         UADD22L16
;__Lib_Math.c,1380 :: 		
0x0A4E	0x5E08      	SUBWF       R8, 1, 0
;__Lib_Math.c,1381 :: 		
0x0A50	0x5005      	MOVF        R5, 0, 0
;__Lib_Math.c,1382 :: 		
0x0A52	0xA0D8      	BTFSS       STATUS, 0, 0
;__Lib_Math.c,1383 :: 		
0x0A54	0x3C05      	INCFSZ      R5, 0, 0
;__Lib_Math.c,1384 :: 		
0x0A56	0x5E09      	SUBWF       R9, 1, 0
;__Lib_Math.c,1385 :: 		
0x0A58	0x5006      	MOVF        R6, 0, 0
;__Lib_Math.c,1386 :: 		
0x0A5A	0xA0D8      	BTFSS       STATUS, 0, 0
;__Lib_Math.c,1387 :: 		
0x0A5C	0x3C06      	INCFSZ      R6, 0, 0
;__Lib_Math.c,1388 :: 		
0x0A5E	0x5E0A      	SUBWF       R10, 1, 0
;__Lib_Math.c,1389 :: 		
0x0A60	0x5007      	MOVF        R7, 0, 0
;__Lib_Math.c,1390 :: 		
0x0A62	0xA0D8      	BTFSS       STATUS, 0, 0
;__Lib_Math.c,1391 :: 		
0x0A64	0x3C07      	INCFSZ      R7, 0, 0
;__Lib_Math.c,1392 :: 		
0x0A66	0x5E0B      	SUBWF       R11, 1, 0
;__Lib_Math.c,1393 :: 		
0x0A68	0x6AE8      	CLRF        WREG, 0
;__Lib_Math.c,1394 :: 		
0x0A6A	0xA0D8      	BTFSS       STATUS, 0, 0
;__Lib_Math.c,1395 :: 		
0x0A6C	0x0E01      	MOVLW       1
;__Lib_Math.c,1396 :: 		
0x0A6E	0x5E0E      	SUBWF       R14, 1, 0
;__Lib_Math.c,1397 :: 		
0x0A70	0xD011      	BRA         UOK22L16
;__Lib_Math.c,1399 :: 		
UADD22L16:
;__Lib_Math.c,1400 :: 		
0x0A72	0x2608      	ADDWF       R8, 1, 0
;__Lib_Math.c,1401 :: 		
0x0A74	0x5005      	MOVF        R5, 0, 0
;__Lib_Math.c,1402 :: 		
0x0A76	0xB0D8      	BTFSC       STATUS, 0, 0
;__Lib_Math.c,1403 :: 		
0x0A78	0x3C05      	INCFSZ      R5, 0, 0
;__Lib_Math.c,1404 :: 		
0x0A7A	0x2609      	ADDWF       R9, 1, 0
;__Lib_Math.c,1405 :: 		
0x0A7C	0x5006      	MOVF        R6, 0, 0
;__Lib_Math.c,1406 :: 		
0x0A7E	0xB0D8      	BTFSC       STATUS, 0, 0
;__Lib_Math.c,1407 :: 		
0x0A80	0x3C06      	INCFSZ      R6, 0, 0
;__Lib_Math.c,1408 :: 		
0x0A82	0x260A      	ADDWF       R10, 1, 0
;__Lib_Math.c,1409 :: 		
0x0A84	0x5007      	MOVF        R7, 0, 0
;__Lib_Math.c,1410 :: 		
0x0A86	0xB0D8      	BTFSC       STATUS, 0, 0
;__Lib_Math.c,1411 :: 		
0x0A88	0x3C07      	INCFSZ      R7, 0, 0
;__Lib_Math.c,1412 :: 		
0x0A8A	0x260B      	ADDWF       R11, 1, 0
;__Lib_Math.c,1413 :: 		
0x0A8C	0x6AE8      	CLRF        WREG, 0
;__Lib_Math.c,1414 :: 		
0x0A8E	0xB0D8      	BTFSC       STATUS, 0, 0
;__Lib_Math.c,1415 :: 		
0x0A90	0x0E01      	MOVLW       1
;__Lib_Math.c,1416 :: 		
0x0A92	0x260E      	ADDWF       R14, 1, 0
;__Lib_Math.c,1418 :: 		
UOK22L16:
;__Lib_Math.c,1419 :: 		
0x0A94	0x3601      	RLCF        R1, 1, 0
;__Lib_Math.c,1421 :: 		
0x0A96	0x0E07      	MOVLW       7
;__Lib_Math.c,1422 :: 		
0x0A98	0x6E0C      	MOVWF       R12, 0
;__Lib_Math.c,1424 :: 		
LOOPU3232C:
;__Lib_Math.c,1425 :: 		
0x0A9A	0x3401      	RLCF        R1, 0, 0
;__Lib_Math.c,1426 :: 		
0x0A9C	0x3608      	RLCF        R8, 1, 0
;__Lib_Math.c,1427 :: 		
0x0A9E	0x3609      	RLCF        R9, 1, 0
;__Lib_Math.c,1428 :: 		
0x0AA0	0x360A      	RLCF        R10, 1, 0
;__Lib_Math.c,1429 :: 		
0x0AA2	0x360B      	RLCF        R11, 1, 0
;__Lib_Math.c,1430 :: 		
0x0AA4	0x360E      	RLCF        R14, 1, 0
;__Lib_Math.c,1431 :: 		
0x0AA6	0x5004      	MOVF        R4, 0, 0
;__Lib_Math.c,1432 :: 		
0x0AA8	0xA001      	BTFSS       R1, 0, 0
;__Lib_Math.c,1433 :: 		
0x0AAA	0xD012      	BRA         UADD22LC
;__Lib_Math.c,1435 :: 		
0x0AAC	0x5E08      	SUBWF       R8, 1, 0
;__Lib_Math.c,1436 :: 		
0x0AAE	0x5005      	MOVF        R5, 0, 0
;__Lib_Math.c,1437 :: 		
0x0AB0	0xA0D8      	BTFSS       STATUS, 0, 0
;__Lib_Math.c,1438 :: 		
0x0AB2	0x3C05      	INCFSZ      R5, 0, 0
;__Lib_Math.c,1439 :: 		
0x0AB4	0x5E09      	SUBWF       R9, 1, 0
;__Lib_Math.c,1440 :: 		
0x0AB6	0x5006      	MOVF        R6, 0, 0
;__Lib_Math.c,1441 :: 		
0x0AB8	0xA0D8      	BTFSS       STATUS, 0, 0
;__Lib_Math.c,1442 :: 		
0x0ABA	0x3C06      	INCFSZ      R6, 0, 0
;__Lib_Math.c,1443 :: 		
0x0ABC	0x5E0A      	SUBWF       R10, 1, 0
;__Lib_Math.c,1444 :: 		
0x0ABE	0x5007      	MOVF        R7, 0, 0
;__Lib_Math.c,1445 :: 		
0x0AC0	0xA0D8      	BTFSS       STATUS, 0, 0
;__Lib_Math.c,1446 :: 		
0x0AC2	0x3C07      	INCFSZ      R7, 0, 0
;__Lib_Math.c,1447 :: 		
0x0AC4	0x5E0B      	SUBWF       R11, 1, 0
;__Lib_Math.c,1448 :: 		
0x0AC6	0x6AE8      	CLRF        WREG, 0
;__Lib_Math.c,1449 :: 		
0x0AC8	0xA0D8      	BTFSS       STATUS, 0, 0
;__Lib_Math.c,1450 :: 		
0x0ACA	0x0E01      	MOVLW       1
;__Lib_Math.c,1451 :: 		
0x0ACC	0x5E0E      	SUBWF       R14, 1, 0
;__Lib_Math.c,1452 :: 		
0x0ACE	0xD011      	BRA         UOK22LC
;__Lib_Math.c,1454 :: 		
UADD22LC:
;__Lib_Math.c,1455 :: 		
0x0AD0	0x2608      	ADDWF       R8, 1, 0
;__Lib_Math.c,1456 :: 		
0x0AD2	0x5005      	MOVF        R5, 0, 0
;__Lib_Math.c,1457 :: 		
0x0AD4	0xB0D8      	BTFSC       STATUS, 0, 0
;__Lib_Math.c,1458 :: 		
0x0AD6	0x3C05      	INCFSZ      R5, 0, 0
;__Lib_Math.c,1459 :: 		
0x0AD8	0x2609      	ADDWF       R9, 1, 0
;__Lib_Math.c,1460 :: 		
0x0ADA	0x5006      	MOVF        R6, 0, 0
;__Lib_Math.c,1461 :: 		
0x0ADC	0xB0D8      	BTFSC       STATUS, 0, 0
;__Lib_Math.c,1462 :: 		
0x0ADE	0x3C06      	INCFSZ      R6, 0, 0
;__Lib_Math.c,1463 :: 		
0x0AE0	0x260A      	ADDWF       R10, 1, 0
;__Lib_Math.c,1464 :: 		
0x0AE2	0x5007      	MOVF        R7, 0, 0
;__Lib_Math.c,1465 :: 		
0x0AE4	0xB0D8      	BTFSC       STATUS, 0, 0
;__Lib_Math.c,1466 :: 		
0x0AE6	0x3C07      	INCFSZ      R7, 0, 0
;__Lib_Math.c,1467 :: 		
0x0AE8	0x260B      	ADDWF       R11, 1, 0
;__Lib_Math.c,1468 :: 		
0x0AEA	0x6AE8      	CLRF        WREG, 0
;__Lib_Math.c,1469 :: 		
0x0AEC	0xB0D8      	BTFSC       STATUS, 0, 0
;__Lib_Math.c,1470 :: 		
0x0AEE	0x0E01      	MOVLW       1
;__Lib_Math.c,1471 :: 		
0x0AF0	0x260E      	ADDWF       R14, 1, 0
;__Lib_Math.c,1473 :: 		
UOK22LC:
;__Lib_Math.c,1474 :: 		
0x0AF2	0x3601      	RLCF        R1, 1, 0
;__Lib_Math.c,1476 :: 		
0x0AF4	0x2E0C      	DECFSZ      R12, 1, 0
;__Lib_Math.c,1477 :: 		
0x0AF6	0xD7D1      	BRA         LOOPU3232C
;__Lib_Math.c,1479 :: 		
0x0AF8	0x3400      	RLCF        R0, 0, 0
;__Lib_Math.c,1480 :: 		
0x0AFA	0x3608      	RLCF        R8, 1, 0
;__Lib_Math.c,1481 :: 		
0x0AFC	0x3609      	RLCF        R9, 1, 0
;__Lib_Math.c,1482 :: 		
0x0AFE	0x360A      	RLCF        R10, 1, 0
;__Lib_Math.c,1483 :: 		
0x0B00	0x360B      	RLCF        R11, 1, 0
;__Lib_Math.c,1484 :: 		
0x0B02	0x360E      	RLCF        R14, 1, 0
;__Lib_Math.c,1485 :: 		
0x0B04	0x5004      	MOVF        R4, 0, 0
;__Lib_Math.c,1486 :: 		
0x0B06	0xA001      	BTFSS       R1, 0, 0
;__Lib_Math.c,1487 :: 		
0x0B08	0xD012      	BRA         UADD22L24
;__Lib_Math.c,1489 :: 		
0x0B0A	0x5E08      	SUBWF       R8, 1, 0
;__Lib_Math.c,1490 :: 		
0x0B0C	0x5005      	MOVF        R5, 0, 0
;__Lib_Math.c,1491 :: 		
0x0B0E	0xA0D8      	BTFSS       STATUS, 0, 0
;__Lib_Math.c,1492 :: 		
0x0B10	0x3C05      	INCFSZ      R5, 0, 0
;__Lib_Math.c,1493 :: 		
0x0B12	0x5E09      	SUBWF       R9, 1, 0
;__Lib_Math.c,1494 :: 		
0x0B14	0x5006      	MOVF        R6, 0, 0
;__Lib_Math.c,1495 :: 		
0x0B16	0xA0D8      	BTFSS       STATUS, 0, 0
;__Lib_Math.c,1496 :: 		
0x0B18	0x3C06      	INCFSZ      R6, 0, 0
;__Lib_Math.c,1497 :: 		
0x0B1A	0x5E0A      	SUBWF       R10, 1, 0
;__Lib_Math.c,1498 :: 		
0x0B1C	0x5007      	MOVF        R7, 0, 0
;__Lib_Math.c,1499 :: 		
0x0B1E	0xA0D8      	BTFSS       STATUS, 0, 0
;__Lib_Math.c,1500 :: 		
0x0B20	0x3C07      	INCFSZ      R7, 0, 0
;__Lib_Math.c,1501 :: 		
0x0B22	0x5E0B      	SUBWF       R11, 1, 0
;__Lib_Math.c,1502 :: 		
0x0B24	0x6AE8      	CLRF        WREG, 0
;__Lib_Math.c,1503 :: 		
0x0B26	0xA0D8      	BTFSS       STATUS, 0, 0
;__Lib_Math.c,1504 :: 		
0x0B28	0x0E01      	MOVLW       1
;__Lib_Math.c,1505 :: 		
0x0B2A	0x5E0E      	SUBWF       R14, 1, 0
;__Lib_Math.c,1506 :: 		
0x0B2C	0xD011      	BRA         UOK22L24
;__Lib_Math.c,1508 :: 		
UADD22L24:
;__Lib_Math.c,1509 :: 		
0x0B2E	0x2608      	ADDWF       R8, 1, 0
;__Lib_Math.c,1510 :: 		
0x0B30	0x5005      	MOVF        R5, 0, 0
;__Lib_Math.c,1511 :: 		
0x0B32	0xB0D8      	BTFSC       STATUS, 0, 0
;__Lib_Math.c,1512 :: 		
0x0B34	0x3C05      	INCFSZ      R5, 0, 0
;__Lib_Math.c,1513 :: 		
0x0B36	0x2609      	ADDWF       R9, 1, 0
;__Lib_Math.c,1514 :: 		
0x0B38	0x5006      	MOVF        R6, 0, 0
;__Lib_Math.c,1515 :: 		
0x0B3A	0xB0D8      	BTFSC       STATUS, 0, 0
;__Lib_Math.c,1516 :: 		
0x0B3C	0x3C06      	INCFSZ      R6, 0, 0
;__Lib_Math.c,1517 :: 		
0x0B3E	0x260A      	ADDWF       R10, 1, 0
;__Lib_Math.c,1518 :: 		
0x0B40	0x5007      	MOVF        R7, 0, 0
;__Lib_Math.c,1519 :: 		
0x0B42	0xB0D8      	BTFSC       STATUS, 0, 0
;__Lib_Math.c,1520 :: 		
0x0B44	0x3C07      	INCFSZ      R7, 0, 0
;__Lib_Math.c,1521 :: 		
0x0B46	0x260B      	ADDWF       R11, 1, 0
;__Lib_Math.c,1522 :: 		
0x0B48	0x6AE8      	CLRF        WREG, 0
;__Lib_Math.c,1523 :: 		
0x0B4A	0xB0D8      	BTFSC       STATUS, 0, 0
;__Lib_Math.c,1524 :: 		
0x0B4C	0x0E01      	MOVLW       1
;__Lib_Math.c,1525 :: 		
0x0B4E	0x260E      	ADDWF       R14, 1, 0
;__Lib_Math.c,1527 :: 		
UOK22L24:
;__Lib_Math.c,1528 :: 		
0x0B50	0x3600      	RLCF        R0, 1, 0
;__Lib_Math.c,1530 :: 		
0x0B52	0x0E07      	MOVLW       7
;__Lib_Math.c,1531 :: 		
0x0B54	0x6E0C      	MOVWF       R12, 0
;__Lib_Math.c,1533 :: 		
LOOPU3232D:
;__Lib_Math.c,1534 :: 		
0x0B56	0x3400      	RLCF        R0, 0, 0
;__Lib_Math.c,1535 :: 		
0x0B58	0x3608      	RLCF        R8, 1, 0
;__Lib_Math.c,1536 :: 		
0x0B5A	0x3609      	RLCF        R9, 1, 0
;__Lib_Math.c,1537 :: 		
0x0B5C	0x360A      	RLCF        R10, 1, 0
;__Lib_Math.c,1538 :: 		
0x0B5E	0x360B      	RLCF        R11, 1, 0
;__Lib_Math.c,1539 :: 		
0x0B60	0x360E      	RLCF        R14, 1, 0
;__Lib_Math.c,1540 :: 		
0x0B62	0x5004      	MOVF        R4, 0, 0
;__Lib_Math.c,1541 :: 		
0x0B64	0xA000      	BTFSS       R0, 0, 0
;__Lib_Math.c,1542 :: 		
0x0B66	0xD012      	BRA         UADD22LD
;__Lib_Math.c,1544 :: 		
0x0B68	0x5E08      	SUBWF       R8, 1, 0
;__Lib_Math.c,1545 :: 		
0x0B6A	0x5005      	MOVF        R5, 0, 0
;__Lib_Math.c,1546 :: 		
0x0B6C	0xA0D8      	BTFSS       STATUS, 0, 0
;__Lib_Math.c,1547 :: 		
0x0B6E	0x3C05      	INCFSZ      R5, 0, 0
;__Lib_Math.c,1548 :: 		
0x0B70	0x5E09      	SUBWF       R9, 1, 0
;__Lib_Math.c,1549 :: 		
0x0B72	0x5006      	MOVF        R6, 0, 0
;__Lib_Math.c,1550 :: 		
0x0B74	0xA0D8      	BTFSS       STATUS, 0, 0
;__Lib_Math.c,1551 :: 		
0x0B76	0x3C06      	INCFSZ      R6, 0, 0
;__Lib_Math.c,1552 :: 		
0x0B78	0x5E0A      	SUBWF       R10, 1, 0
;__Lib_Math.c,1553 :: 		
0x0B7A	0x5007      	MOVF        R7, 0, 0
;__Lib_Math.c,1554 :: 		
0x0B7C	0xA0D8      	BTFSS       STATUS, 0, 0
;__Lib_Math.c,1555 :: 		
0x0B7E	0x3C07      	INCFSZ      R7, 0, 0
;__Lib_Math.c,1556 :: 		
0x0B80	0x5E0B      	SUBWF       R11, 1, 0
;__Lib_Math.c,1557 :: 		
0x0B82	0x6AE8      	CLRF        WREG, 0
;__Lib_Math.c,1558 :: 		
0x0B84	0xA0D8      	BTFSS       STATUS, 0, 0
;__Lib_Math.c,1559 :: 		
0x0B86	0x0E01      	MOVLW       1
;__Lib_Math.c,1560 :: 		
0x0B88	0x5E0E      	SUBWF       R14, 1, 0
;__Lib_Math.c,1561 :: 		
0x0B8A	0xD011      	BRA         UOK22LD
;__Lib_Math.c,1563 :: 		
UADD22LD:
;__Lib_Math.c,1564 :: 		
0x0B8C	0x2608      	ADDWF       R8, 1, 0
;__Lib_Math.c,1565 :: 		
0x0B8E	0x5005      	MOVF        R5, 0, 0
;__Lib_Math.c,1566 :: 		
0x0B90	0xB0D8      	BTFSC       STATUS, 0, 0
;__Lib_Math.c,1567 :: 		
0x0B92	0x3C05      	INCFSZ      R5, 0, 0
;__Lib_Math.c,1568 :: 		
0x0B94	0x2609      	ADDWF       R9, 1, 0
;__Lib_Math.c,1569 :: 		
0x0B96	0x5006      	MOVF        R6, 0, 0
;__Lib_Math.c,1570 :: 		
0x0B98	0xB0D8      	BTFSC       STATUS, 0, 0
;__Lib_Math.c,1571 :: 		
0x0B9A	0x3C06      	INCFSZ      R6, 0, 0
;__Lib_Math.c,1572 :: 		
0x0B9C	0x260A      	ADDWF       R10, 1, 0
;__Lib_Math.c,1573 :: 		
0x0B9E	0x5007      	MOVF        R7, 0, 0
;__Lib_Math.c,1574 :: 		
0x0BA0	0xB0D8      	BTFSC       STATUS, 0, 0
;__Lib_Math.c,1575 :: 		
0x0BA2	0x3C07      	INCFSZ      R7, 0, 0
;__Lib_Math.c,1576 :: 		
0x0BA4	0x260B      	ADDWF       R11, 1, 0
;__Lib_Math.c,1577 :: 		
0x0BA6	0x6AE8      	CLRF        WREG, 0
;__Lib_Math.c,1578 :: 		
0x0BA8	0xB0D8      	BTFSC       STATUS, 0, 0
;__Lib_Math.c,1579 :: 		
0x0BAA	0x0E01      	MOVLW       1
;__Lib_Math.c,1580 :: 		
0x0BAC	0x260E      	ADDWF       R14, 1, 0
;__Lib_Math.c,1582 :: 		
UOK22LD:
;__Lib_Math.c,1583 :: 		
0x0BAE	0x3600      	RLCF        R0, 1, 0
;__Lib_Math.c,1585 :: 		
0x0BB0	0x2E0C      	DECFSZ      R12, 1, 0
;__Lib_Math.c,1586 :: 		
0x0BB2	0xD7D1      	BRA         LOOPU3232D
;__Lib_Math.c,1588 :: 		
0x0BB4	0xB000      	BTFSC       R0, 0, 0
;__Lib_Math.c,1589 :: 		
0x0BB6	0xD00E      	BRA         UOK22L
;__Lib_Math.c,1590 :: 		
0x0BB8	0x5004      	MOVF        R4, 0, 0
;__Lib_Math.c,1591 :: 		
0x0BBA	0x2608      	ADDWF       R8, 1, 0
;__Lib_Math.c,1592 :: 		
0x0BBC	0x5005      	MOVF        R5, 0, 0
;__Lib_Math.c,1593 :: 		
0x0BBE	0xB0D8      	BTFSC       STATUS, 0, 0
;__Lib_Math.c,1594 :: 		
0x0BC0	0x3C05      	INCFSZ      R5, 0, 0
;__Lib_Math.c,1595 :: 		
0x0BC2	0x2609      	ADDWF       R9, 1, 0
;__Lib_Math.c,1596 :: 		
0x0BC4	0x5006      	MOVF        R6, 0, 0
;__Lib_Math.c,1597 :: 		
0x0BC6	0xB0D8      	BTFSC       STATUS, 0, 0
;__Lib_Math.c,1598 :: 		
0x0BC8	0x3C06      	INCFSZ      R6, 0, 0
;__Lib_Math.c,1599 :: 		
0x0BCA	0x260A      	ADDWF       R10, 1, 0
;__Lib_Math.c,1600 :: 		
0x0BCC	0x5007      	MOVF        R7, 0, 0
;__Lib_Math.c,1601 :: 		
0x0BCE	0xB0D8      	BTFSC       STATUS, 0, 0
;__Lib_Math.c,1602 :: 		
0x0BD0	0x3C07      	INCFSZ      R7, 0, 0
;__Lib_Math.c,1603 :: 		
0x0BD2	0x260B      	ADDWF       R11, 1, 0
;__Lib_Math.c,1605 :: 		
UOK22L:
;__Lib_Math.c,1607 :: 		
L_end_Div_32x32_U:
0x0BD4	0x0012      	RETURN      0
; end of _Div_32x32_U
_isdigit:
;__Lib_CType.c,23 :: 		
;__Lib_CType.c,24 :: 		
0x0BD6	0x0100      	MOVLB       0
0x0BD8	0x51CE      	MOVF        FARG_isdigit_character, 0, 1
0x0BDA	0x0839      	SUBLW       57
0x0BDC	0xE306      	BNC         L_isdigit9
0x0BDE	0x0E30      	MOVLW       48
0x0BE0	0x5DCE      	SUBWF       FARG_isdigit_character, 0, 1
0x0BE2	0xE303      	BNC         L_isdigit9
0x0BE4	0x0E01      	MOVLW       1
0x0BE6	0x6E00      	MOVWF       R0 
0x0BE8	0xD001      	BRA         L_isdigit8
L_isdigit9:
0x0BEA	0x6A00      	CLRF        R0 
L_isdigit8:
;__Lib_CType.c,25 :: 		
L_end_isdigit:
0x0BEC	0x0012      	RETURN      0
; end of _isdigit
__Lib_Sprintf_fround:
;__Lib_Sprintf.c,132 :: 		
;__Lib_Sprintf.c,134 :: 		
0x0BEE	0x0E6E      	MOVLW       110
0x0BF0	0x0100      	MOVLB       0
0x0BF2	0x5DCE      	SUBWF       FARG___Lib_Sprintf_fround_prec, 0, 1
0x0BF4	0xA0D8      	BTFSS       STATUS, 0 
0x0BF6	0xD0CA      	BRA         L___Lib_Sprintf_fround0
;__Lib_Sprintf.c,135 :: 		
0x0BF8	0x0E64      	MOVLW       100
0x0BFA	0x6E04      	MOVWF       R4 
0x0BFC	0xF000C0CE  	MOVFF       FARG___Lib_Sprintf_fround_prec, R0
0x0C00	0xF001EC23  	CALL        _Div_8X8_U, 0
0x0C04	0x0E12      	MOVLW       18
0x0C06	0x2400      	ADDWF       R0, 0 
0x0C08	0x6E05      	MOVWF       R5 
0x0C0A	0x6A06      	CLRF        R6 
0x0C0C	0x0E00      	MOVLW       0
0x0C0E	0x2206      	ADDWFC      R6, 1 
0x0C10	0xF000C005  	MOVFF       R5, R0
0x0C14	0xF001C006  	MOVFF       R6, R1
0x0C18	0x0E00      	MOVLW       0
0x0C1A	0xBE06      	BTFSC       R6, 7 
0x0C1C	0x0EFF      	MOVLW       255
0x0C1E	0x6E02      	MOVWF       R2 
0x0C20	0x6E03      	MOVWF       R3 
0x0C22	0x3600      	RLCF        R0, 1 
0x0C24	0x9000      	BCF         R0, 0 
0x0C26	0x3601      	RLCF        R1, 1 
0x0C28	0x3602      	RLCF        R2, 1 
0x0C2A	0x3603      	RLCF        R3, 1 
0x0C2C	0x3600      	RLCF        R0, 1 
0x0C2E	0x9000      	BCF         R0, 0 
0x0C30	0x3601      	RLCF        R1, 1 
0x0C32	0x3602      	RLCF        R2, 1 
0x0C34	0x3603      	RLCF        R3, 1 
0x0C36	0x0EB1      	MOVLW       __Lib_Sprintf__npowers_
0x0C38	0x2400      	ADDWF       R0, 0 
0x0C3A	0x6EF6      	MOVWF       TBLPTR 
0x0C3C	0x0E45      	MOVLW       hi_addr(__Lib_Sprintf__npowers_)
0x0C3E	0x2001      	ADDWFC      R1, 0 
0x0C40	0x6EF7      	MOVWF       TBLPTR+1 
0x0C42	0x0E00      	MOVLW       higher_addr(__Lib_Sprintf__npowers_)
0x0C44	0x2002      	ADDWFC      R2, 0 
0x0C46	0x6EF8      	MOVWF       TBLPTR+2 
0x0C48	0x0009      	TBLRD*+
0x0C4A	0xF000CFF5  	MOVFF       TABLAT, R0
0x0C4E	0x0009      	TBLRD*+
0x0C50	0xF001CFF5  	MOVFF       TABLAT, R1
0x0C54	0x0009      	TBLRD*+
0x0C56	0xF002CFF5  	MOVFF       TABLAT, R2
0x0C5A	0x0009      	TBLRD*+
0x0C5C	0xF003CFF5  	MOVFF       TABLAT, R3
0x0C60	0x0E00      	MOVLW       0
0x0C62	0x6E04      	MOVWF       R4 
0x0C64	0x0E00      	MOVLW       0
0x0C66	0x6E05      	MOVWF       R5 
0x0C68	0x0E00      	MOVLW       0
0x0C6A	0x6E06      	MOVWF       R6 
0x0C6C	0x0E7E      	MOVLW       126
0x0C6E	0x6E07      	MOVWF       R7 
0x0C70	0xF001EC32  	CALL        _Mul_32x32_FP, 0
0x0C74	0xF0CFC000  	MOVFF       R0, FLOC___Lib_Sprintf_fround
0x0C78	0xF0D0C001  	MOVFF       R1, FLOC___Lib_Sprintf_fround+1
0x0C7C	0xF0D1C002  	MOVFF       R2, FLOC___Lib_Sprintf_fround+2
0x0C80	0xF0D2C003  	MOVFF       R3, FLOC___Lib_Sprintf_fround+3
0x0C84	0x0E64      	MOVLW       100
0x0C86	0x6E04      	MOVWF       R4 
0x0C88	0xF000C0CE  	MOVFF       FARG___Lib_Sprintf_fround_prec, R0
0x0C8C	0xF001EC23  	CALL        _Div_8X8_U, 0
0x0C90	0xF000C008  	MOVFF       R8, R0
0x0C94	0x0E0A      	MOVLW       10
0x0C96	0x6E04      	MOVWF       R4 
0x0C98	0xF001EC23  	CALL        _Div_8X8_U, 0
0x0C9C	0x0E09      	MOVLW       9
0x0C9E	0x2400      	ADDWF       R0, 0 
0x0CA0	0x6E05      	MOVWF       R5 
0x0CA2	0x6A06      	CLRF        R6 
0x0CA4	0x0E00      	MOVLW       0
0x0CA6	0x2206      	ADDWFC      R6, 1 
0x0CA8	0xF000C005  	MOVFF       R5, R0
0x0CAC	0xF001C006  	MOVFF       R6, R1
0x0CB0	0x0E00      	MOVLW       0
0x0CB2	0xBE06      	BTFSC       R6, 7 
0x0CB4	0x0EFF      	MOVLW       255
0x0CB6	0x6E02      	MOVWF       R2 
0x0CB8	0x6E03      	MOVWF       R3 
0x0CBA	0x3600      	RLCF        R0, 1 
0x0CBC	0x9000      	BCF         R0, 0 
0x0CBE	0x3601      	RLCF        R1, 1 
0x0CC0	0x3602      	RLCF        R2, 1 
0x0CC2	0x3603      	RLCF        R3, 1 
0x0CC4	0x3600      	RLCF        R0, 1 
0x0CC6	0x9000      	BCF         R0, 0 
0x0CC8	0x3601      	RLCF        R1, 1 
0x0CCA	0x3602      	RLCF        R2, 1 
0x0CCC	0x3603      	RLCF        R3, 1 
0x0CCE	0x0EB1      	MOVLW       __Lib_Sprintf__npowers_
0x0CD0	0x2400      	ADDWF       R0, 0 
0x0CD2	0x6EF6      	MOVWF       TBLPTR 
0x0CD4	0x0E45      	MOVLW       hi_addr(__Lib_Sprintf__npowers_)
0x0CD6	0x2001      	ADDWFC      R1, 0 
0x0CD8	0x6EF7      	MOVWF       TBLPTR+1 
0x0CDA	0x0E00      	MOVLW       higher_addr(__Lib_Sprintf__npowers_)
0x0CDC	0x2002      	ADDWFC      R2, 0 
0x0CDE	0x6EF8      	MOVWF       TBLPTR+2 
0x0CE0	0x0009      	TBLRD*+
0x0CE2	0xF000CFF5  	MOVFF       TABLAT, R0
0x0CE6	0x0009      	TBLRD*+
0x0CE8	0xF001CFF5  	MOVFF       TABLAT, R1
0x0CEC	0x0009      	TBLRD*+
0x0CEE	0xF002CFF5  	MOVFF       TABLAT, R2
0x0CF2	0x0009      	TBLRD*+
0x0CF4	0xF003CFF5  	MOVFF       TABLAT, R3
0x0CF8	0xF004C0CF  	MOVFF       FLOC___Lib_Sprintf_fround, R4
0x0CFC	0xF005C0D0  	MOVFF       FLOC___Lib_Sprintf_fround+1, R5
0x0D00	0xF006C0D1  	MOVFF       FLOC___Lib_Sprintf_fround+2, R6
0x0D04	0xF007C0D2  	MOVFF       FLOC___Lib_Sprintf_fround+3, R7
0x0D08	0xF001EC32  	CALL        _Mul_32x32_FP, 0
0x0D0C	0xF0CFC000  	MOVFF       R0, FLOC___Lib_Sprintf_fround
0x0D10	0xF0D0C001  	MOVFF       R1, FLOC___Lib_Sprintf_fround+1
0x0D14	0xF0D1C002  	MOVFF       R2, FLOC___Lib_Sprintf_fround+2
0x0D18	0xF0D2C003  	MOVFF       R3, FLOC___Lib_Sprintf_fround+3
0x0D1C	0x0E0A      	MOVLW       10
0x0D1E	0x6E04      	MOVWF       R4 
0x0D20	0xF000C0CE  	MOVFF       FARG___Lib_Sprintf_fround_prec, R0
0x0D24	0xF001EC23  	CALL        _Div_8X8_U, 0
0x0D28	0xF000C008  	MOVFF       R8, R0
0x0D2C	0xF001C000  	MOVFF       R0, R1
0x0D30	0x0E00      	MOVLW       0
0x0D32	0x6E02      	MOVWF       R2 
0x0D34	0x6E03      	MOVWF       R3 
0x0D36	0x6E04      	MOVWF       R4 
0x0D38	0x3601      	RLCF        R1, 1 
0x0D3A	0x9001      	BCF         R1, 0 
0x0D3C	0x3602      	RLCF        R2, 1 
0x0D3E	0x3603      	RLCF        R3, 1 
0x0D40	0x3604      	RLCF        R4, 1 
0x0D42	0x3601      	RLCF        R1, 1 
0x0D44	0x9001      	BCF         R1, 0 
0x0D46	0x3602      	RLCF        R2, 1 
0x0D48	0x3603      	RLCF        R3, 1 
0x0D4A	0x3604      	RLCF        R4, 1 
0x0D4C	0x0EB1      	MOVLW       __Lib_Sprintf__npowers_
0x0D4E	0x2401      	ADDWF       R1, 0 
0x0D50	0x6EF6      	MOVWF       TBLPTR 
0x0D52	0x0E45      	MOVLW       hi_addr(__Lib_Sprintf__npowers_)
0x0D54	0x2002      	ADDWFC      R2, 0 
0x0D56	0x6EF7      	MOVWF       TBLPTR+1 
0x0D58	0x0E00      	MOVLW       higher_addr(__Lib_Sprintf__npowers_)
0x0D5A	0x2003      	ADDWFC      R3, 0 
0x0D5C	0x6EF8      	MOVWF       TBLPTR+2 
0x0D5E	0x0009      	TBLRD*+
0x0D60	0xF000CFF5  	MOVFF       TABLAT, R0
0x0D64	0x0009      	TBLRD*+
0x0D66	0xF001CFF5  	MOVFF       TABLAT, R1
0x0D6A	0x0009      	TBLRD*+
0x0D6C	0xF002CFF5  	MOVFF       TABLAT, R2
0x0D70	0x0009      	TBLRD*+
0x0D72	0xF003CFF5  	MOVFF       TABLAT, R3
0x0D76	0xF004C0CF  	MOVFF       FLOC___Lib_Sprintf_fround, R4
0x0D7A	0xF005C0D0  	MOVFF       FLOC___Lib_Sprintf_fround+1, R5
0x0D7E	0xF006C0D1  	MOVFF       FLOC___Lib_Sprintf_fround+2, R6
0x0D82	0xF007C0D2  	MOVFF       FLOC___Lib_Sprintf_fround+3, R7
0x0D86	0xF001EC32  	CALL        _Mul_32x32_FP, 0
0x0D8A	0xD0B1      	BRA         L_end_fround
L___Lib_Sprintf_fround0:
;__Lib_Sprintf.c,137 :: 		
0x0D8C	0x51CE      	MOVF        FARG___Lib_Sprintf_fround_prec, 0, 1
0x0D8E	0x080A      	SUBLW       10
0x0D90	0xB0D8      	BTFSC       STATUS, 0 
0x0D92	0xD07E      	BRA         L___Lib_Sprintf_fround2
;__Lib_Sprintf.c,138 :: 		
0x0D94	0x0E0A      	MOVLW       10
0x0D96	0x6E04      	MOVWF       R4 
0x0D98	0xF000C0CE  	MOVFF       FARG___Lib_Sprintf_fround_prec, R0
0x0D9C	0xF001EC23  	CALL        _Div_8X8_U, 0
0x0DA0	0x0E09      	MOVLW       9
0x0DA2	0x2400      	ADDWF       R0, 0 
0x0DA4	0x6E05      	MOVWF       R5 
0x0DA6	0x6A06      	CLRF        R6 
0x0DA8	0x0E00      	MOVLW       0
0x0DAA	0x2206      	ADDWFC      R6, 1 
0x0DAC	0xF000C005  	MOVFF       R5, R0
0x0DB0	0xF001C006  	MOVFF       R6, R1
0x0DB4	0x0E00      	MOVLW       0
0x0DB6	0xBE06      	BTFSC       R6, 7 
0x0DB8	0x0EFF      	MOVLW       255
0x0DBA	0x6E02      	MOVWF       R2 
0x0DBC	0x6E03      	MOVWF       R3 
0x0DBE	0x3600      	RLCF        R0, 1 
0x0DC0	0x9000      	BCF         R0, 0 
0x0DC2	0x3601      	RLCF        R1, 1 
0x0DC4	0x3602      	RLCF        R2, 1 
0x0DC6	0x3603      	RLCF        R3, 1 
0x0DC8	0x3600      	RLCF        R0, 1 
0x0DCA	0x9000      	BCF         R0, 0 
0x0DCC	0x3601      	RLCF        R1, 1 
0x0DCE	0x3602      	RLCF        R2, 1 
0x0DD0	0x3603      	RLCF        R3, 1 
0x0DD2	0x0EB1      	MOVLW       __Lib_Sprintf__npowers_
0x0DD4	0x2400      	ADDWF       R0, 0 
0x0DD6	0x6EF6      	MOVWF       TBLPTR 
0x0DD8	0x0E45      	MOVLW       hi_addr(__Lib_Sprintf__npowers_)
0x0DDA	0x2001      	ADDWFC      R1, 0 
0x0DDC	0x6EF7      	MOVWF       TBLPTR+1 
0x0DDE	0x0E00      	MOVLW       higher_addr(__Lib_Sprintf__npowers_)
0x0DE0	0x2002      	ADDWFC      R2, 0 
0x0DE2	0x6EF8      	MOVWF       TBLPTR+2 
0x0DE4	0x0009      	TBLRD*+
0x0DE6	0xF000CFF5  	MOVFF       TABLAT, R0
0x0DEA	0x0009      	TBLRD*+
0x0DEC	0xF001CFF5  	MOVFF       TABLAT, R1
0x0DF0	0x0009      	TBLRD*+
0x0DF2	0xF002CFF5  	MOVFF       TABLAT, R2
0x0DF6	0x0009      	TBLRD*+
0x0DF8	0xF003CFF5  	MOVFF       TABLAT, R3
0x0DFC	0x0E00      	MOVLW       0
0x0DFE	0x6E04      	MOVWF       R4 
0x0E00	0x0E00      	MOVLW       0
0x0E02	0x6E05      	MOVWF       R5 
0x0E04	0x0E00      	MOVLW       0
0x0E06	0x6E06      	MOVWF       R6 
0x0E08	0x0E7E      	MOVLW       126
0x0E0A	0x6E07      	MOVWF       R7 
0x0E0C	0xF001EC32  	CALL        _Mul_32x32_FP, 0
0x0E10	0xF0CFC000  	MOVFF       R0, FLOC___Lib_Sprintf_fround
0x0E14	0xF0D0C001  	MOVFF       R1, FLOC___Lib_Sprintf_fround+1
0x0E18	0xF0D1C002  	MOVFF       R2, FLOC___Lib_Sprintf_fround+2
0x0E1C	0xF0D2C003  	MOVFF       R3, FLOC___Lib_Sprintf_fround+3
0x0E20	0x0E0A      	MOVLW       10
0x0E22	0x6E04      	MOVWF       R4 
0x0E24	0xF000C0CE  	MOVFF       FARG___Lib_Sprintf_fround_prec, R0
0x0E28	0xF001EC23  	CALL        _Div_8X8_U, 0
0x0E2C	0xF000C008  	MOVFF       R8, R0
0x0E30	0xF001C000  	MOVFF       R0, R1
0x0E34	0x0E00      	MOVLW       0
0x0E36	0x6E02      	MOVWF       R2 
0x0E38	0x6E03      	MOVWF       R3 
0x0E3A	0x6E04      	MOVWF       R4 
0x0E3C	0x3601      	RLCF        R1, 1 
0x0E3E	0x9001      	BCF         R1, 0 
0x0E40	0x3602      	RLCF        R2, 1 
0x0E42	0x3603      	RLCF        R3, 1 
0x0E44	0x3604      	RLCF        R4, 1 
0x0E46	0x3601      	RLCF        R1, 1 
0x0E48	0x9001      	BCF         R1, 0 
0x0E4A	0x3602      	RLCF        R2, 1 
0x0E4C	0x3603      	RLCF        R3, 1 
0x0E4E	0x3604      	RLCF        R4, 1 
0x0E50	0x0EB1      	MOVLW       __Lib_Sprintf__npowers_
0x0E52	0x2401      	ADDWF       R1, 0 
0x0E54	0x6EF6      	MOVWF       TBLPTR 
0x0E56	0x0E45      	MOVLW       hi_addr(__Lib_Sprintf__npowers_)
0x0E58	0x2002      	ADDWFC      R2, 0 
0x0E5A	0x6EF7      	MOVWF       TBLPTR+1 
0x0E5C	0x0E00      	MOVLW       higher_addr(__Lib_Sprintf__npowers_)
0x0E5E	0x2003      	ADDWFC      R3, 0 
0x0E60	0x6EF8      	MOVWF       TBLPTR+2 
0x0E62	0x0009      	TBLRD*+
0x0E64	0xF000CFF5  	MOVFF       TABLAT, R0
0x0E68	0x0009      	TBLRD*+
0x0E6A	0xF001CFF5  	MOVFF       TABLAT, R1
0x0E6E	0x0009      	TBLRD*+
0x0E70	0xF002CFF5  	MOVFF       TABLAT, R2
0x0E74	0x0009      	TBLRD*+
0x0E76	0xF003CFF5  	MOVFF       TABLAT, R3
0x0E7A	0xF004C0CF  	MOVFF       FLOC___Lib_Sprintf_fround, R4
0x0E7E	0xF005C0D0  	MOVFF       FLOC___Lib_Sprintf_fround+1, R5
0x0E82	0xF006C0D1  	MOVFF       FLOC___Lib_Sprintf_fround+2, R6
0x0E86	0xF007C0D2  	MOVFF       FLOC___Lib_Sprintf_fround+3, R7
0x0E8A	0xF001EC32  	CALL        _Mul_32x32_FP, 0
0x0E8E	0xD02F      	BRA         L_end_fround
L___Lib_Sprintf_fround2:
;__Lib_Sprintf.c,139 :: 		
0x0E90	0xF000C0CE  	MOVFF       FARG___Lib_Sprintf_fround_prec, R0
0x0E94	0x0E00      	MOVLW       0
0x0E96	0x6E01      	MOVWF       R1 
0x0E98	0x6E02      	MOVWF       R2 
0x0E9A	0x6E03      	MOVWF       R3 
0x0E9C	0x3600      	RLCF        R0, 1 
0x0E9E	0x9000      	BCF         R0, 0 
0x0EA0	0x3601      	RLCF        R1, 1 
0x0EA2	0x3602      	RLCF        R2, 1 
0x0EA4	0x3603      	RLCF        R3, 1 
0x0EA6	0x3600      	RLCF        R0, 1 
0x0EA8	0x9000      	BCF         R0, 0 
0x0EAA	0x3601      	RLCF        R1, 1 
0x0EAC	0x3602      	RLCF        R2, 1 
0x0EAE	0x3603      	RLCF        R3, 1 
0x0EB0	0x0EB1      	MOVLW       __Lib_Sprintf__npowers_
0x0EB2	0x2400      	ADDWF       R0, 0 
0x0EB4	0x6EF6      	MOVWF       TBLPTR 
0x0EB6	0x0E45      	MOVLW       hi_addr(__Lib_Sprintf__npowers_)
0x0EB8	0x2001      	ADDWFC      R1, 0 
0x0EBA	0x6EF7      	MOVWF       TBLPTR+1 
0x0EBC	0x0E00      	MOVLW       higher_addr(__Lib_Sprintf__npowers_)
0x0EBE	0x2002      	ADDWFC      R2, 0 
0x0EC0	0x6EF8      	MOVWF       TBLPTR+2 
0x0EC2	0x0009      	TBLRD*+
0x0EC4	0xF000CFF5  	MOVFF       TABLAT, R0
0x0EC8	0x0009      	TBLRD*+
0x0ECA	0xF001CFF5  	MOVFF       TABLAT, R1
0x0ECE	0x0009      	TBLRD*+
0x0ED0	0xF002CFF5  	MOVFF       TABLAT, R2
0x0ED4	0x0009      	TBLRD*+
0x0ED6	0xF003CFF5  	MOVFF       TABLAT, R3
0x0EDA	0x0E00      	MOVLW       0
0x0EDC	0x6E04      	MOVWF       R4 
0x0EDE	0x0E00      	MOVLW       0
0x0EE0	0x6E05      	MOVWF       R5 
0x0EE2	0x0E00      	MOVLW       0
0x0EE4	0x6E06      	MOVWF       R6 
0x0EE6	0x0E7E      	MOVLW       126
0x0EE8	0x6E07      	MOVWF       R7 
0x0EEA	0xF001EC32  	CALL        _Mul_32x32_FP, 0
;__Lib_Sprintf.c,140 :: 		
L_end_fround:
0x0EEE	0x0012      	RETURN      0
; end of __Lib_Sprintf_fround
_longword2double:
;__Lib_MathDouble.c,2427 :: 		
;__Lib_MathDouble.c,2434 :: 		
0x0EF0	0x5000      	MOVF        R0, 0, 0
;__Lib_MathDouble.c,2435 :: 		
0x0EF2	0x6E08      	MOVWF       R8, 0
;__Lib_MathDouble.c,2436 :: 		
0x0EF4	0x5001      	MOVF        R1, 0, 0
;__Lib_MathDouble.c,2437 :: 		
0x0EF6	0x6E00      	MOVWF       R0, 0
;__Lib_MathDouble.c,2438 :: 		
0x0EF8	0x5002      	MOVF        R2, 0, 0
;__Lib_MathDouble.c,2439 :: 		
0x0EFA	0x6E01      	MOVWF       R1, 0
;__Lib_MathDouble.c,2440 :: 		
0x0EFC	0x5003      	MOVF        R3, 0, 0
;__Lib_MathDouble.c,2441 :: 		
0x0EFE	0x6E02      	MOVWF       R2, 0
;__Lib_MathDouble.c,2442 :: 		
0x0F00	0x6A03      	CLRF        R3, 0
;__Lib_MathDouble.c,2445 :: 		
0x0F02	0x6A0B      	CLRF        R11, 0
;__Lib_MathDouble.c,2446 :: 		
0x0F04	0x6A0C      	CLRF        R12, 0
;__Lib_MathDouble.c,2448 :: 		
0x0F06	0x0E9E      	MOVLW       158
;__Lib_MathDouble.c,2449 :: 		
0x0F08	0x6E03      	MOVWF       R3, 0
;__Lib_MathDouble.c,2450 :: 		
0x0F0A	0x6A0A      	CLRF        R10, 0
;__Lib_MathDouble.c,2451 :: 		
0x0F0C	0x0E02      	MOVLW       2
;__Lib_MathDouble.c,2452 :: 		
0x0F0E	0x6E0C      	MOVWF       R12, 0
;__Lib_MathDouble.c,2454 :: 		
0x0F10	0xF000EC32  	CALL        _NRM4032, 0
;__Lib_MathDouble.c,2455 :: 		
L_end_longword2double:
0x0F14	0x0012      	RETURN      0
; end of _longword2double
_double2longint:
;__Lib_MathDouble.c,1730 :: 		
;__Lib_MathDouble.c,1740 :: 		
0x0F16	0x6A0B      	CLRF        R11, 0
;__Lib_MathDouble.c,1741 :: 		
0x0F18	0x6A0C      	CLRF        R12, 0
;__Lib_MathDouble.c,1743 :: 		
0x0F1A	0x6A08      	CLRF        R8, 0
;__Lib_MathDouble.c,1744 :: 		
0x0F1C	0x5003      	MOVF        R3, 0, 0
;__Lib_MathDouble.c,1745 :: 		
0x0F1E	0xB4D8      	BTFSC       STATUS, 2, 0
;__Lib_MathDouble.c,1746 :: 		
0x0F20	0xF008EF0F  	GOTO        INT3232EOK
;__Lib_MathDouble.c,1748 :: 		
0x0F24	0xF00AC002  	MOVFF       R2, R10
;__Lib_MathDouble.c,1749 :: 		
0x0F28	0x8E02      	BSF         R2, 7, 0
;__Lib_MathDouble.c,1751 :: 		
0x0F2A	0x0E9E      	MOVLW       158
;__Lib_MathDouble.c,1752 :: 		
0x0F2C	0x5E03      	SUBWF       R3, 1, 0
;__Lib_MathDouble.c,1753 :: 		
0x0F2E	0xAE03      	BTFSS       R3, 7, 0
;__Lib_MathDouble.c,1754 :: 		
0x0F30	0xF007EFFF  	GOTO        SETIOV32
;__Lib_MathDouble.c,1755 :: 		
0x0F34	0x6C03      	NEGF        R3, 0
;__Lib_MathDouble.c,1757 :: 		
0x0F36	0x0E08      	MOVLW       8
;__Lib_MathDouble.c,1758 :: 		
0x0F38	0x5C03      	SUBWF       R3, 0, 0
;__Lib_MathDouble.c,1759 :: 		
0x0F3A	0xA0D8      	BTFSS       STATUS, 0, 0
;__Lib_MathDouble.c,1760 :: 		
0x0F3C	0xF007EFCC  	GOTO        TSHIFT3232
;__Lib_MathDouble.c,1761 :: 		
0x0F40	0x6E03      	MOVWF       R3, 0
;__Lib_MathDouble.c,1762 :: 		
0x0F42	0x3608      	RLCF        R8, 1, 0
;__Lib_MathDouble.c,1763 :: 		
0x0F44	0xF008C000  	MOVFF       R0, R8
;__Lib_MathDouble.c,1764 :: 		
0x0F48	0xF000C001  	MOVFF       R1, R0
;__Lib_MathDouble.c,1765 :: 		
0x0F4C	0xF001C002  	MOVFF       R2, R1
;__Lib_MathDouble.c,1766 :: 		
0x0F50	0x6A02      	CLRF        R2, 0
;__Lib_MathDouble.c,1768 :: 		
0x0F52	0x0E08      	MOVLW       8
;__Lib_MathDouble.c,1769 :: 		
0x0F54	0x5C03      	SUBWF       R3, 0, 0
;__Lib_MathDouble.c,1770 :: 		
0x0F56	0xA0D8      	BTFSS       STATUS, 0, 0
;__Lib_MathDouble.c,1771 :: 		
0x0F58	0xF007EFCC  	GOTO        TSHIFT3232
;__Lib_MathDouble.c,1772 :: 		
0x0F5C	0x6E03      	MOVWF       R3, 0
;__Lib_MathDouble.c,1773 :: 		
0x0F5E	0x3608      	RLCF        R8, 1, 0
;__Lib_MathDouble.c,1774 :: 		
0x0F60	0xF008C000  	MOVFF       R0, R8
;__Lib_MathDouble.c,1775 :: 		
0x0F64	0xF000C001  	MOVFF       R1, R0
;__Lib_MathDouble.c,1776 :: 		
0x0F68	0x6A01      	CLRF        R1, 0
;__Lib_MathDouble.c,1778 :: 		
0x0F6A	0x0E08      	MOVLW       8
;__Lib_MathDouble.c,1779 :: 		
0x0F6C	0x5C03      	SUBWF       R3, 0, 0
;__Lib_MathDouble.c,1780 :: 		
0x0F6E	0xA0D8      	BTFSS       STATUS, 0, 0
;__Lib_MathDouble.c,1781 :: 		
0x0F70	0xF007EFCC  	GOTO        TSHIFT3232
;__Lib_MathDouble.c,1782 :: 		
0x0F74	0x6E03      	MOVWF       R3, 0
;__Lib_MathDouble.c,1783 :: 		
0x0F76	0x3608      	RLCF        R8, 1, 0
;__Lib_MathDouble.c,1784 :: 		
0x0F78	0xF008C000  	MOVFF       R0, R8
;__Lib_MathDouble.c,1785 :: 		
0x0F7C	0x6A00      	CLRF        R0, 0
;__Lib_MathDouble.c,1787 :: 		
0x0F7E	0x0E08      	MOVLW       8
;__Lib_MathDouble.c,1788 :: 		
0x0F80	0x5C03      	SUBWF       R3, 0, 0
;__Lib_MathDouble.c,1789 :: 		
0x0F82	0xA0D8      	BTFSS       STATUS, 0, 0
;__Lib_MathDouble.c,1790 :: 		
0x0F84	0xF007EFCC  	GOTO        TSHIFT3232
;__Lib_MathDouble.c,1791 :: 		
0x0F88	0x6E03      	MOVWF       R3, 0
;__Lib_MathDouble.c,1792 :: 		
0x0F8A	0x3608      	RLCF        R8, 1, 0
;__Lib_MathDouble.c,1793 :: 		
0x0F8C	0x6A08      	CLRF        R8, 0
;__Lib_MathDouble.c,1794 :: 		
0x0F8E	0x5003      	MOVF        R3, 0, 0
;__Lib_MathDouble.c,1795 :: 		
0x0F90	0xA4D8      	BTFSS       STATUS, 2, 0
;__Lib_MathDouble.c,1796 :: 		
0x0F92	0x90D8      	BCF         STATUS, 0, 0
;__Lib_MathDouble.c,1797 :: 		
0x0F94	0xF007EFD8  	GOTO        SHIFT3232OK
;__Lib_MathDouble.c,1798 :: 		
TSHIFT3232:
;__Lib_MathDouble.c,1799 :: 		
0x0F98	0x5003      	MOVF        R3, 0, 0
;__Lib_MathDouble.c,1800 :: 		
0x0F9A	0xB4D8      	BTFSC       STATUS, 2, 0
;__Lib_MathDouble.c,1801 :: 		
0x0F9C	0xF007EFD8  	GOTO        SHIFT3232OK
;__Lib_MathDouble.c,1802 :: 		
SHIFT3232:
;__Lib_MathDouble.c,1803 :: 		
0x0FA0	0x90D8      	BCF         STATUS, 0, 0
;__Lib_MathDouble.c,1804 :: 		
0x0FA2	0x3202      	RRCF        R2, 1, 0
;__Lib_MathDouble.c,1805 :: 		
0x0FA4	0x3201      	RRCF        R1, 1, 0
;__Lib_MathDouble.c,1806 :: 		
0x0FA6	0x3200      	RRCF        R0, 1, 0
;__Lib_MathDouble.c,1807 :: 		
0x0FA8	0x3208      	RRCF        R8, 1, 0
;__Lib_MathDouble.c,1808 :: 		
0x0FAA	0x2E03      	DECFSZ      R3, 1, 0
;__Lib_MathDouble.c,1809 :: 		
0x0FAC	0xF007EFD0  	GOTO        SHIFT3232
;__Lib_MathDouble.c,1810 :: 		
SHIFT3232OK:
;__Lib_MathDouble.c,1811 :: 		
0x0FB0	0xBC0B      	BTFSC       R11, 6, 0
;__Lib_MathDouble.c,1812 :: 		
0x0FB2	0xA008      	BTFSS       R8, 0, 0
;__Lib_MathDouble.c,1813 :: 		
0x0FB4	0xF007EFE9  	GOTO        INT3232OK
;__Lib_MathDouble.c,1814 :: 		
0x0FB8	0xA0D8      	BTFSS       STATUS, 0, 0
;__Lib_MathDouble.c,1815 :: 		
0x0FBA	0xF007EFE9  	GOTO        INT3232OK
;__Lib_MathDouble.c,1816 :: 		
0x0FBE	0x2A08      	INCF        R8, 1, 0
;__Lib_MathDouble.c,1817 :: 		
0x0FC0	0xB4D8      	BTFSC       STATUS, 2, 0
;__Lib_MathDouble.c,1818 :: 		
0x0FC2	0x2A00      	INCF        R0, 1, 0
;__Lib_MathDouble.c,1819 :: 		
0x0FC4	0xB4D8      	BTFSC       STATUS, 2, 0
;__Lib_MathDouble.c,1820 :: 		
0x0FC6	0x2A01      	INCF        R1, 1, 0
;__Lib_MathDouble.c,1821 :: 		
0x0FC8	0xB4D8      	BTFSC       STATUS, 2, 0
;__Lib_MathDouble.c,1822 :: 		
0x0FCA	0x2A02      	INCF        R2, 1, 0
;__Lib_MathDouble.c,1823 :: 		
0x0FCC	0xBE02      	BTFSC       R2, 7, 0
;__Lib_MathDouble.c,1824 :: 		
0x0FCE	0xF008EF13  	GOTO        JPISETIOV3224
;__Lib_MathDouble.c,1825 :: 		
INT3232OK:
;__Lib_MathDouble.c,1826 :: 		
0x0FD2	0xAE0A      	BTFSS       R10, 7, 0
;__Lib_MathDouble.c,1827 :: 		
0x0FD4	0xF008EF0F  	GOTO        INT3232EOK
;__Lib_MathDouble.c,1829 :: 		
0x0FD8	0x1E02      	COMF        R2, 1, 0
;__Lib_MathDouble.c,1830 :: 		
0x0FDA	0x1E01      	COMF        R1, 1, 0
;__Lib_MathDouble.c,1831 :: 		
0x0FDC	0x1E00      	COMF        R0, 1, 0
;__Lib_MathDouble.c,1832 :: 		
0x0FDE	0x1E08      	COMF        R8, 1, 0
;__Lib_MathDouble.c,1833 :: 		
0x0FE0	0x2A08      	INCF        R8, 1, 0
;__Lib_MathDouble.c,1834 :: 		
0x0FE2	0xB4D8      	BTFSC       STATUS, 2, 0
;__Lib_MathDouble.c,1835 :: 		
0x0FE4	0x2A00      	INCF        R0, 1, 0
;__Lib_MathDouble.c,1836 :: 		
0x0FE6	0xB4D8      	BTFSC       STATUS, 2, 0
;__Lib_MathDouble.c,1837 :: 		
0x0FE8	0x2A01      	INCF        R1, 1, 0
;__Lib_MathDouble.c,1838 :: 		
0x0FEA	0xB4D8      	BTFSC       STATUS, 2, 0
;__Lib_MathDouble.c,1839 :: 		
0x0FEC	0x2A02      	INCF        R2, 1, 0
;__Lib_MathDouble.c,1840 :: 		
0x0FEE	0xF008EF0F  	GOTO        INT3232EOK
;__Lib_MathDouble.c,1842 :: 		
0x0FF2	0x6A02      	CLRF        R2, 0
;__Lib_MathDouble.c,1843 :: 		
0x0FF4	0x6A01      	CLRF        R1, 0
;__Lib_MathDouble.c,1844 :: 		
0x0FF6	0x6A00      	CLRF        R0, 0
;__Lib_MathDouble.c,1845 :: 		
0x0FF8	0x6A08      	CLRF        R8, 0
;__Lib_MathDouble.c,1846 :: 		
0x0FFA	0xF008EF0F  	GOTO        INT3232EOK
;__Lib_MathDouble.c,1847 :: 		
SETIOV32:
;__Lib_MathDouble.c,1848 :: 		
0x0FFE	0x800B      	BSF         R11, 0, 0
;__Lib_MathDouble.c,1849 :: 		
0x1000	0xAE0B      	BTFSS       R11, 7, 0
;__Lib_MathDouble.c,1850 :: 		
0x1002	0xF008EF1A  	GOTO        INT3232EER
;__Lib_MathDouble.c,1852 :: 		
0x1006	0x6A02      	CLRF        R2, 0
;__Lib_MathDouble.c,1853 :: 		
0x1008	0xAE0A      	BTFSS       R10, 7, 0
;__Lib_MathDouble.c,1854 :: 		
0x100A	0xF008EF1A  	GOTO        INT3232EER
;__Lib_MathDouble.c,1855 :: 		
0x100E	0x6E02      	MOVWF       R2, 0
;__Lib_MathDouble.c,1856 :: 		
0x1010	0x6E01      	MOVWF       R1, 0
;__Lib_MathDouble.c,1857 :: 		
0x1012	0x6E00      	MOVWF       R0, 0
;__Lib_MathDouble.c,1858 :: 		
0x1014	0x6E08      	MOVWF       R8, 0
;__Lib_MathDouble.c,1859 :: 		
0x1016	0x360A      	RLCF        R10, 1, 0
;__Lib_MathDouble.c,1860 :: 		
0x1018	0x3202      	RRCF        R2, 1, 0
;__Lib_MathDouble.c,1861 :: 		
0x101A	0xF008EF1A  	GOTO        INT3232EER
;__Lib_MathDouble.c,1863 :: 		
INT3232EOK:
;__Lib_MathDouble.c,1864 :: 		
0x101E	0x6A0C      	CLRF        R12, 0
;__Lib_MathDouble.c,1865 :: 		
0x1020	0x0E00      	MOVLW       0
;__Lib_MathDouble.c,1866 :: 		
0x1022	0xF008EF1B  	GOTO        INT3232EEE
;__Lib_MathDouble.c,1867 :: 		
JPISETIOV3224:
;__Lib_MathDouble.c,1868 :: 		
0x1026	0x0E01      	MOVLW       1
;__Lib_MathDouble.c,1869 :: 		
0x1028	0x6E0C      	MOVWF       R12, 0
;__Lib_MathDouble.c,1870 :: 		
0x102A	0x0E00      	MOVLW       0
;__Lib_MathDouble.c,1872 :: 		
0x102C	0xF003ECD6  	CALL        _SETIOV3224, 0
;__Lib_MathDouble.c,1874 :: 		
0x1030	0xF008EF1B  	GOTO        INT3232EEE
;__Lib_MathDouble.c,1875 :: 		
INT3232EER:
;__Lib_MathDouble.c,1876 :: 		
0x1034	0x0EFF      	MOVLW       255
;__Lib_MathDouble.c,1877 :: 		
INT3232EEE:
;__Lib_MathDouble.c,1878 :: 		
0x1036	0x5002      	MOVF        R2, 0, 0
;__Lib_MathDouble.c,1879 :: 		
0x1038	0x6E03      	MOVWF       R3, 0
;__Lib_MathDouble.c,1880 :: 		
0x103A	0x5001      	MOVF        R1, 0, 0
;__Lib_MathDouble.c,1881 :: 		
0x103C	0x6E02      	MOVWF       R2, 0
;__Lib_MathDouble.c,1882 :: 		
0x103E	0x5000      	MOVF        R0, 0, 0
;__Lib_MathDouble.c,1883 :: 		
0x1040	0x6E01      	MOVWF       R1, 0
;__Lib_MathDouble.c,1884 :: 		
0x1042	0x5008      	MOVF        R8, 0, 0
;__Lib_MathDouble.c,1885 :: 		
0x1044	0x6E00      	MOVWF       R0, 0
;__Lib_MathDouble.c,1890 :: 		
L_end_double2longint:
0x1046	0x0012      	RETURN      0
; end of _double2longint
_Lcd_Cmd:
;__Lib_Lcd.c,18 :: 		
;__Lib_Lcd.c,20 :: 		
0x1048	0x0100      	MOVLB       0
0x104A	0xBFCE      	BTFSC       FARG_Lcd_Cmd_out_char, 7, 1
0x104C	0xD002      	BRA         L__Lcd_Cmd21
0x104E	0x9681      	BCF         LCD_D7, BitPos(LCD_D7+0) 
0x1050	0xD001      	BRA         L__Lcd_Cmd22
L__Lcd_Cmd21:
0x1052	0x8681      	BSF         LCD_D7, BitPos(LCD_D7+0) 
L__Lcd_Cmd22:
;__Lib_Lcd.c,21 :: 		
0x1054	0xBDCE      	BTFSC       FARG_Lcd_Cmd_out_char, 6, 1
0x1056	0xD002      	BRA         L__Lcd_Cmd23
0x1058	0x9481      	BCF         LCD_D6, BitPos(LCD_D6+0) 
0x105A	0xD001      	BRA         L__Lcd_Cmd24
L__Lcd_Cmd23:
0x105C	0x8481      	BSF         LCD_D6, BitPos(LCD_D6+0) 
L__Lcd_Cmd24:
;__Lib_Lcd.c,22 :: 		
0x105E	0xBBCE      	BTFSC       FARG_Lcd_Cmd_out_char, 5, 1
0x1060	0xD002      	BRA         L__Lcd_Cmd25
0x1062	0x9281      	BCF         LCD_D5, BitPos(LCD_D5+0) 
0x1064	0xD001      	BRA         L__Lcd_Cmd26
L__Lcd_Cmd25:
0x1066	0x8281      	BSF         LCD_D5, BitPos(LCD_D5+0) 
L__Lcd_Cmd26:
;__Lib_Lcd.c,23 :: 		
0x1068	0xB9CE      	BTFSC       FARG_Lcd_Cmd_out_char, 4, 1
0x106A	0xD002      	BRA         L__Lcd_Cmd27
0x106C	0x9081      	BCF         LCD_D4, BitPos(LCD_D4+0) 
0x106E	0xD001      	BRA         L__Lcd_Cmd28
L__Lcd_Cmd27:
0x1070	0x8081      	BSF         LCD_D4, BitPos(LCD_D4+0) 
L__Lcd_Cmd28:
;__Lib_Lcd.c,25 :: 		
0x1072	0xB188      	BTFSC       __Lib_Lcd_cmd_status, BitPos(__Lib_Lcd_cmd_status+0), 1
0x1074	0xD002      	BRA         L__Lcd_Cmd29
0x1076	0x8881      	BSF         LCD_RS, BitPos(LCD_RS+0) 
0x1078	0xD001      	BRA         L__Lcd_Cmd30
L__Lcd_Cmd29:
0x107A	0x9881      	BCF         LCD_RS, BitPos(LCD_RS+0) 
L__Lcd_Cmd30:
;__Lib_Lcd.c,28 :: 		
0x107C	0x8A81      	BSF         LCD_EN, BitPos(LCD_EN+0) 
;__Lib_Lcd.c,29 :: 		
0x107E	0xDC2F      	RCALL       _Delay_1us
;__Lib_Lcd.c,30 :: 		
0x1080	0x9A81      	BCF         LCD_EN, BitPos(LCD_EN+0) 
;__Lib_Lcd.c,33 :: 		
0x1082	0xB7CE      	BTFSC       FARG_Lcd_Cmd_out_char, 3, 1
0x1084	0xD002      	BRA         L__Lcd_Cmd31
0x1086	0x9681      	BCF         LCD_D7, BitPos(LCD_D7+0) 
0x1088	0xD001      	BRA         L__Lcd_Cmd32
L__Lcd_Cmd31:
0x108A	0x8681      	BSF         LCD_D7, BitPos(LCD_D7+0) 
L__Lcd_Cmd32:
;__Lib_Lcd.c,34 :: 		
0x108C	0xB5CE      	BTFSC       FARG_Lcd_Cmd_out_char, 2, 1
0x108E	0xD002      	BRA         L__Lcd_Cmd33
0x1090	0x9481      	BCF         LCD_D6, BitPos(LCD_D6+0) 
0x1092	0xD001      	BRA         L__Lcd_Cmd34
L__Lcd_Cmd33:
0x1094	0x8481      	BSF         LCD_D6, BitPos(LCD_D6+0) 
L__Lcd_Cmd34:
;__Lib_Lcd.c,35 :: 		
0x1096	0xB3CE      	BTFSC       FARG_Lcd_Cmd_out_char, 1, 1
0x1098	0xD002      	BRA         L__Lcd_Cmd35
0x109A	0x9281      	BCF         LCD_D5, BitPos(LCD_D5+0) 
0x109C	0xD001      	BRA         L__Lcd_Cmd36
L__Lcd_Cmd35:
0x109E	0x8281      	BSF         LCD_D5, BitPos(LCD_D5+0) 
L__Lcd_Cmd36:
;__Lib_Lcd.c,36 :: 		
0x10A0	0xB1CE      	BTFSC       FARG_Lcd_Cmd_out_char, 0, 1
0x10A2	0xD002      	BRA         L__Lcd_Cmd37
0x10A4	0x9081      	BCF         LCD_D4, BitPos(LCD_D4+0) 
0x10A6	0xD001      	BRA         L__Lcd_Cmd38
L__Lcd_Cmd37:
0x10A8	0x8081      	BSF         LCD_D4, BitPos(LCD_D4+0) 
L__Lcd_Cmd38:
;__Lib_Lcd.c,38 :: 		
0x10AA	0xB188      	BTFSC       __Lib_Lcd_cmd_status, BitPos(__Lib_Lcd_cmd_status+0), 1
0x10AC	0xD002      	BRA         L__Lcd_Cmd39
0x10AE	0x8881      	BSF         LCD_RS, BitPos(LCD_RS+0) 
0x10B0	0xD001      	BRA         L__Lcd_Cmd40
L__Lcd_Cmd39:
0x10B2	0x9881      	BCF         LCD_RS, BitPos(LCD_RS+0) 
L__Lcd_Cmd40:
;__Lib_Lcd.c,40 :: 		
0x10B4	0x8A81      	BSF         LCD_EN, BitPos(LCD_EN+0) 
;__Lib_Lcd.c,41 :: 		
0x10B6	0xDC13      	RCALL       _Delay_1us
;__Lib_Lcd.c,42 :: 		
0x10B8	0x9A81      	BCF         LCD_EN, BitPos(LCD_EN+0) 
;__Lib_Lcd.c,44 :: 		
0x10BA	0xA188      	BTFSS       __Lib_Lcd_cmd_status, BitPos(__Lib_Lcd_cmd_status+0), 1
0x10BC	0xD003      	BRA         L_Lcd_Cmd0
;__Lib_Lcd.c,45 :: 		
0x10BE	0xF004EC33  	CALL        _Delay_5500us, 0
0x10C2	0xD002      	BRA         L_Lcd_Cmd1
L_Lcd_Cmd0:
;__Lib_Lcd.c,47 :: 		
0x10C4	0xF004EC3E  	CALL        _Delay_50us, 0
L_Lcd_Cmd1:
;__Lib_Lcd.c,48 :: 		
L_end_Lcd_Cmd:
0x10C8	0x0012      	RETURN      0
; end of _Lcd_Cmd
__Lib_Sprintf_scale:
;__Lib_Sprintf.c,145 :: 		
;__Lib_Sprintf.c,146 :: 		
0x10CA	0x0E80      	MOVLW       128
0x10CC	0x0100      	MOVLB       0
0x10CE	0x19CE      	XORWF       FARG___Lib_Sprintf_scale_scl, 0, 1
0x10D0	0x6E00      	MOVWF       R0 
0x10D2	0x0E80      	MOVLW       128
0x10D4	0x0A00      	XORLW       0
0x10D6	0x5C00      	SUBWF       R0, 0 
0x10D8	0xB0D8      	BTFSC       STATUS, 0 
0x10DA	0xD16D      	BRA         L___Lib_Sprintf_scale3
;__Lib_Sprintf.c,147 :: 		
0x10DC	0x51CE      	MOVF        FARG___Lib_Sprintf_scale_scl, 0, 1
0x10DE	0x0800      	SUBLW       0
0x10E0	0x6E01      	MOVWF       R1 
0x10E2	0xF0CEC001  	MOVFF       R1, FARG___Lib_Sprintf_scale_scl
;__Lib_Sprintf.c,148 :: 		
0x10E6	0x0E80      	MOVLW       128
0x10E8	0x1801      	XORWF       R1, 0 
0x10EA	0x6E00      	MOVWF       R0 
0x10EC	0x0E80      	MOVLW       128
0x10EE	0x0A6E      	XORLW       110
0x10F0	0x5C00      	SUBWF       R0, 0 
0x10F2	0xA0D8      	BTFSS       STATUS, 0 
0x10F4	0xD0C0      	BRA         L___Lib_Sprintf_scale4
;__Lib_Sprintf.c,149 :: 		
0x10F6	0x0E64      	MOVLW       100
0x10F8	0x6E04      	MOVWF       R4 
0x10FA	0xF000C0CE  	MOVFF       FARG___Lib_Sprintf_scale_scl, R0
0x10FE	0xF003ECE4  	CALL        _Div_8X8_S, 0
0x1102	0x0E12      	MOVLW       18
0x1104	0x2400      	ADDWF       R0, 0 
0x1106	0x6E05      	MOVWF       R5 
0x1108	0x0E00      	MOVLW       0
0x110A	0xBE00      	BTFSC       R0, 7 
0x110C	0x0EFF      	MOVLW       255
0x110E	0x6E06      	MOVWF       R6 
0x1110	0x0E00      	MOVLW       0
0x1112	0x2206      	ADDWFC      R6, 1 
0x1114	0xF000C005  	MOVFF       R5, R0
0x1118	0xF001C006  	MOVFF       R6, R1
0x111C	0x0E00      	MOVLW       0
0x111E	0xBE06      	BTFSC       R6, 7 
0x1120	0x0EFF      	MOVLW       255
0x1122	0x6E02      	MOVWF       R2 
0x1124	0x6E03      	MOVWF       R3 
0x1126	0x3600      	RLCF        R0, 1 
0x1128	0x9000      	BCF         R0, 0 
0x112A	0x3601      	RLCF        R1, 1 
0x112C	0x3602      	RLCF        R2, 1 
0x112E	0x3603      	RLCF        R3, 1 
0x1130	0x3600      	RLCF        R0, 1 
0x1132	0x9000      	BCF         R0, 0 
0x1134	0x3601      	RLCF        R1, 1 
0x1136	0x3602      	RLCF        R2, 1 
0x1138	0x3603      	RLCF        R3, 1 
0x113A	0x0EB1      	MOVLW       __Lib_Sprintf__npowers_
0x113C	0x2400      	ADDWF       R0, 0 
0x113E	0x6EF6      	MOVWF       TBLPTR 
0x1140	0x0E45      	MOVLW       hi_addr(__Lib_Sprintf__npowers_)
0x1142	0x2001      	ADDWFC      R1, 0 
0x1144	0x6EF7      	MOVWF       TBLPTR+1 
0x1146	0x0E00      	MOVLW       higher_addr(__Lib_Sprintf__npowers_)
0x1148	0x2002      	ADDWFC      R2, 0 
0x114A	0x6EF8      	MOVWF       TBLPTR+2 
0x114C	0x0009      	TBLRD*+
0x114E	0xF0CFCFF5  	MOVFF       TABLAT, FLOC___Lib_Sprintf_scale
0x1152	0x0009      	TBLRD*+
0x1154	0xF0D0CFF5  	MOVFF       TABLAT, FLOC___Lib_Sprintf_scale+1
0x1158	0x0009      	TBLRD*+
0x115A	0xF0D1CFF5  	MOVFF       TABLAT, FLOC___Lib_Sprintf_scale+2
0x115E	0x0009      	TBLRD*+
0x1160	0xF0D2CFF5  	MOVFF       TABLAT, FLOC___Lib_Sprintf_scale+3
0x1164	0x0E64      	MOVLW       100
0x1166	0x6E04      	MOVWF       R4 
0x1168	0xF000C0CE  	MOVFF       FARG___Lib_Sprintf_scale_scl, R0
0x116C	0xF003ECE4  	CALL        _Div_8X8_S, 0
0x1170	0xF000C008  	MOVFF       R8, R0
0x1174	0x0E0A      	MOVLW       10
0x1176	0x6E04      	MOVWF       R4 
0x1178	0xF003ECE4  	CALL        _Div_8X8_S, 0
0x117C	0x0E09      	MOVLW       9
0x117E	0x2400      	ADDWF       R0, 0 
0x1180	0x6E05      	MOVWF       R5 
0x1182	0x0E00      	MOVLW       0
0x1184	0xBE00      	BTFSC       R0, 7 
0x1186	0x0EFF      	MOVLW       255
0x1188	0x6E06      	MOVWF       R6 
0x118A	0x0E00      	MOVLW       0
0x118C	0x2206      	ADDWFC      R6, 1 
0x118E	0xF000C005  	MOVFF       R5, R0
0x1192	0xF001C006  	MOVFF       R6, R1
0x1196	0x0E00      	MOVLW       0
0x1198	0xBE06      	BTFSC       R6, 7 
0x119A	0x0EFF      	MOVLW       255
0x119C	0x6E02      	MOVWF       R2 
0x119E	0x6E03      	MOVWF       R3 
0x11A0	0x3600      	RLCF        R0, 1 
0x11A2	0x9000      	BCF         R0, 0 
0x11A4	0x3601      	RLCF        R1, 1 
0x11A6	0x3602      	RLCF        R2, 1 
0x11A8	0x3603      	RLCF        R3, 1 
0x11AA	0x3600      	RLCF        R0, 1 
0x11AC	0x9000      	BCF         R0, 0 
0x11AE	0x3601      	RLCF        R1, 1 
0x11B0	0x3602      	RLCF        R2, 1 
0x11B2	0x3603      	RLCF        R3, 1 
0x11B4	0x0EB1      	MOVLW       __Lib_Sprintf__npowers_
0x11B6	0x2400      	ADDWF       R0, 0 
0x11B8	0x6EF6      	MOVWF       TBLPTR 
0x11BA	0x0E45      	MOVLW       hi_addr(__Lib_Sprintf__npowers_)
0x11BC	0x2001      	ADDWFC      R1, 0 
0x11BE	0x6EF7      	MOVWF       TBLPTR+1 
0x11C0	0x0E00      	MOVLW       higher_addr(__Lib_Sprintf__npowers_)
0x11C2	0x2002      	ADDWFC      R2, 0 
0x11C4	0x6EF8      	MOVWF       TBLPTR+2 
0x11C6	0x0009      	TBLRD*+
0x11C8	0xF000CFF5  	MOVFF       TABLAT, R0
0x11CC	0x0009      	TBLRD*+
0x11CE	0xF001CFF5  	MOVFF       TABLAT, R1
0x11D2	0x0009      	TBLRD*+
0x11D4	0xF002CFF5  	MOVFF       TABLAT, R2
0x11D8	0x0009      	TBLRD*+
0x11DA	0xF003CFF5  	MOVFF       TABLAT, R3
0x11DE	0xF004C0CF  	MOVFF       FLOC___Lib_Sprintf_scale, R4
0x11E2	0xF005C0D0  	MOVFF       FLOC___Lib_Sprintf_scale+1, R5
0x11E6	0xF006C0D1  	MOVFF       FLOC___Lib_Sprintf_scale+2, R6
0x11EA	0xF007C0D2  	MOVFF       FLOC___Lib_Sprintf_scale+3, R7
0x11EE	0xF001EC32  	CALL        _Mul_32x32_FP, 0
0x11F2	0xF0CFC000  	MOVFF       R0, FLOC___Lib_Sprintf_scale
0x11F6	0xF0D0C001  	MOVFF       R1, FLOC___Lib_Sprintf_scale+1
0x11FA	0xF0D1C002  	MOVFF       R2, FLOC___Lib_Sprintf_scale+2
0x11FE	0xF0D2C003  	MOVFF       R3, FLOC___Lib_Sprintf_scale+3
0x1202	0x0E0A      	MOVLW       10
0x1204	0x6E04      	MOVWF       R4 
0x1206	0xF000C0CE  	MOVFF       FARG___Lib_Sprintf_scale_scl, R0
0x120A	0xF003ECE4  	CALL        _Div_8X8_S, 0
0x120E	0xF000C008  	MOVFF       R8, R0
0x1212	0xF001C000  	MOVFF       R0, R1
0x1216	0x0E00      	MOVLW       0
0x1218	0xBE00      	BTFSC       R0, 7 
0x121A	0x0EFF      	MOVLW       255
0x121C	0x6E02      	MOVWF       R2 
0x121E	0x6E03      	MOVWF       R3 
0x1220	0x6E04      	MOVWF       R4 
0x1222	0x3601      	RLCF        R1, 1 
0x1224	0x9001      	BCF         R1, 0 
0x1226	0x3602      	RLCF        R2, 1 
0x1228	0x3603      	RLCF        R3, 1 
0x122A	0x3604      	RLCF        R4, 1 
0x122C	0x3601      	RLCF        R1, 1 
0x122E	0x9001      	BCF         R1, 0 
0x1230	0x3602      	RLCF        R2, 1 
0x1232	0x3603      	RLCF        R3, 1 
0x1234	0x3604      	RLCF        R4, 1 
0x1236	0x0EB1      	MOVLW       __Lib_Sprintf__npowers_
0x1238	0x2401      	ADDWF       R1, 0 
0x123A	0x6EF6      	MOVWF       TBLPTR 
0x123C	0x0E45      	MOVLW       hi_addr(__Lib_Sprintf__npowers_)
0x123E	0x2002      	ADDWFC      R2, 0 
0x1240	0x6EF7      	MOVWF       TBLPTR+1 
0x1242	0x0E00      	MOVLW       higher_addr(__Lib_Sprintf__npowers_)
0x1244	0x2003      	ADDWFC      R3, 0 
0x1246	0x6EF8      	MOVWF       TBLPTR+2 
0x1248	0x0009      	TBLRD*+
0x124A	0xF000CFF5  	MOVFF       TABLAT, R0
0x124E	0x0009      	TBLRD*+
0x1250	0xF001CFF5  	MOVFF       TABLAT, R1
0x1254	0x0009      	TBLRD*+
0x1256	0xF002CFF5  	MOVFF       TABLAT, R2
0x125A	0x0009      	TBLRD*+
0x125C	0xF003CFF5  	MOVFF       TABLAT, R3
0x1260	0xF004C0CF  	MOVFF       FLOC___Lib_Sprintf_scale, R4
0x1264	0xF005C0D0  	MOVFF       FLOC___Lib_Sprintf_scale+1, R5
0x1268	0xF006C0D1  	MOVFF       FLOC___Lib_Sprintf_scale+2, R6
0x126C	0xF007C0D2  	MOVFF       FLOC___Lib_Sprintf_scale+3, R7
0x1270	0xF001EC32  	CALL        _Mul_32x32_FP, 0
0x1274	0xD207      	BRA         L_end_scale
L___Lib_Sprintf_scale4:
;__Lib_Sprintf.c,151 :: 		
0x1276	0x0E80      	MOVLW       128
0x1278	0x0A0A      	XORLW       10
0x127A	0x6E00      	MOVWF       R0 
0x127C	0x0E80      	MOVLW       128
0x127E	0x19CE      	XORWF       FARG___Lib_Sprintf_scale_scl, 0, 1
0x1280	0x5C00      	SUBWF       R0, 0 
0x1282	0xE271      	BC          L___Lib_Sprintf_scale6
;__Lib_Sprintf.c,152 :: 		
0x1284	0x0E0A      	MOVLW       10
0x1286	0x6E04      	MOVWF       R4 
0x1288	0xF000C0CE  	MOVFF       FARG___Lib_Sprintf_scale_scl, R0
0x128C	0xF003ECE4  	CALL        _Div_8X8_S, 0
0x1290	0x0E09      	MOVLW       9
0x1292	0x2400      	ADDWF       R0, 0 
0x1294	0x6E05      	MOVWF       R5 
0x1296	0x0E00      	MOVLW       0
0x1298	0xBE00      	BTFSC       R0, 7 
0x129A	0x0EFF      	MOVLW       255
0x129C	0x6E06      	MOVWF       R6 
0x129E	0x0E00      	MOVLW       0
0x12A0	0x2206      	ADDWFC      R6, 1 
0x12A2	0xF000C005  	MOVFF       R5, R0
0x12A6	0xF001C006  	MOVFF       R6, R1
0x12AA	0x0E00      	MOVLW       0
0x12AC	0xBE06      	BTFSC       R6, 7 
0x12AE	0x0EFF      	MOVLW       255
0x12B0	0x6E02      	MOVWF       R2 
0x12B2	0x6E03      	MOVWF       R3 
0x12B4	0x3600      	RLCF        R0, 1 
0x12B6	0x9000      	BCF         R0, 0 
0x12B8	0x3601      	RLCF        R1, 1 
0x12BA	0x3602      	RLCF        R2, 1 
0x12BC	0x3603      	RLCF        R3, 1 
0x12BE	0x3600      	RLCF        R0, 1 
0x12C0	0x9000      	BCF         R0, 0 
0x12C2	0x3601      	RLCF        R1, 1 
0x12C4	0x3602      	RLCF        R2, 1 
0x12C6	0x3603      	RLCF        R3, 1 
0x12C8	0x0EB1      	MOVLW       __Lib_Sprintf__npowers_
0x12CA	0x2400      	ADDWF       R0, 0 
0x12CC	0x6EF6      	MOVWF       TBLPTR 
0x12CE	0x0E45      	MOVLW       hi_addr(__Lib_Sprintf__npowers_)
0x12D0	0x2001      	ADDWFC      R1, 0 
0x12D2	0x6EF7      	MOVWF       TBLPTR+1 
0x12D4	0x0E00      	MOVLW       higher_addr(__Lib_Sprintf__npowers_)
0x12D6	0x2002      	ADDWFC      R2, 0 
0x12D8	0x6EF8      	MOVWF       TBLPTR+2 
0x12DA	0x0009      	TBLRD*+
0x12DC	0xF0CFCFF5  	MOVFF       TABLAT, FLOC___Lib_Sprintf_scale
0x12E0	0x0009      	TBLRD*+
0x12E2	0xF0D0CFF5  	MOVFF       TABLAT, FLOC___Lib_Sprintf_scale+1
0x12E6	0x0009      	TBLRD*+
0x12E8	0xF0D1CFF5  	MOVFF       TABLAT, FLOC___Lib_Sprintf_scale+2
0x12EC	0x0009      	TBLRD*+
0x12EE	0xF0D2CFF5  	MOVFF       TABLAT, FLOC___Lib_Sprintf_scale+3
0x12F2	0x0E0A      	MOVLW       10
0x12F4	0x6E04      	MOVWF       R4 
0x12F6	0xF000C0CE  	MOVFF       FARG___Lib_Sprintf_scale_scl, R0
0x12FA	0xF003ECE4  	CALL        _Div_8X8_S, 0
0x12FE	0xF000C008  	MOVFF       R8, R0
0x1302	0xF001C000  	MOVFF       R0, R1
0x1306	0x0E00      	MOVLW       0
0x1308	0xBE00      	BTFSC       R0, 7 
0x130A	0x0EFF      	MOVLW       255
0x130C	0x6E02      	MOVWF       R2 
0x130E	0x6E03      	MOVWF       R3 
0x1310	0x6E04      	MOVWF       R4 
0x1312	0x3601      	RLCF        R1, 1 
0x1314	0x9001      	BCF         R1, 0 
0x1316	0x3602      	RLCF        R2, 1 
0x1318	0x3603      	RLCF        R3, 1 
0x131A	0x3604      	RLCF        R4, 1 
0x131C	0x3601      	RLCF        R1, 1 
0x131E	0x9001      	BCF         R1, 0 
0x1320	0x3602      	RLCF        R2, 1 
0x1322	0x3603      	RLCF        R3, 1 
0x1324	0x3604      	RLCF        R4, 1 
0x1326	0x0EB1      	MOVLW       __Lib_Sprintf__npowers_
0x1328	0x2401      	ADDWF       R1, 0 
0x132A	0x6EF6      	MOVWF       TBLPTR 
0x132C	0x0E45      	MOVLW       hi_addr(__Lib_Sprintf__npowers_)
0x132E	0x2002      	ADDWFC      R2, 0 
0x1330	0x6EF7      	MOVWF       TBLPTR+1 
0x1332	0x0E00      	MOVLW       higher_addr(__Lib_Sprintf__npowers_)
0x1334	0x2003      	ADDWFC      R3, 0 
0x1336	0x6EF8      	MOVWF       TBLPTR+2 
0x1338	0x0009      	TBLRD*+
0x133A	0xF000CFF5  	MOVFF       TABLAT, R0
0x133E	0x0009      	TBLRD*+
0x1340	0xF001CFF5  	MOVFF       TABLAT, R1
0x1344	0x0009      	TBLRD*+
0x1346	0xF002CFF5  	MOVFF       TABLAT, R2
0x134A	0x0009      	TBLRD*+
0x134C	0xF003CFF5  	MOVFF       TABLAT, R3
0x1350	0xF004C0CF  	MOVFF       FLOC___Lib_Sprintf_scale, R4
0x1354	0xF005C0D0  	MOVFF       FLOC___Lib_Sprintf_scale+1, R5
0x1358	0xF006C0D1  	MOVFF       FLOC___Lib_Sprintf_scale+2, R6
0x135C	0xF007C0D2  	MOVFF       FLOC___Lib_Sprintf_scale+3, R7
0x1360	0xF001EC32  	CALL        _Mul_32x32_FP, 0
0x1364	0xD18F      	BRA         L_end_scale
L___Lib_Sprintf_scale6:
;__Lib_Sprintf.c,153 :: 		
0x1366	0xF000C0CE  	MOVFF       FARG___Lib_Sprintf_scale_scl, R0
0x136A	0x0E00      	MOVLW       0
0x136C	0xBFCE      	BTFSC       FARG___Lib_Sprintf_scale_scl, 7, 1
0x136E	0x0EFF      	MOVLW       255
0x1370	0x6E01      	MOVWF       R1 
0x1372	0x6E02      	MOVWF       R2 
0x1374	0x6E03      	MOVWF       R3 
0x1376	0x3600      	RLCF        R0, 1 
0x1378	0x9000      	BCF         R0, 0 
0x137A	0x3601      	RLCF        R1, 1 
0x137C	0x3602      	RLCF        R2, 1 
0x137E	0x3603      	RLCF        R3, 1 
0x1380	0x3600      	RLCF        R0, 1 
0x1382	0x9000      	BCF         R0, 0 
0x1384	0x3601      	RLCF        R1, 1 
0x1386	0x3602      	RLCF        R2, 1 
0x1388	0x3603      	RLCF        R3, 1 
0x138A	0x0EB1      	MOVLW       __Lib_Sprintf__npowers_
0x138C	0x2400      	ADDWF       R0, 0 
0x138E	0x6EF6      	MOVWF       TBLPTR 
0x1390	0x0E45      	MOVLW       hi_addr(__Lib_Sprintf__npowers_)
0x1392	0x2001      	ADDWFC      R1, 0 
0x1394	0x6EF7      	MOVWF       TBLPTR+1 
0x1396	0x0E00      	MOVLW       higher_addr(__Lib_Sprintf__npowers_)
0x1398	0x2002      	ADDWFC      R2, 0 
0x139A	0x6EF8      	MOVWF       TBLPTR+2 
0x139C	0x0009      	TBLRD*+
0x139E	0xF000CFF5  	MOVFF       TABLAT, R0
0x13A2	0x0009      	TBLRD*+
0x13A4	0xF001CFF5  	MOVFF       TABLAT, R1
0x13A8	0x0009      	TBLRD*+
0x13AA	0xF002CFF5  	MOVFF       TABLAT, R2
0x13AE	0x0009      	TBLRD*+
0x13B0	0xF003CFF5  	MOVFF       TABLAT, R3
0x13B4	0xD167      	BRA         L_end_scale
;__Lib_Sprintf.c,154 :: 		
L___Lib_Sprintf_scale3:
;__Lib_Sprintf.c,155 :: 		
0x13B6	0x0E80      	MOVLW       128
0x13B8	0x19CE      	XORWF       FARG___Lib_Sprintf_scale_scl, 0, 1
0x13BA	0x6E00      	MOVWF       R0 
0x13BC	0x0E80      	MOVLW       128
0x13BE	0x0A6E      	XORLW       110
0x13C0	0x5C00      	SUBWF       R0, 0 
0x13C2	0xA0D8      	BTFSS       STATUS, 0 
0x13C4	0xD0C0      	BRA         L___Lib_Sprintf_scale7
;__Lib_Sprintf.c,156 :: 		
0x13C6	0x0E64      	MOVLW       100
0x13C8	0x6E04      	MOVWF       R4 
0x13CA	0xF000C0CE  	MOVFF       FARG___Lib_Sprintf_scale_scl, R0
0x13CE	0xF003ECE4  	CALL        _Div_8X8_S, 0
0x13D2	0x0E12      	MOVLW       18
0x13D4	0x2400      	ADDWF       R0, 0 
0x13D6	0x6E05      	MOVWF       R5 
0x13D8	0x0E00      	MOVLW       0
0x13DA	0xBE00      	BTFSC       R0, 7 
0x13DC	0x0EFF      	MOVLW       255
0x13DE	0x6E06      	MOVWF       R6 
0x13E0	0x0E00      	MOVLW       0
0x13E2	0x2206      	ADDWFC      R6, 1 
0x13E4	0xF000C005  	MOVFF       R5, R0
0x13E8	0xF001C006  	MOVFF       R6, R1
0x13EC	0x0E00      	MOVLW       0
0x13EE	0xBE06      	BTFSC       R6, 7 
0x13F0	0x0EFF      	MOVLW       255
0x13F2	0x6E02      	MOVWF       R2 
0x13F4	0x6E03      	MOVWF       R3 
0x13F6	0x3600      	RLCF        R0, 1 
0x13F8	0x9000      	BCF         R0, 0 
0x13FA	0x3601      	RLCF        R1, 1 
0x13FC	0x3602      	RLCF        R2, 1 
0x13FE	0x3603      	RLCF        R3, 1 
0x1400	0x3600      	RLCF        R0, 1 
0x1402	0x9000      	BCF         R0, 0 
0x1404	0x3601      	RLCF        R1, 1 
0x1406	0x3602      	RLCF        R2, 1 
0x1408	0x3603      	RLCF        R3, 1 
0x140A	0x0E7D      	MOVLW       __Lib_Sprintf__powers_
0x140C	0x2400      	ADDWF       R0, 0 
0x140E	0x6EF6      	MOVWF       TBLPTR 
0x1410	0x0E45      	MOVLW       hi_addr(__Lib_Sprintf__powers_)
0x1412	0x2001      	ADDWFC      R1, 0 
0x1414	0x6EF7      	MOVWF       TBLPTR+1 
0x1416	0x0E00      	MOVLW       higher_addr(__Lib_Sprintf__powers_)
0x1418	0x2002      	ADDWFC      R2, 0 
0x141A	0x6EF8      	MOVWF       TBLPTR+2 
0x141C	0x0009      	TBLRD*+
0x141E	0xF0CFCFF5  	MOVFF       TABLAT, FLOC___Lib_Sprintf_scale
0x1422	0x0009      	TBLRD*+
0x1424	0xF0D0CFF5  	MOVFF       TABLAT, FLOC___Lib_Sprintf_scale+1
0x1428	0x0009      	TBLRD*+
0x142A	0xF0D1CFF5  	MOVFF       TABLAT, FLOC___Lib_Sprintf_scale+2
0x142E	0x0009      	TBLRD*+
0x1430	0xF0D2CFF5  	MOVFF       TABLAT, FLOC___Lib_Sprintf_scale+3
0x1434	0x0E64      	MOVLW       100
0x1436	0x6E04      	MOVWF       R4 
0x1438	0xF000C0CE  	MOVFF       FARG___Lib_Sprintf_scale_scl, R0
0x143C	0xF003ECE4  	CALL        _Div_8X8_S, 0
0x1440	0xF000C008  	MOVFF       R8, R0
0x1444	0x0E0A      	MOVLW       10
0x1446	0x6E04      	MOVWF       R4 
0x1448	0xF003ECE4  	CALL        _Div_8X8_S, 0
0x144C	0x0E09      	MOVLW       9
0x144E	0x2400      	ADDWF       R0, 0 
0x1450	0x6E05      	MOVWF       R5 
0x1452	0x0E00      	MOVLW       0
0x1454	0xBE00      	BTFSC       R0, 7 
0x1456	0x0EFF      	MOVLW       255
0x1458	0x6E06      	MOVWF       R6 
0x145A	0x0E00      	MOVLW       0
0x145C	0x2206      	ADDWFC      R6, 1 
0x145E	0xF000C005  	MOVFF       R5, R0
0x1462	0xF001C006  	MOVFF       R6, R1
0x1466	0x0E00      	MOVLW       0
0x1468	0xBE06      	BTFSC       R6, 7 
0x146A	0x0EFF      	MOVLW       255
0x146C	0x6E02      	MOVWF       R2 
0x146E	0x6E03      	MOVWF       R3 
0x1470	0x3600      	RLCF        R0, 1 
0x1472	0x9000      	BCF         R0, 0 
0x1474	0x3601      	RLCF        R1, 1 
0x1476	0x3602      	RLCF        R2, 1 
0x1478	0x3603      	RLCF        R3, 1 
0x147A	0x3600      	RLCF        R0, 1 
0x147C	0x9000      	BCF         R0, 0 
0x147E	0x3601      	RLCF        R1, 1 
0x1480	0x3602      	RLCF        R2, 1 
0x1482	0x3603      	RLCF        R3, 1 
0x1484	0x0E7D      	MOVLW       __Lib_Sprintf__powers_
0x1486	0x2400      	ADDWF       R0, 0 
0x1488	0x6EF6      	MOVWF       TBLPTR 
0x148A	0x0E45      	MOVLW       hi_addr(__Lib_Sprintf__powers_)
0x148C	0x2001      	ADDWFC      R1, 0 
0x148E	0x6EF7      	MOVWF       TBLPTR+1 
0x1490	0x0E00      	MOVLW       higher_addr(__Lib_Sprintf__powers_)
0x1492	0x2002      	ADDWFC      R2, 0 
0x1494	0x6EF8      	MOVWF       TBLPTR+2 
0x1496	0x0009      	TBLRD*+
0x1498	0xF000CFF5  	MOVFF       TABLAT, R0
0x149C	0x0009      	TBLRD*+
0x149E	0xF001CFF5  	MOVFF       TABLAT, R1
0x14A2	0x0009      	TBLRD*+
0x14A4	0xF002CFF5  	MOVFF       TABLAT, R2
0x14A8	0x0009      	TBLRD*+
0x14AA	0xF003CFF5  	MOVFF       TABLAT, R3
0x14AE	0xF004C0CF  	MOVFF       FLOC___Lib_Sprintf_scale, R4
0x14B2	0xF005C0D0  	MOVFF       FLOC___Lib_Sprintf_scale+1, R5
0x14B6	0xF006C0D1  	MOVFF       FLOC___Lib_Sprintf_scale+2, R6
0x14BA	0xF007C0D2  	MOVFF       FLOC___Lib_Sprintf_scale+3, R7
0x14BE	0xF001EC32  	CALL        _Mul_32x32_FP, 0
0x14C2	0xF0CFC000  	MOVFF       R0, FLOC___Lib_Sprintf_scale
0x14C6	0xF0D0C001  	MOVFF       R1, FLOC___Lib_Sprintf_scale+1
0x14CA	0xF0D1C002  	MOVFF       R2, FLOC___Lib_Sprintf_scale+2
0x14CE	0xF0D2C003  	MOVFF       R3, FLOC___Lib_Sprintf_scale+3
0x14D2	0x0E0A      	MOVLW       10
0x14D4	0x6E04      	MOVWF       R4 
0x14D6	0xF000C0CE  	MOVFF       FARG___Lib_Sprintf_scale_scl, R0
0x14DA	0xF003ECE4  	CALL        _Div_8X8_S, 0
0x14DE	0xF000C008  	MOVFF       R8, R0
0x14E2	0xF001C000  	MOVFF       R0, R1
0x14E6	0x0E00      	MOVLW       0
0x14E8	0xBE00      	BTFSC       R0, 7 
0x14EA	0x0EFF      	MOVLW       255
0x14EC	0x6E02      	MOVWF       R2 
0x14EE	0x6E03      	MOVWF       R3 
0x14F0	0x6E04      	MOVWF       R4 
0x14F2	0x3601      	RLCF        R1, 1 
0x14F4	0x9001      	BCF         R1, 0 
0x14F6	0x3602      	RLCF        R2, 1 
0x14F8	0x3603      	RLCF        R3, 1 
0x14FA	0x3604      	RLCF        R4, 1 
0x14FC	0x3601      	RLCF        R1, 1 
0x14FE	0x9001      	BCF         R1, 0 
0x1500	0x3602      	RLCF        R2, 1 
0x1502	0x3603      	RLCF        R3, 1 
0x1504	0x3604      	RLCF        R4, 1 
0x1506	0x0E7D      	MOVLW       __Lib_Sprintf__powers_
0x1508	0x2401      	ADDWF       R1, 0 
0x150A	0x6EF6      	MOVWF       TBLPTR 
0x150C	0x0E45      	MOVLW       hi_addr(__Lib_Sprintf__powers_)
0x150E	0x2002      	ADDWFC      R2, 0 
0x1510	0x6EF7      	MOVWF       TBLPTR+1 
0x1512	0x0E00      	MOVLW       higher_addr(__Lib_Sprintf__powers_)
0x1514	0x2003      	ADDWFC      R3, 0 
0x1516	0x6EF8      	MOVWF       TBLPTR+2 
0x1518	0x0009      	TBLRD*+
0x151A	0xF000CFF5  	MOVFF       TABLAT, R0
0x151E	0x0009      	TBLRD*+
0x1520	0xF001CFF5  	MOVFF       TABLAT, R1
0x1524	0x0009      	TBLRD*+
0x1526	0xF002CFF5  	MOVFF       TABLAT, R2
0x152A	0x0009      	TBLRD*+
0x152C	0xF003CFF5  	MOVFF       TABLAT, R3
0x1530	0xF004C0CF  	MOVFF       FLOC___Lib_Sprintf_scale, R4
0x1534	0xF005C0D0  	MOVFF       FLOC___Lib_Sprintf_scale+1, R5
0x1538	0xF006C0D1  	MOVFF       FLOC___Lib_Sprintf_scale+2, R6
0x153C	0xF007C0D2  	MOVFF       FLOC___Lib_Sprintf_scale+3, R7
0x1540	0xF001EC32  	CALL        _Mul_32x32_FP, 0
0x1544	0xD09F      	BRA         L_end_scale
L___Lib_Sprintf_scale7:
;__Lib_Sprintf.c,158 :: 		
0x1546	0x0E80      	MOVLW       128
0x1548	0x0A0A      	XORLW       10
0x154A	0x6E00      	MOVWF       R0 
0x154C	0x0E80      	MOVLW       128
0x154E	0x19CE      	XORWF       FARG___Lib_Sprintf_scale_scl, 0, 1
0x1550	0x5C00      	SUBWF       R0, 0 
0x1552	0xE271      	BC          L___Lib_Sprintf_scale9
;__Lib_Sprintf.c,159 :: 		
0x1554	0x0E0A      	MOVLW       10
0x1556	0x6E04      	MOVWF       R4 
0x1558	0xF000C0CE  	MOVFF       FARG___Lib_Sprintf_scale_scl, R0
0x155C	0xF003ECE4  	CALL        _Div_8X8_S, 0
0x1560	0x0E09      	MOVLW       9
0x1562	0x2400      	ADDWF       R0, 0 
0x1564	0x6E05      	MOVWF       R5 
0x1566	0x0E00      	MOVLW       0
0x1568	0xBE00      	BTFSC       R0, 7 
0x156A	0x0EFF      	MOVLW       255
0x156C	0x6E06      	MOVWF       R6 
0x156E	0x0E00      	MOVLW       0
0x1570	0x2206      	ADDWFC      R6, 1 
0x1572	0xF000C005  	MOVFF       R5, R0
0x1576	0xF001C006  	MOVFF       R6, R1
0x157A	0x0E00      	MOVLW       0
0x157C	0xBE06      	BTFSC       R6, 7 
0x157E	0x0EFF      	MOVLW       255
0x1580	0x6E02      	MOVWF       R2 
0x1582	0x6E03      	MOVWF       R3 
0x1584	0x3600      	RLCF        R0, 1 
0x1586	0x9000      	BCF         R0, 0 
0x1588	0x3601      	RLCF        R1, 1 
0x158A	0x3602      	RLCF        R2, 1 
0x158C	0x3603      	RLCF        R3, 1 
0x158E	0x3600      	RLCF        R0, 1 
0x1590	0x9000      	BCF         R0, 0 
0x1592	0x3601      	RLCF        R1, 1 
0x1594	0x3602      	RLCF        R2, 1 
0x1596	0x3603      	RLCF        R3, 1 
0x1598	0x0E7D      	MOVLW       __Lib_Sprintf__powers_
0x159A	0x2400      	ADDWF       R0, 0 
0x159C	0x6EF6      	MOVWF       TBLPTR 
0x159E	0x0E45      	MOVLW       hi_addr(__Lib_Sprintf__powers_)
0x15A0	0x2001      	ADDWFC      R1, 0 
0x15A2	0x6EF7      	MOVWF       TBLPTR+1 
0x15A4	0x0E00      	MOVLW       higher_addr(__Lib_Sprintf__powers_)
0x15A6	0x2002      	ADDWFC      R2, 0 
0x15A8	0x6EF8      	MOVWF       TBLPTR+2 
0x15AA	0x0009      	TBLRD*+
0x15AC	0xF0CFCFF5  	MOVFF       TABLAT, FLOC___Lib_Sprintf_scale
0x15B0	0x0009      	TBLRD*+
0x15B2	0xF0D0CFF5  	MOVFF       TABLAT, FLOC___Lib_Sprintf_scale+1
0x15B6	0x0009      	TBLRD*+
0x15B8	0xF0D1CFF5  	MOVFF       TABLAT, FLOC___Lib_Sprintf_scale+2
0x15BC	0x0009      	TBLRD*+
0x15BE	0xF0D2CFF5  	MOVFF       TABLAT, FLOC___Lib_Sprintf_scale+3
0x15C2	0x0E0A      	MOVLW       10
0x15C4	0x6E04      	MOVWF       R4 
0x15C6	0xF000C0CE  	MOVFF       FARG___Lib_Sprintf_scale_scl, R0
0x15CA	0xF003ECE4  	CALL        _Div_8X8_S, 0
0x15CE	0xF000C008  	MOVFF       R8, R0
0x15D2	0xF001C000  	MOVFF       R0, R1
0x15D6	0x0E00      	MOVLW       0
0x15D8	0xBE00      	BTFSC       R0, 7 
0x15DA	0x0EFF      	MOVLW       255
0x15DC	0x6E02      	MOVWF       R2 
0x15DE	0x6E03      	MOVWF       R3 
0x15E0	0x6E04      	MOVWF       R4 
0x15E2	0x3601      	RLCF        R1, 1 
0x15E4	0x9001      	BCF         R1, 0 
0x15E6	0x3602      	RLCF        R2, 1 
0x15E8	0x3603      	RLCF        R3, 1 
0x15EA	0x3604      	RLCF        R4, 1 
0x15EC	0x3601      	RLCF        R1, 1 
0x15EE	0x9001      	BCF         R1, 0 
0x15F0	0x3602      	RLCF        R2, 1 
0x15F2	0x3603      	RLCF        R3, 1 
0x15F4	0x3604      	RLCF        R4, 1 
0x15F6	0x0E7D      	MOVLW       __Lib_Sprintf__powers_
0x15F8	0x2401      	ADDWF       R1, 0 
0x15FA	0x6EF6      	MOVWF       TBLPTR 
0x15FC	0x0E45      	MOVLW       hi_addr(__Lib_Sprintf__powers_)
0x15FE	0x2002      	ADDWFC      R2, 0 
0x1600	0x6EF7      	MOVWF       TBLPTR+1 
0x1602	0x0E00      	MOVLW       higher_addr(__Lib_Sprintf__powers_)
0x1604	0x2003      	ADDWFC      R3, 0 
0x1606	0x6EF8      	MOVWF       TBLPTR+2 
0x1608	0x0009      	TBLRD*+
0x160A	0xF000CFF5  	MOVFF       TABLAT, R0
0x160E	0x0009      	TBLRD*+
0x1610	0xF001CFF5  	MOVFF       TABLAT, R1
0x1614	0x0009      	TBLRD*+
0x1616	0xF002CFF5  	MOVFF       TABLAT, R2
0x161A	0x0009      	TBLRD*+
0x161C	0xF003CFF5  	MOVFF       TABLAT, R3
0x1620	0xF004C0CF  	MOVFF       FLOC___Lib_Sprintf_scale, R4
0x1624	0xF005C0D0  	MOVFF       FLOC___Lib_Sprintf_scale+1, R5
0x1628	0xF006C0D1  	MOVFF       FLOC___Lib_Sprintf_scale+2, R6
0x162C	0xF007C0D2  	MOVFF       FLOC___Lib_Sprintf_scale+3, R7
0x1630	0xF001EC32  	CALL        _Mul_32x32_FP, 0
0x1634	0xD027      	BRA         L_end_scale
L___Lib_Sprintf_scale9:
;__Lib_Sprintf.c,160 :: 		
0x1636	0xF000C0CE  	MOVFF       FARG___Lib_Sprintf_scale_scl, R0
0x163A	0x0E00      	MOVLW       0
0x163C	0xBFCE      	BTFSC       FARG___Lib_Sprintf_scale_scl, 7, 1
0x163E	0x0EFF      	MOVLW       255
0x1640	0x6E01      	MOVWF       R1 
0x1642	0x6E02      	MOVWF       R2 
0x1644	0x6E03      	MOVWF       R3 
0x1646	0x3600      	RLCF        R0, 1 
0x1648	0x9000      	BCF         R0, 0 
0x164A	0x3601      	RLCF        R1, 1 
0x164C	0x3602      	RLCF        R2, 1 
0x164E	0x3603      	RLCF        R3, 1 
0x1650	0x3600      	RLCF        R0, 1 
0x1652	0x9000      	BCF         R0, 0 
0x1654	0x3601      	RLCF        R1, 1 
0x1656	0x3602      	RLCF        R2, 1 
0x1658	0x3603      	RLCF        R3, 1 
0x165A	0x0E7D      	MOVLW       __Lib_Sprintf__powers_
0x165C	0x2400      	ADDWF       R0, 0 
0x165E	0x6EF6      	MOVWF       TBLPTR 
0x1660	0x0E45      	MOVLW       hi_addr(__Lib_Sprintf__powers_)
0x1662	0x2001      	ADDWFC      R1, 0 
0x1664	0x6EF7      	MOVWF       TBLPTR+1 
0x1666	0x0E00      	MOVLW       higher_addr(__Lib_Sprintf__powers_)
0x1668	0x2002      	ADDWFC      R2, 0 
0x166A	0x6EF8      	MOVWF       TBLPTR+2 
0x166C	0x0009      	TBLRD*+
0x166E	0xF000CFF5  	MOVFF       TABLAT, R0
0x1672	0x0009      	TBLRD*+
0x1674	0xF001CFF5  	MOVFF       TABLAT, R1
0x1678	0x0009      	TBLRD*+
0x167A	0xF002CFF5  	MOVFF       TABLAT, R2
0x167E	0x0009      	TBLRD*+
0x1680	0xF003CFF5  	MOVFF       TABLAT, R3
;__Lib_Sprintf.c,161 :: 		
L_end_scale:
0x1684	0x0012      	RETURN      0
; end of __Lib_Sprintf_scale
_Equals_Double:
;__Lib_MathDouble.c,2469 :: 		
;__Lib_MathDouble.c,2478 :: 		
0x1686	0x5003      	MOVF        R3, 0, 0
;__Lib_MathDouble.c,2479 :: 		
0x1688	0x1807      	XORWF       R7, 0, 0
;__Lib_MathDouble.c,2480 :: 		
0x168A	0xA4D8      	BTFSS       STATUS, 2, 0
;__Lib_MathDouble.c,2481 :: 		
0x168C	0xF00BEF57  	GOTO        EQU_FALSE
;__Lib_MathDouble.c,2483 :: 		
0x1690	0x5002      	MOVF        R2, 0, 0
;__Lib_MathDouble.c,2484 :: 		
0x1692	0x1806      	XORWF       R6, 0, 0
;__Lib_MathDouble.c,2485 :: 		
0x1694	0xA4D8      	BTFSS       STATUS, 2, 0
;__Lib_MathDouble.c,2486 :: 		
0x1696	0xF00BEF57  	GOTO        EQU_FALSE
;__Lib_MathDouble.c,2488 :: 		
0x169A	0x5001      	MOVF        R1, 0, 0
;__Lib_MathDouble.c,2489 :: 		
0x169C	0x1805      	XORWF       R5, 0, 0
;__Lib_MathDouble.c,2490 :: 		
0x169E	0xA4D8      	BTFSS       STATUS, 2, 0
;__Lib_MathDouble.c,2491 :: 		
0x16A0	0xF00BEF57  	GOTO        EQU_FALSE
;__Lib_MathDouble.c,2493 :: 		
0x16A4	0x5000      	MOVF        R0, 0, 0
;__Lib_MathDouble.c,2494 :: 		
0x16A6	0x1804      	XORWF       R4, 0, 0
;__Lib_MathDouble.c,2495 :: 		
0x16A8	0xB4D8      	BTFSC       STATUS, 2, 0
;__Lib_MathDouble.c,2498 :: 		
0x16AA	0x84D8      	BSF         STATUS, 2, 0
;__Lib_MathDouble.c,2499 :: 		
0x16AC	0x0012      	RETURN      0
;__Lib_MathDouble.c,2501 :: 		
EQU_FALSE:
;__Lib_MathDouble.c,2503 :: 		
0x16AE	0x94D8      	BCF         STATUS, 2, 0
;__Lib_MathDouble.c,2504 :: 		
0x16B0	0x0012      	RETURN      0
;__Lib_MathDouble.c,2507 :: 		
L_end_Equals_Double:
0x16B2	0x0012      	RETURN      0
; end of _Equals_Double
_double2longword:
;__Lib_MathDouble.c,1559 :: 		
;__Lib_MathDouble.c,1569 :: 		
0x16B4	0x6A0B      	CLRF        R11, 0
;__Lib_MathDouble.c,1570 :: 		
0x16B6	0x6A0C      	CLRF        R12, 0
;__Lib_MathDouble.c,1571 :: 		
0x16B8	0x6A0A      	CLRF        R10, 0
;__Lib_MathDouble.c,1573 :: 		
0x16BA	0x6A08      	CLRF        R8, 0
;__Lib_MathDouble.c,1574 :: 		
0x16BC	0x5003      	MOVF        R3, 0, 0
;__Lib_MathDouble.c,1575 :: 		
0x16BE	0xB4D8      	BTFSC       STATUS, 2, 0
;__Lib_MathDouble.c,1576 :: 		
0x16C0	0xF00BEFE2  	GOTO        INT3232UEOK
;__Lib_MathDouble.c,1578 :: 		
0x16C4	0x8E02      	BSF         R2, 7, 0
;__Lib_MathDouble.c,1580 :: 		
0x16C6	0x0E9E      	MOVLW       158
;__Lib_MathDouble.c,1581 :: 		
0x16C8	0x5E03      	SUBWF       R3, 1, 0
;__Lib_MathDouble.c,1582 :: 		
0x16CA	0xBE03      	BTFSC       R3, 7, 0
;__Lib_MathDouble.c,1583 :: 		
0x16CC	0xF00BEF6D  	GOTO        SETEXP32U
;__Lib_MathDouble.c,1584 :: 		
0x16D0	0xB4D8      	BTFSC       STATUS, 2, 0
;__Lib_MathDouble.c,1585 :: 		
0x16D2	0xF00BEF6D  	GOTO        SETEXP32U
;__Lib_MathDouble.c,1586 :: 		
0x16D6	0xF00BEFD2  	GOTO        SETIOV32U
;__Lib_MathDouble.c,1587 :: 		
SETEXP32U:
;__Lib_MathDouble.c,1588 :: 		
0x16DA	0x6C03      	NEGF        R3, 0
;__Lib_MathDouble.c,1590 :: 		
0x16DC	0x0E08      	MOVLW       8
;__Lib_MathDouble.c,1591 :: 		
0x16DE	0x5C03      	SUBWF       R3, 0, 0
;__Lib_MathDouble.c,1592 :: 		
0x16E0	0xA0D8      	BTFSS       STATUS, 0, 0
;__Lib_MathDouble.c,1593 :: 		
0x16E2	0xF00BEF9F  	GOTO        TSHIFT3232U
;__Lib_MathDouble.c,1594 :: 		
0x16E6	0x6E03      	MOVWF       R3, 0
;__Lib_MathDouble.c,1595 :: 		
0x16E8	0x3608      	RLCF        R8, 1, 0
;__Lib_MathDouble.c,1596 :: 		
0x16EA	0xF008C000  	MOVFF       R0, R8
;__Lib_MathDouble.c,1597 :: 		
0x16EE	0xF000C001  	MOVFF       R1, R0
;__Lib_MathDouble.c,1598 :: 		
0x16F2	0xF001C002  	MOVFF       R2, R1
;__Lib_MathDouble.c,1599 :: 		
0x16F6	0x6A02      	CLRF        R2, 0
;__Lib_MathDouble.c,1601 :: 		
0x16F8	0x0E08      	MOVLW       8
;__Lib_MathDouble.c,1602 :: 		
0x16FA	0x5C03      	SUBWF       R3, 0, 0
;__Lib_MathDouble.c,1603 :: 		
0x16FC	0xA0D8      	BTFSS       STATUS, 0, 0
;__Lib_MathDouble.c,1604 :: 		
0x16FE	0xF00BEF9F  	GOTO        TSHIFT3232U
;__Lib_MathDouble.c,1605 :: 		
0x1702	0x6E03      	MOVWF       R3, 0
;__Lib_MathDouble.c,1606 :: 		
0x1704	0x3608      	RLCF        R8, 1, 0
;__Lib_MathDouble.c,1607 :: 		
0x1706	0xF008C000  	MOVFF       R0, R8
;__Lib_MathDouble.c,1608 :: 		
0x170A	0xF000C001  	MOVFF       R1, R0
;__Lib_MathDouble.c,1609 :: 		
0x170E	0x6A01      	CLRF        R1, 0
;__Lib_MathDouble.c,1611 :: 		
0x1710	0x0E08      	MOVLW       8
;__Lib_MathDouble.c,1612 :: 		
0x1712	0x5C03      	SUBWF       R3, 0, 0
;__Lib_MathDouble.c,1613 :: 		
0x1714	0xA0D8      	BTFSS       STATUS, 0, 0
;__Lib_MathDouble.c,1614 :: 		
0x1716	0xF00BEF9F  	GOTO        TSHIFT3232U
;__Lib_MathDouble.c,1615 :: 		
0x171A	0x6E03      	MOVWF       R3, 0
;__Lib_MathDouble.c,1616 :: 		
0x171C	0x3608      	RLCF        R8, 1, 0
;__Lib_MathDouble.c,1617 :: 		
0x171E	0xF008C000  	MOVFF       R0, R8
;__Lib_MathDouble.c,1618 :: 		
0x1722	0x6A00      	CLRF        R0, 0
;__Lib_MathDouble.c,1620 :: 		
0x1724	0x0E08      	MOVLW       8
;__Lib_MathDouble.c,1621 :: 		
0x1726	0x5C03      	SUBWF       R3, 0, 0
;__Lib_MathDouble.c,1622 :: 		
0x1728	0xA0D8      	BTFSS       STATUS, 0, 0
;__Lib_MathDouble.c,1623 :: 		
0x172A	0xF00BEF9F  	GOTO        TSHIFT3232U
;__Lib_MathDouble.c,1624 :: 		
0x172E	0x6E03      	MOVWF       R3, 0
;__Lib_MathDouble.c,1625 :: 		
0x1730	0x3608      	RLCF        R8, 1, 0
;__Lib_MathDouble.c,1626 :: 		
0x1732	0x6A08      	CLRF        R8, 0
;__Lib_MathDouble.c,1628 :: 		
0x1734	0x5003      	MOVF        R3, 0, 0
;__Lib_MathDouble.c,1629 :: 		
0x1736	0xA4D8      	BTFSS       STATUS, 2, 0
;__Lib_MathDouble.c,1630 :: 		
0x1738	0x90D8      	BCF         STATUS, 0, 0
;__Lib_MathDouble.c,1631 :: 		
0x173A	0xF00BEFAB  	GOTO        SHIFT3232UOK
;__Lib_MathDouble.c,1632 :: 		
TSHIFT3232U:
;__Lib_MathDouble.c,1633 :: 		
0x173E	0x5003      	MOVF        R3, 0, 0
;__Lib_MathDouble.c,1634 :: 		
0x1740	0xB4D8      	BTFSC       STATUS, 2, 0
;__Lib_MathDouble.c,1635 :: 		
0x1742	0xF00BEFAB  	GOTO        SHIFT3232UOK
;__Lib_MathDouble.c,1636 :: 		
SHIFT3232U:
;__Lib_MathDouble.c,1637 :: 		
0x1746	0x90D8      	BCF         STATUS, 0, 0
;__Lib_MathDouble.c,1638 :: 		
0x1748	0x3202      	RRCF        R2, 1, 0
;__Lib_MathDouble.c,1639 :: 		
0x174A	0x3201      	RRCF        R1, 1, 0
;__Lib_MathDouble.c,1640 :: 		
0x174C	0x3200      	RRCF        R0, 1, 0
;__Lib_MathDouble.c,1641 :: 		
0x174E	0x3208      	RRCF        R8, 1, 0
;__Lib_MathDouble.c,1642 :: 		
0x1750	0x2E03      	DECFSZ      R3, 1, 0
;__Lib_MathDouble.c,1643 :: 		
0x1752	0xF00BEFA3  	GOTO        SHIFT3232U
;__Lib_MathDouble.c,1644 :: 		
SHIFT3232UOK:
;__Lib_MathDouble.c,1645 :: 		
0x1756	0xBC0B      	BTFSC       R11, 6, 0
;__Lib_MathDouble.c,1646 :: 		
0x1758	0xA008      	BTFSS       R8, 0, 0
;__Lib_MathDouble.c,1647 :: 		
0x175A	0xF00BEFBC  	GOTO        INT3232UOK
;__Lib_MathDouble.c,1648 :: 		
0x175E	0xA0D8      	BTFSS       STATUS, 0, 0
;__Lib_MathDouble.c,1649 :: 		
0x1760	0xF00BEFBC  	GOTO        INT3232UOK
;__Lib_MathDouble.c,1650 :: 		
0x1764	0x2A08      	INCF        R8, 1, 0
;__Lib_MathDouble.c,1651 :: 		
0x1766	0xB4D8      	BTFSC       STATUS, 2, 0
;__Lib_MathDouble.c,1652 :: 		
0x1768	0x2A00      	INCF        R0, 1, 0
;__Lib_MathDouble.c,1653 :: 		
0x176A	0xB4D8      	BTFSC       STATUS, 2, 0
;__Lib_MathDouble.c,1654 :: 		
0x176C	0x2A01      	INCF        R1, 1, 0
;__Lib_MathDouble.c,1655 :: 		
0x176E	0xB4D8      	BTFSC       STATUS, 2, 0
;__Lib_MathDouble.c,1656 :: 		
0x1770	0x2A02      	INCF        R2, 1, 0
;__Lib_MathDouble.c,1657 :: 		
0x1772	0xBE02      	BTFSC       R2, 7, 0
;__Lib_MathDouble.c,1658 :: 		
0x1774	0xF00BEFE6  	GOTO        JPLSETIOV3224
;__Lib_MathDouble.c,1659 :: 		
INT3232UOK:
;__Lib_MathDouble.c,1660 :: 		
0x1778	0xAE0A      	BTFSS       R10, 7, 0
;__Lib_MathDouble.c,1661 :: 		
0x177A	0xF00BEFE2  	GOTO        INT3232UEOK
;__Lib_MathDouble.c,1663 :: 		
0x177E	0x1E02      	COMF        R2, 1, 0
;__Lib_MathDouble.c,1664 :: 		
0x1780	0x1E01      	COMF        R1, 1, 0
;__Lib_MathDouble.c,1665 :: 		
0x1782	0x1E00      	COMF        R0, 1, 0
;__Lib_MathDouble.c,1666 :: 		
0x1784	0x1E08      	COMF        R8, 1, 0
;__Lib_MathDouble.c,1667 :: 		
0x1786	0x2A08      	INCF        R8, 1, 0
;__Lib_MathDouble.c,1668 :: 		
0x1788	0xB4D8      	BTFSC       STATUS, 2, 0
;__Lib_MathDouble.c,1669 :: 		
0x178A	0x2A00      	INCF        R0, 1, 0
;__Lib_MathDouble.c,1670 :: 		
0x178C	0xB4D8      	BTFSC       STATUS, 2, 0
;__Lib_MathDouble.c,1671 :: 		
0x178E	0x2A01      	INCF        R1, 1, 0
;__Lib_MathDouble.c,1672 :: 		
0x1790	0xB4D8      	BTFSC       STATUS, 2, 0
;__Lib_MathDouble.c,1673 :: 		
0x1792	0x2A02      	INCF        R2, 1, 0
;__Lib_MathDouble.c,1674 :: 		
0x1794	0xF00BEFE2  	GOTO        INT3232UEOK
;__Lib_MathDouble.c,1676 :: 		
0x1798	0x6A02      	CLRF        R2, 0
;__Lib_MathDouble.c,1677 :: 		
0x179A	0x6A01      	CLRF        R1, 0
;__Lib_MathDouble.c,1678 :: 		
0x179C	0x6A00      	CLRF        R0, 0
;__Lib_MathDouble.c,1679 :: 		
0x179E	0x6A08      	CLRF        R8, 0
;__Lib_MathDouble.c,1680 :: 		
0x17A0	0xF00BEFE2  	GOTO        INT3232UEOK
;__Lib_MathDouble.c,1681 :: 		
SETIOV32U:
;__Lib_MathDouble.c,1682 :: 		
0x17A4	0x800B      	BSF         R11, 0, 0
;__Lib_MathDouble.c,1683 :: 		
0x17A6	0xAE0B      	BTFSS       R11, 7, 0
;__Lib_MathDouble.c,1684 :: 		
0x17A8	0xF00BEFEC  	GOTO        INT3232UEER
;__Lib_MathDouble.c,1686 :: 		
0x17AC	0x6A02      	CLRF        R2, 0
;__Lib_MathDouble.c,1687 :: 		
0x17AE	0xAE0A      	BTFSS       R10, 7, 0
;__Lib_MathDouble.c,1688 :: 		
0x17B0	0xF00BEFEC  	GOTO        INT3232UEER
;__Lib_MathDouble.c,1689 :: 		
0x17B4	0x6E02      	MOVWF       R2, 0
;__Lib_MathDouble.c,1690 :: 		
0x17B6	0x6E01      	MOVWF       R1, 0
;__Lib_MathDouble.c,1691 :: 		
0x17B8	0x6E00      	MOVWF       R0, 0
;__Lib_MathDouble.c,1692 :: 		
0x17BA	0x6E08      	MOVWF       R8, 0
;__Lib_MathDouble.c,1693 :: 		
0x17BC	0x360A      	RLCF        R10, 1, 0
;__Lib_MathDouble.c,1694 :: 		
0x17BE	0x3202      	RRCF        R2, 1, 0
;__Lib_MathDouble.c,1695 :: 		
0x17C0	0xF00BEFEC  	GOTO        INT3232UEER
;__Lib_MathDouble.c,1697 :: 		
INT3232UEOK:
;__Lib_MathDouble.c,1698 :: 		
0x17C4	0x0E00      	MOVLW       0
;__Lib_MathDouble.c,1699 :: 		
0x17C6	0x6A0C      	CLRF        R12, 0
;__Lib_MathDouble.c,1700 :: 		
0x17C8	0xF00BEFED  	GOTO        INT3232UEEE
;__Lib_MathDouble.c,1701 :: 		
JPLSETIOV3224:
;__Lib_MathDouble.c,1702 :: 		
0x17CC	0x0E01      	MOVLW       1
;__Lib_MathDouble.c,1703 :: 		
0x17CE	0x6E0C      	MOVWF       R12, 0
;__Lib_MathDouble.c,1705 :: 		
0x17D0	0xF003ECD6  	CALL        _SETIOV3224, 0
;__Lib_MathDouble.c,1707 :: 		
0x17D4	0xF00BEFED  	GOTO        INT3232UEEE
;__Lib_MathDouble.c,1708 :: 		
INT3232UEER:
;__Lib_MathDouble.c,1709 :: 		
0x17D8	0x0EFF      	MOVLW       255
;__Lib_MathDouble.c,1710 :: 		
INT3232UEEE:
;__Lib_MathDouble.c,1711 :: 		
0x17DA	0x5002      	MOVF        R2, 0, 0
;__Lib_MathDouble.c,1712 :: 		
0x17DC	0x6E03      	MOVWF       R3, 0
;__Lib_MathDouble.c,1713 :: 		
0x17DE	0x5001      	MOVF        R1, 0, 0
;__Lib_MathDouble.c,1714 :: 		
0x17E0	0x6E02      	MOVWF       R2, 0
;__Lib_MathDouble.c,1715 :: 		
0x17E2	0x5000      	MOVF        R0, 0, 0
;__Lib_MathDouble.c,1716 :: 		
0x17E4	0x6E01      	MOVWF       R1, 0
;__Lib_MathDouble.c,1717 :: 		
0x17E6	0x5008      	MOVF        R8, 0, 0
;__Lib_MathDouble.c,1718 :: 		
0x17E8	0x6E00      	MOVWF       R0, 0
;__Lib_MathDouble.c,1723 :: 		
L_end_double2longword:
0x17EA	0x0012      	RETURN      0
; end of _double2longword
_Div_32x32_FP:
;__Lib_MathDouble.c,1325 :: 		
;__Lib_MathDouble.c,1339 :: 		
0x17EC	0x5004      	MOVF        R4, 0 
0x17EE	0x0A00      	XORLW       0
0x17F0	0xE112      	BNZ         L_Div_32x32_FP11
;__Lib_MathDouble.c,1340 :: 		
0x17F2	0x5005      	MOVF        R5, 0 
0x17F4	0x0A00      	XORLW       0
0x17F6	0xE10F      	BNZ         L_Div_32x32_FP12
;__Lib_MathDouble.c,1341 :: 		
0x17F8	0x5006      	MOVF        R6, 0 
0x17FA	0x0A00      	XORLW       0
0x17FC	0xE10C      	BNZ         L_Div_32x32_FP13
;__Lib_MathDouble.c,1342 :: 		
0x17FE	0x5007      	MOVF        R7, 0 
0x1800	0x0A00      	XORLW       0
0x1802	0xE109      	BNZ         L_Div_32x32_FP14
;__Lib_MathDouble.c,1343 :: 		
0x1804	0x0EFF      	MOVLW       255
0x1806	0x6E00      	MOVWF       R0 
;__Lib_MathDouble.c,1344 :: 		
0x1808	0x0EFF      	MOVLW       255
0x180A	0x6E01      	MOVWF       R1 
;__Lib_MathDouble.c,1345 :: 		
0x180C	0x0E7F      	MOVLW       127
0x180E	0x6E02      	MOVWF       R2 
;__Lib_MathDouble.c,1346 :: 		
0x1810	0x0EFF      	MOVLW       255
0x1812	0x6E03      	MOVWF       R3 
;__Lib_MathDouble.c,1347 :: 		
0x1814	0xD0A8      	BRA         L_end_Div_32x32_FP
;__Lib_MathDouble.c,1348 :: 		
L_Div_32x32_FP14:
L_Div_32x32_FP13:
L_Div_32x32_FP12:
L_Div_32x32_FP11:
;__Lib_MathDouble.c,1353 :: 		
0x1816	0x6A08      	CLRF        R8, 0
;__Lib_MathDouble.c,1354 :: 		
0x1818	0x6A09      	CLRF        R9, 0
;__Lib_MathDouble.c,1356 :: 		
0x181A	0x5007      	MOVF        R7, 0, 0
;__Lib_MathDouble.c,1357 :: 		
0x181C	0xB4D8      	BTFSC       STATUS, 2, 0
;__Lib_MathDouble.c,1358 :: 		
0x181E	0xF00CEFA1  	GOTO        JPDSETFDZ32
;__Lib_MathDouble.c,1360 :: 		
0x1822	0x5003      	MOVF        R3, 0, 0
;__Lib_MathDouble.c,1361 :: 		
0x1824	0xB4D8      	BTFSC       STATUS, 2, 0
;__Lib_MathDouble.c,1362 :: 		
0x1826	0xF00CEFA6  	GOTO        JPDRES032
;__Lib_MathDouble.c,1364 :: 		
0x182A	0x5002      	MOVF        R2, 0, 0
;__Lib_MathDouble.c,1365 :: 		
0x182C	0x1806      	XORWF       R6, 0, 0
;__Lib_MathDouble.c,1366 :: 		
0x182E	0x6E0A      	MOVWF       R10, 0
;__Lib_MathDouble.c,1367 :: 		
0x1830	0x8E02      	BSF         R2, 7, 0
;__Lib_MathDouble.c,1368 :: 		
0x1832	0x8E06      	BSF         R6, 7, 0
;__Lib_MathDouble.c,1370 :: 		
0x1834	0x6A0E      	CLRF        R14, 0
;__Lib_MathDouble.c,1371 :: 		
0x1836	0xF008C002  	MOVFF       R2, R8
;__Lib_MathDouble.c,1372 :: 		
0x183A	0xF00CC001  	MOVFF       R1, R12
;__Lib_MathDouble.c,1373 :: 		
0x183E	0xF00DC000  	MOVFF       R0, R13
;__Lib_MathDouble.c,1375 :: 		
0x1842	0x5004      	MOVF        R4, 0, 0
;__Lib_MathDouble.c,1376 :: 		
0x1844	0x5E0D      	SUBWF       R13, 1, 0
;__Lib_MathDouble.c,1377 :: 		
0x1846	0x5005      	MOVF        R5, 0, 0
;__Lib_MathDouble.c,1378 :: 		
0x1848	0xA0D8      	BTFSS       STATUS, 0, 0
;__Lib_MathDouble.c,1379 :: 		
0x184A	0x3C05      	INCFSZ      R5, 0, 0
;__Lib_MathDouble.c,1381 :: 		
0x184C	0x5E0C      	SUBWF       R12, 1, 0
;__Lib_MathDouble.c,1382 :: 		
0x184E	0x5006      	MOVF        R6, 0, 0
;__Lib_MathDouble.c,1383 :: 		
0x1850	0xA0D8      	BTFSS       STATUS, 0, 0
;__Lib_MathDouble.c,1384 :: 		
0x1852	0x3C06      	INCFSZ      R6, 0, 0
;__Lib_MathDouble.c,1386 :: 		
0x1854	0x5E08      	SUBWF       R8, 1, 0
;__Lib_MathDouble.c,1387 :: 		
0x1856	0x6A08      	CLRF        R8, 0
;__Lib_MathDouble.c,1388 :: 		
0x1858	0x6A0C      	CLRF        R12, 0
;__Lib_MathDouble.c,1389 :: 		
0x185A	0x6A0D      	CLRF        R13, 0
;__Lib_MathDouble.c,1390 :: 		
0x185C	0xA0D8      	BTFSS       STATUS, 0, 0
;__Lib_MathDouble.c,1391 :: 		
0x185E	0xF00CEF38  	GOTO        DALIGN32OK
;__Lib_MathDouble.c,1393 :: 		
0x1862	0x90D8      	BCF         STATUS, 0, 0
;__Lib_MathDouble.c,1394 :: 		
0x1864	0x3202      	RRCF        R2, 1, 0
;__Lib_MathDouble.c,1395 :: 		
0x1866	0x3201      	RRCF        R1, 1, 0
;__Lib_MathDouble.c,1396 :: 		
0x1868	0x3200      	RRCF        R0, 1, 0
;__Lib_MathDouble.c,1397 :: 		
0x186A	0x3208      	RRCF        R8, 1, 0
;__Lib_MathDouble.c,1398 :: 		
0x186C	0x0E01      	MOVLW       1
;__Lib_MathDouble.c,1399 :: 		
0x186E	0x6E0E      	MOVWF       R14, 0
;__Lib_MathDouble.c,1400 :: 		
DALIGN32OK:
;__Lib_MathDouble.c,1401 :: 		
0x1870	0x5007      	MOVF        R7, 0, 0
;__Lib_MathDouble.c,1402 :: 		
0x1872	0x5E03      	SUBWF       R3, 1, 0
;__Lib_MathDouble.c,1403 :: 		
0x1874	0xA0D8      	BTFSS       STATUS, 0, 0
;__Lib_MathDouble.c,1404 :: 		
0x1876	0xF00CEF45  	GOTO        ALTB32
;__Lib_MathDouble.c,1406 :: 		
0x187A	0x0E7E      	MOVLW       126
;__Lib_MathDouble.c,1407 :: 		
0x187C	0x240E      	ADDWF       R14, 0, 0
;__Lib_MathDouble.c,1408 :: 		
0x187E	0x2603      	ADDWF       R3, 1, 0
;__Lib_MathDouble.c,1409 :: 		
0x1880	0xB0D8      	BTFSC       STATUS, 0, 0
;__Lib_MathDouble.c,1410 :: 		
0x1882	0xF00CEFAB  	GOTO        JPDSETFOV32
;__Lib_MathDouble.c,1411 :: 		
0x1886	0xF00CEF4B  	GOTO        DARGOK32
;__Lib_MathDouble.c,1412 :: 		
ALTB32:
;__Lib_MathDouble.c,1413 :: 		
0x188A	0x0E7E      	MOVLW       126
;__Lib_MathDouble.c,1414 :: 		
0x188C	0x240E      	ADDWF       R14, 0, 0
;__Lib_MathDouble.c,1415 :: 		
0x188E	0x2603      	ADDWF       R3, 1, 0
;__Lib_MathDouble.c,1416 :: 		
0x1890	0xA0D8      	BTFSS       STATUS, 0, 0
;__Lib_MathDouble.c,1417 :: 		
0x1892	0xF00CEFB0  	GOTO        JPDSETFUN32
;__Lib_MathDouble.c,1418 :: 		
DARGOK32:
;__Lib_MathDouble.c,1419 :: 		
0x1896	0x0E18      	MOVLW       24
;__Lib_MathDouble.c,1420 :: 		
0x1898	0x6E0B      	MOVWF       R11, 0
;__Lib_MathDouble.c,1421 :: 		
DLOOP32:
;__Lib_MathDouble.c,1422 :: 		
0x189A	0x360D      	RLCF        R13, 1, 0
;__Lib_MathDouble.c,1423 :: 		
0x189C	0x360C      	RLCF        R12, 1, 0
;__Lib_MathDouble.c,1424 :: 		
0x189E	0x3608      	RLCF        R8, 1, 0
;__Lib_MathDouble.c,1425 :: 		
0x18A0	0x3600      	RLCF        R0, 1, 0
;__Lib_MathDouble.c,1426 :: 		
0x18A2	0x3601      	RLCF        R1, 1, 0
;__Lib_MathDouble.c,1427 :: 		
0x18A4	0x3602      	RLCF        R2, 1, 0
;__Lib_MathDouble.c,1428 :: 		
0x18A6	0x360E      	RLCF        R14, 1, 0
;__Lib_MathDouble.c,1430 :: 		
0x18A8	0x5004      	MOVF        R4, 0, 0
;__Lib_MathDouble.c,1431 :: 		
0x18AA	0x5E00      	SUBWF       R0, 1, 0
;__Lib_MathDouble.c,1432 :: 		
0x18AC	0x5005      	MOVF        R5, 0, 0
;__Lib_MathDouble.c,1433 :: 		
0x18AE	0xA0D8      	BTFSS       STATUS, 0, 0
;__Lib_MathDouble.c,1434 :: 		
0x18B0	0x3C05      	INCFSZ      R5, 0, 0
;__Lib_MathDouble.c,1436 :: 		
0x18B2	0x5E01      	SUBWF       R1, 1, 0
;__Lib_MathDouble.c,1437 :: 		
0x18B4	0x5006      	MOVF        R6, 0, 0
;__Lib_MathDouble.c,1438 :: 		
0x18B6	0xA0D8      	BTFSS       STATUS, 0, 0
;__Lib_MathDouble.c,1439 :: 		
0x18B8	0x3C06      	INCFSZ      R6, 0, 0
;__Lib_MathDouble.c,1441 :: 		
0x18BA	0x5E02      	SUBWF       R2, 1, 0
;__Lib_MathDouble.c,1442 :: 		
0x18BC	0x3406      	RLCF        R6, 0, 0
;__Lib_MathDouble.c,1443 :: 		
0x18BE	0x120E      	IORWF       R14, 1, 0
;__Lib_MathDouble.c,1444 :: 		
0x18C0	0xA00E      	BTFSS       R14, 0, 0
;__Lib_MathDouble.c,1445 :: 		
0x18C2	0xF00CEF66  	GOTO        DREST32
;__Lib_MathDouble.c,1446 :: 		
0x18C6	0x800D      	BSF         R13, 0, 0
;__Lib_MathDouble.c,1447 :: 		
0x18C8	0xF00CEF71  	GOTO        DOK32
;__Lib_MathDouble.c,1448 :: 		
DREST32:
;__Lib_MathDouble.c,1449 :: 		
0x18CC	0x5004      	MOVF        R4, 0, 0
;__Lib_MathDouble.c,1450 :: 		
0x18CE	0x2600      	ADDWF       R0, 1, 0
;__Lib_MathDouble.c,1451 :: 		
0x18D0	0x5005      	MOVF        R5, 0, 0
;__Lib_MathDouble.c,1452 :: 		
0x18D2	0xB0D8      	BTFSC       STATUS, 0, 0
;__Lib_MathDouble.c,1453 :: 		
0x18D4	0x3C05      	INCFSZ      R5, 0, 0
;__Lib_MathDouble.c,1455 :: 		
0x18D6	0x2601      	ADDWF       R1, 1, 0
;__Lib_MathDouble.c,1456 :: 		
0x18D8	0x5006      	MOVF        R6, 0, 0
;__Lib_MathDouble.c,1457 :: 		
0x18DA	0xB0D8      	BTFSC       STATUS, 0, 0
;__Lib_MathDouble.c,1458 :: 		
0x18DC	0x2806      	INCF        R6, 0, 0
;__Lib_MathDouble.c,1459 :: 		
0x18DE	0x2602      	ADDWF       R2, 1, 0
;__Lib_MathDouble.c,1460 :: 		
0x18E0	0x900D      	BCF         R13, 0, 0
;__Lib_MathDouble.c,1461 :: 		
DOK32:
;__Lib_MathDouble.c,1462 :: 		
0x18E2	0x2E0B      	DECFSZ      R11, 1, 0
;__Lib_MathDouble.c,1463 :: 		
0x18E4	0xF00CEF4D  	GOTO        DLOOP32
;__Lib_MathDouble.c,1467 :: 		
0x18E8	0xF00CEF97  	GOTO        DIV32OK
;__Lib_MathDouble.c,1468 :: 		
0x18EC	0x90D8      	BCF         STATUS, 0, 0
;__Lib_MathDouble.c,1469 :: 		
0x18EE	0x3600      	RLCF        R0, 1, 0
;__Lib_MathDouble.c,1470 :: 		
0x18F0	0x3601      	RLCF        R1, 1, 0
;__Lib_MathDouble.c,1471 :: 		
0x18F2	0x3602      	RLCF        R2, 1, 0
;__Lib_MathDouble.c,1472 :: 		
0x18F4	0x360E      	RLCF        R14, 1, 0
;__Lib_MathDouble.c,1474 :: 		
0x18F6	0x5004      	MOVF        R4, 0, 0
;__Lib_MathDouble.c,1475 :: 		
0x18F8	0x5E00      	SUBWF       R0, 1, 0
;__Lib_MathDouble.c,1476 :: 		
0x18FA	0x5005      	MOVF        R5, 0, 0
;__Lib_MathDouble.c,1477 :: 		
0x18FC	0xA0D8      	BTFSS       STATUS, 0, 0
;__Lib_MathDouble.c,1478 :: 		
0x18FE	0x3C05      	INCFSZ      R5, 0, 0
;__Lib_MathDouble.c,1479 :: 		
0x1900	0x5E01      	SUBWF       R1, 1, 0
;__Lib_MathDouble.c,1480 :: 		
0x1902	0x5006      	MOVF        R6, 0, 0
;__Lib_MathDouble.c,1481 :: 		
0x1904	0xA0D8      	BTFSS       STATUS, 0, 0
;__Lib_MathDouble.c,1482 :: 		
0x1906	0x3C06      	INCFSZ      R6, 0, 0
;__Lib_MathDouble.c,1483 :: 		
0x1908	0x5E02      	SUBWF       R2, 1, 0
;__Lib_MathDouble.c,1484 :: 		
0x190A	0x3406      	RLCF        R6, 0, 0
;__Lib_MathDouble.c,1485 :: 		
0x190C	0x100E      	IORWF       R14, 0, 0
;__Lib_MathDouble.c,1486 :: 		
0x190E	0x0B01      	ANDLW       1
;__Lib_MathDouble.c,1487 :: 		
0x1910	0x260D      	ADDWF       R13, 1, 0
;__Lib_MathDouble.c,1488 :: 		
0x1912	0xB0D8      	BTFSC       STATUS, 0, 0
;__Lib_MathDouble.c,1489 :: 		
0x1914	0x2A0C      	INCF        R12, 1, 0
;__Lib_MathDouble.c,1490 :: 		
0x1916	0xB4D8      	BTFSC       STATUS, 2, 0
;__Lib_MathDouble.c,1491 :: 		
0x1918	0x2A08      	INCF        R8, 1, 0
;__Lib_MathDouble.c,1492 :: 		
0x191A	0xA4D8      	BTFSS       STATUS, 2, 0
;__Lib_MathDouble.c,1493 :: 		
0x191C	0xF00CEF97  	GOTO        DIV32OK
;__Lib_MathDouble.c,1494 :: 		
0x1920	0x3208      	RRCF        R8, 1, 0
;__Lib_MathDouble.c,1495 :: 		
0x1922	0x320C      	RRCF        R12, 1, 0
;__Lib_MathDouble.c,1496 :: 		
0x1924	0x320D      	RRCF        R13, 1, 0
;__Lib_MathDouble.c,1497 :: 		
0x1926	0x2A03      	INCF        R3, 1, 0
;__Lib_MathDouble.c,1498 :: 		
0x1928	0xB4D8      	BTFSC       STATUS, 2, 0
;__Lib_MathDouble.c,1499 :: 		
0x192A	0xF00CEFAB  	GOTO        JPDSETFOV32
;__Lib_MathDouble.c,1500 :: 		
DIV32OK:
;__Lib_MathDouble.c,1501 :: 		
0x192E	0xAE0A      	BTFSS       R10, 7, 0
;__Lib_MathDouble.c,1502 :: 		
0x1930	0x9E08      	BCF         R8, 7, 0
;__Lib_MathDouble.c,1503 :: 		
0x1932	0x5008      	MOVF        R8, 0, 0
;__Lib_MathDouble.c,1504 :: 		
0x1934	0x6E02      	MOVWF       R2, 0
;__Lib_MathDouble.c,1505 :: 		
0x1936	0x500C      	MOVF        R12, 0, 0
;__Lib_MathDouble.c,1506 :: 		
0x1938	0x6E01      	MOVWF       R1, 0
;__Lib_MathDouble.c,1507 :: 		
0x193A	0x500D      	MOVF        R13, 0, 0
;__Lib_MathDouble.c,1508 :: 		
0x193C	0x6E00      	MOVWF       R0, 0
;__Lib_MathDouble.c,1511 :: 		
0x193E	0xF00CEFB3  	GOTO        DIV32EEE
;__Lib_MathDouble.c,1512 :: 		
JPDSETFDZ32:
;__Lib_MathDouble.c,1513 :: 		
0x1942	0x0E01      	MOVLW       1
;__Lib_MathDouble.c,1516 :: 		
0x1944	0xF001ECC2  	CALL        _SETFDZ32, 0
;__Lib_MathDouble.c,1518 :: 		
0x1948	0xF00CEFB3  	GOTO        DIV32EEE
;__Lib_MathDouble.c,1519 :: 		
JPDRES032:
;__Lib_MathDouble.c,1520 :: 		
0x194C	0x0E02      	MOVLW       2
;__Lib_MathDouble.c,1523 :: 		
0x194E	0xF000EC1E  	CALL        _RES032, 0
;__Lib_MathDouble.c,1525 :: 		
0x1952	0xF00CEFB3  	GOTO        DIV32EEE
;__Lib_MathDouble.c,1526 :: 		
JPDSETFOV32:
;__Lib_MathDouble.c,1527 :: 		
0x1956	0x0E04      	MOVLW       4
;__Lib_MathDouble.c,1530 :: 		
0x1958	0xF000EC12  	CALL        _SETFOV32, 0
;__Lib_MathDouble.c,1532 :: 		
0x195C	0xF00CEFB3  	GOTO        DIV32EEE
;__Lib_MathDouble.c,1533 :: 		
JPDSETFUN32:
;__Lib_MathDouble.c,1534 :: 		
0x1960	0x0E08      	MOVLW       8
;__Lib_MathDouble.c,1537 :: 		
0x1962	0xF000EC25  	CALL        _SETFUN32, 0
;__Lib_MathDouble.c,1539 :: 		
DIV32EEE:
;__Lib_MathDouble.c,1547 :: 		
L_end_Div_32x32_FP:
0x1966	0x0012      	RETURN      0
; end of _Div_32x32_FP
_Div_16x16_S:
;__Lib_Math.c,200 :: 		
;__Lib_Math.c,208 :: 		
0x1968	0x5004      	MOVF        R4, 0 
0x196A	0x0A00      	XORLW       0
0x196C	0xE108      	BNZ         L_Div_16x16_S0
;__Lib_Math.c,209 :: 		
0x196E	0x5005      	MOVF        R5, 0 
0x1970	0x0A00      	XORLW       0
0x1972	0xE105      	BNZ         L_Div_16x16_S1
;__Lib_Math.c,210 :: 		
0x1974	0x0EFF      	MOVLW       255
0x1976	0x6E00      	MOVWF       R0 
;__Lib_Math.c,211 :: 		
0x1978	0x0E7F      	MOVLW       127
0x197A	0x6E01      	MOVWF       R1 
;__Lib_Math.c,212 :: 		
0x197C	0xD058      	BRA         L_end_Div_16x16_S
;__Lib_Math.c,213 :: 		
L_Div_16x16_S1:
L_Div_16x16_S0:
;__Lib_Math.c,216 :: 		
0x197E	0x6A0D      	CLRF        R13, 0
;__Lib_Math.c,217 :: 		
0x1980	0x6A09      	CLRF        R9, 0
;__Lib_Math.c,218 :: 		
0x1982	0x6A08      	CLRF        R8, 0
;__Lib_Math.c,219 :: 		
0x1984	0x5001      	MOVF        R1, 0, 0
;__Lib_Math.c,220 :: 		
0x1986	0x1000      	IORWF       R0, 0, 0
;__Lib_Math.c,221 :: 		
0x1988	0xB4D8      	BTFSC       STATUS, 2, 0
;__Lib_Math.c,222 :: 		
0x198A	0x0C00      	RETLW       0
;__Lib_Math.c,224 :: 		
0x198C	0x5001      	MOVF        R1, 0, 0
;__Lib_Math.c,225 :: 		
0x198E	0x1805      	XORWF       R5, 0, 0
;__Lib_Math.c,226 :: 		
0x1990	0x6E0A      	MOVWF       R10, 0
;__Lib_Math.c,227 :: 		
0x1992	0xBE0A      	BTFSC       R10, 7, 0
;__Lib_Math.c,228 :: 		
0x1994	0x1E0D      	COMF        R13, 1, 0
;__Lib_Math.c,230 :: 		
0x1996	0x6A0B      	CLRF        R11, 0
;__Lib_Math.c,232 :: 		
0x1998	0xAE05      	BTFSS       R5, 7, 0
;__Lib_Math.c,233 :: 		
0x199A	0xD005      	BRA         $+12
;__Lib_Math.c,235 :: 		
0x199C	0x1E04      	COMF        R4, 1, 0
;__Lib_Math.c,236 :: 		
0x199E	0x1E05      	COMF        R5, 1, 0
;__Lib_Math.c,237 :: 		
0x19A0	0x2A04      	INCF        R4, 1, 0
;__Lib_Math.c,238 :: 		
0x19A2	0xB4D8      	BTFSC       STATUS, 2, 0
;__Lib_Math.c,239 :: 		
0x19A4	0x2A05      	INCF        R5, 1, 0
;__Lib_Math.c,241 :: 		
0x19A6	0xAE01      	BTFSS       R1, 7, 0
;__Lib_Math.c,242 :: 		
0x19A8	0xD005      	BRA         $+12
;__Lib_Math.c,244 :: 		
0x19AA	0x1E00      	COMF        R0, 1, 0
;__Lib_Math.c,245 :: 		
0x19AC	0x1E01      	COMF        R1, 1, 0
;__Lib_Math.c,246 :: 		
0x19AE	0x2A00      	INCF        R0, 1, 0
;__Lib_Math.c,247 :: 		
0x19B0	0xB4D8      	BTFSC       STATUS, 2, 0
;__Lib_Math.c,248 :: 		
0x19B2	0x2A01      	INCF        R1, 1, 0
;__Lib_Math.c,250 :: 		
0x19B4	0x5001      	MOVF        R1, 0, 0
;__Lib_Math.c,251 :: 		
0x19B6	0x1005      	IORWF       R5, 0, 0
;__Lib_Math.c,252 :: 		
0x19B8	0x6E0A      	MOVWF       R10, 0
;__Lib_Math.c,253 :: 		
0x19BA	0xBE0A      	BTFSC       R10, 7, 0
;__Lib_Math.c,254 :: 		
0x19BC	0xD010      	BRA         $+34
;__Lib_Math.c,256 :: 		
0x19BE	0xF004EC43  	CALL        _Div_16x16_S_L, 0
;__Lib_Math.c,258 :: 		
0x19C2	0xB00B      	BTFSC       R11, 0, 0
;__Lib_Math.c,259 :: 		
0x19C4	0xD020      	BRA         $+66
;__Lib_Math.c,261 :: 		
0x19C6	0xAE0D      	BTFSS       R13, 7, 0
;__Lib_Math.c,262 :: 		
0x19C8	0x0C00      	RETLW       0
;__Lib_Math.c,264 :: 		
0x19CA	0x1E00      	COMF        R0, 1, 0
;__Lib_Math.c,265 :: 		
0x19CC	0x1E01      	COMF        R1, 1, 0
;__Lib_Math.c,266 :: 		
0x19CE	0x2A00      	INCF        R0, 1, 0
;__Lib_Math.c,267 :: 		
0x19D0	0xB4D8      	BTFSC       STATUS, 2, 0
;__Lib_Math.c,268 :: 		
0x19D2	0x2A01      	INCF        R1, 1, 0
;__Lib_Math.c,270 :: 		
0x19D4	0x1E08      	COMF        R8, 1, 0
;__Lib_Math.c,271 :: 		
0x19D6	0x1E09      	COMF        R9, 1, 0
;__Lib_Math.c,272 :: 		
0x19D8	0x2A08      	INCF        R8, 1, 0
;__Lib_Math.c,273 :: 		
0x19DA	0xB4D8      	BTFSC       STATUS, 2, 0
;__Lib_Math.c,274 :: 		
0x19DC	0x2A09      	INCF        R9, 1, 0
;__Lib_Math.c,276 :: 		
0x19DE	0x0C00      	RETLW       0
;__Lib_Math.c,278 :: 		
0x19E0	0xAE05      	BTFSS       R5, 7, 0
;__Lib_Math.c,279 :: 		
0x19E2	0xD00D      	BRA         $+28
;__Lib_Math.c,280 :: 		
0x19E4	0xBE01      	BTFSC       R1, 7, 0
;__Lib_Math.c,281 :: 		
0x19E6	0xD007      	BRA         $+16
;__Lib_Math.c,282 :: 		
0x19E8	0x5001      	MOVF        R1, 0, 0
;__Lib_Math.c,283 :: 		
0x19EA	0x6E09      	MOVWF       R9, 0
;__Lib_Math.c,284 :: 		
0x19EC	0x5000      	MOVF        R0, 0, 0
;__Lib_Math.c,285 :: 		
0x19EE	0x6E08      	MOVWF       R8, 0
;__Lib_Math.c,286 :: 		
0x19F0	0x6A01      	CLRF        R1, 0
;__Lib_Math.c,287 :: 		
0x19F2	0x6A00      	CLRF        R0, 0
;__Lib_Math.c,288 :: 		
0x19F4	0xD7E8      	BRA         $-46
;__Lib_Math.c,289 :: 		
0x19F6	0x6A01      	CLRF        R1, 0
;__Lib_Math.c,290 :: 		
0x19F8	0x6A00      	CLRF        R0, 0
;__Lib_Math.c,291 :: 		
0x19FA	0x2A00      	INCF        R0, 1, 0
;__Lib_Math.c,292 :: 		
0x19FC	0x0C00      	RETLW       0
;__Lib_Math.c,294 :: 		
0x19FE	0x1E01      	COMF        R1, 1, 0
;__Lib_Math.c,295 :: 		
0x1A00	0x1E00      	COMF        R0, 1, 0
;__Lib_Math.c,296 :: 		
0x1A02	0x2A0B      	INCF        R11, 1, 0
;__Lib_Math.c,297 :: 		
0x1A04	0xD7DD      	BRA         $-68
;__Lib_Math.c,299 :: 		
0x1A06	0x2A08      	INCF        R8, 1, 0
;__Lib_Math.c,300 :: 		
0x1A08	0xB4D8      	BTFSC       STATUS, 2, 0
;__Lib_Math.c,301 :: 		
0x1A0A	0x2A09      	INCF        R9, 1, 0
;__Lib_Math.c,302 :: 		
0x1A0C	0x5004      	MOVF        R4, 0, 0
;__Lib_Math.c,303 :: 		
0x1A0E	0x5C08      	SUBWF       R8, 0, 0
;__Lib_Math.c,304 :: 		
0x1A10	0xA4D8      	BTFSS       STATUS, 2, 0
;__Lib_Math.c,305 :: 		
0x1A12	0xD7D9      	BRA         $-76
;__Lib_Math.c,306 :: 		
0x1A14	0x5005      	MOVF        R5, 0, 0
;__Lib_Math.c,307 :: 		
0x1A16	0x5C09      	SUBWF       R9, 0, 0
;__Lib_Math.c,308 :: 		
0x1A18	0xA4D8      	BTFSS       STATUS, 2, 0
;__Lib_Math.c,309 :: 		
0x1A1A	0xD7D5      	BRA         $-84
;__Lib_Math.c,310 :: 		
0x1A1C	0x6A09      	CLRF        R9, 0
;__Lib_Math.c,311 :: 		
0x1A1E	0x6A08      	CLRF        R8, 0
;__Lib_Math.c,312 :: 		
0x1A20	0x2A00      	INCF        R0, 1, 0
;__Lib_Math.c,313 :: 		
0x1A22	0xB4D8      	BTFSC       STATUS, 2, 0
;__Lib_Math.c,314 :: 		
0x1A24	0x2A01      	INCF        R1, 1, 0
;__Lib_Math.c,315 :: 		
0x1A26	0xAE01      	BTFSS       R1, 7, 0
;__Lib_Math.c,316 :: 		
0x1A28	0xD7CE      	BRA         $-98
;__Lib_Math.c,317 :: 		
0x1A2A	0x0000      	NOP
;__Lib_Math.c,318 :: 		
0x1A2C	0x0CFF      	RETLW       255
;__Lib_Math.c,320 :: 		
L_end_Div_16x16_S:
0x1A2E	0x0012      	RETURN      0
; end of _Div_16x16_S
_Compare_Double:
;__Lib_MathDouble.c,2518 :: 		
;__Lib_MathDouble.c,2529 :: 		
0x1A30	0x6A0A      	CLRF        R10, 0
;__Lib_MathDouble.c,2530 :: 		
0x1A32	0x5003      	MOVF        R3, 0, 0
;__Lib_MathDouble.c,2531 :: 		
0x1A34	0xA4D8      	BTFSS       STATUS, 2, 0
;__Lib_MathDouble.c,2532 :: 		
0x1A36	0x800A      	BSF         R10, 0, 0
;__Lib_MathDouble.c,2533 :: 		
0x1A38	0x5007      	MOVF        R7, 0, 0
;__Lib_MathDouble.c,2534 :: 		
0x1A3A	0xA4D8      	BTFSS       STATUS, 2, 0
;__Lib_MathDouble.c,2535 :: 		
0x1A3C	0x820A      	BSF         R10, 1, 0
;__Lib_MathDouble.c,2537 :: 		
0x1A3E	0x500A      	MOVF        R10, 0, 0
;__Lib_MathDouble.c,2538 :: 		
0x1A40	0xB4D8      	BTFSC       STATUS, 2, 0
;__Lib_MathDouble.c,2539 :: 		
0x1A42	0xF00DEF7B  	GOTO        COMPARE_EQU
;__Lib_MathDouble.c,2540 :: 		
0x1A46	0x0A03      	XORLW       3
;__Lib_MathDouble.c,2541 :: 		
0x1A48	0xB4D8      	BTFSC       STATUS, 2, 0
;__Lib_MathDouble.c,2542 :: 		
0x1A4A	0xF00DEF34  	GOTO        COMPARE_NOTZERO
;__Lib_MathDouble.c,2544 :: 		
0x1A4E	0xB00A      	BTFSC       R10, 0, 0
;__Lib_MathDouble.c,2545 :: 		
0x1A50	0xF00DEF2F  	GOTO        COMPARE_XNOTZERO
;__Lib_MathDouble.c,2547 :: 		
0x1A54	0xAE06      	BTFSS       R6, 7, 0
;__Lib_MathDouble.c,2548 :: 		
0x1A56	0xF00DEF79  	GOTO        COMPARE_LT
;__Lib_MathDouble.c,2549 :: 		
0x1A5A	0xF00DEF77  	GOTO        COMPARE_GT
;__Lib_MathDouble.c,2550 :: 		
COMPARE_XNOTZERO:
;__Lib_MathDouble.c,2551 :: 		
0x1A5E	0xAE02      	BTFSS       R2, 7, 0
;__Lib_MathDouble.c,2552 :: 		
0x1A60	0xF00DEF77  	GOTO        COMPARE_GT
;__Lib_MathDouble.c,2553 :: 		
0x1A64	0xF00DEF79  	GOTO        COMPARE_LT
;__Lib_MathDouble.c,2555 :: 		
COMPARE_NOTZERO:
;__Lib_MathDouble.c,2556 :: 		
0x1A68	0x5002      	MOVF        R2, 0, 0
;__Lib_MathDouble.c,2557 :: 		
0x1A6A	0x0B80      	ANDLW       128
;__Lib_MathDouble.c,2558 :: 		
0x1A6C	0x6E0A      	MOVWF       R10, 0
;__Lib_MathDouble.c,2559 :: 		
0x1A6E	0x9E02      	BCF         R2, 7, 0
;__Lib_MathDouble.c,2561 :: 		
0x1A70	0x5006      	MOVF        R6, 0, 0
;__Lib_MathDouble.c,2562 :: 		
0x1A72	0x0B80      	ANDLW       128
;__Lib_MathDouble.c,2563 :: 		
0x1A74	0x9E06      	BCF         R6, 7, 0
;__Lib_MathDouble.c,2565 :: 		
0x1A76	0x180A      	XORWF       R10, 0, 0
;__Lib_MathDouble.c,2566 :: 		
0x1A78	0xB4D8      	BTFSC       STATUS, 2, 0
;__Lib_MathDouble.c,2567 :: 		
0x1A7A	0xF00DEF45  	GOTO        COMPARE_TESTALL
;__Lib_MathDouble.c,2569 :: 		
0x1A7E	0x500A      	MOVF        R10, 0, 0
;__Lib_MathDouble.c,2570 :: 		
0x1A80	0xB4D8      	BTFSC       STATUS, 2, 0
;__Lib_MathDouble.c,2571 :: 		
0x1A82	0xF00DEF77  	GOTO        COMPARE_GT
;__Lib_MathDouble.c,2572 :: 		
0x1A86	0xF00DEF79  	GOTO        COMPARE_LT
;__Lib_MathDouble.c,2574 :: 		
COMPARE_TESTALL:
;__Lib_MathDouble.c,2575 :: 		
0x1A8A	0x5007      	MOVF        R7, 0, 0
;__Lib_MathDouble.c,2576 :: 		
0x1A8C	0x5C03      	SUBWF       R3, 0, 0
;__Lib_MathDouble.c,2577 :: 		
0x1A8E	0xB4D8      	BTFSC       STATUS, 2, 0
;__Lib_MathDouble.c,2578 :: 		
0x1A90	0xF00DEF4F  	GOTO        COMPARE_C1
;__Lib_MathDouble.c,2579 :: 		
0x1A94	0xA0D8      	BTFSS       STATUS, 0, 0
;__Lib_MathDouble.c,2580 :: 		
0x1A96	0xF00DEF6B  	GOTO        GT_FALSE
;__Lib_MathDouble.c,2581 :: 		
0x1A9A	0xF00DEF71  	GOTO        GT_TRUE
;__Lib_MathDouble.c,2582 :: 		
COMPARE_C1:
;__Lib_MathDouble.c,2583 :: 		
0x1A9E	0x5006      	MOVF        R6, 0, 0
;__Lib_MathDouble.c,2584 :: 		
0x1AA0	0x5C02      	SUBWF       R2, 0, 0
;__Lib_MathDouble.c,2585 :: 		
0x1AA2	0xB4D8      	BTFSC       STATUS, 2, 0
;__Lib_MathDouble.c,2586 :: 		
0x1AA4	0xF00DEF59  	GOTO        COMPARE_C2
;__Lib_MathDouble.c,2587 :: 		
0x1AA8	0xA0D8      	BTFSS       STATUS, 0, 0
;__Lib_MathDouble.c,2588 :: 		
0x1AAA	0xF00DEF6B  	GOTO        GT_FALSE
;__Lib_MathDouble.c,2589 :: 		
0x1AAE	0xF00DEF71  	GOTO        GT_TRUE
;__Lib_MathDouble.c,2590 :: 		
COMPARE_C2:
;__Lib_MathDouble.c,2591 :: 		
0x1AB2	0x5005      	MOVF        R5, 0, 0
;__Lib_MathDouble.c,2592 :: 		
0x1AB4	0x5C01      	SUBWF       R1, 0, 0
;__Lib_MathDouble.c,2593 :: 		
0x1AB6	0xB4D8      	BTFSC       STATUS, 2, 0
;__Lib_MathDouble.c,2594 :: 		
0x1AB8	0xF00DEF63  	GOTO        COMPARE_C3
;__Lib_MathDouble.c,2595 :: 		
0x1ABC	0xA0D8      	BTFSS       STATUS, 0, 0
;__Lib_MathDouble.c,2596 :: 		
0x1ABE	0xF00DEF6B  	GOTO        GT_FALSE
;__Lib_MathDouble.c,2597 :: 		
0x1AC2	0xF00DEF71  	GOTO        GT_TRUE
;__Lib_MathDouble.c,2598 :: 		
COMPARE_C3:
;__Lib_MathDouble.c,2599 :: 		
0x1AC6	0x5004      	MOVF        R4, 0, 0
;__Lib_MathDouble.c,2600 :: 		
0x1AC8	0x5C00      	SUBWF       R0, 0, 0
;__Lib_MathDouble.c,2601 :: 		
0x1ACA	0xB4D8      	BTFSC       STATUS, 2, 0
;__Lib_MathDouble.c,2602 :: 		
0x1ACC	0xF00DEF7B  	GOTO        COMPARE_EQU
;__Lib_MathDouble.c,2603 :: 		
0x1AD0	0xB0D8      	BTFSC       STATUS, 0, 0
;__Lib_MathDouble.c,2604 :: 		
0x1AD2	0xF00DEF71  	GOTO        GT_TRUE
;__Lib_MathDouble.c,2606 :: 		
GT_FALSE:
;__Lib_MathDouble.c,2607 :: 		
0x1AD6	0x520A      	MOVF        R10, 1, 0
;__Lib_MathDouble.c,2608 :: 		
0x1AD8	0xB4D8      	BTFSC       STATUS, 2, 0
;__Lib_MathDouble.c,2609 :: 		
0x1ADA	0xF00DEF79  	GOTO        COMPARE_LT
;__Lib_MathDouble.c,2610 :: 		
0x1ADE	0xF00DEF77  	GOTO        COMPARE_GT
;__Lib_MathDouble.c,2611 :: 		
GT_TRUE:
;__Lib_MathDouble.c,2612 :: 		
0x1AE2	0x520A      	MOVF        R10, 1, 0
;__Lib_MathDouble.c,2613 :: 		
0x1AE4	0xB4D8      	BTFSC       STATUS, 2, 0
;__Lib_MathDouble.c,2614 :: 		
0x1AE6	0xF00DEF77  	GOTO        COMPARE_GT
;__Lib_MathDouble.c,2615 :: 		
0x1AEA	0xF00DEF79  	GOTO        COMPARE_LT
;__Lib_MathDouble.c,2617 :: 		
COMPARE_GT:
;__Lib_MathDouble.c,2620 :: 		
0x1AEE	0x80D8      	BSF         STATUS, 0, 0
;__Lib_MathDouble.c,2621 :: 		
0x1AF0	0x0012      	RETURN      0
;__Lib_MathDouble.c,2622 :: 		
COMPARE_LT:
;__Lib_MathDouble.c,2625 :: 		
0x1AF2	0x90D8      	BCF         STATUS, 0, 0
;__Lib_MathDouble.c,2626 :: 		
0x1AF4	0x0012      	RETURN      0
;__Lib_MathDouble.c,2627 :: 		
COMPARE_EQU:
;__Lib_MathDouble.c,2630 :: 		
0x1AF6	0x80D8      	BSF         STATUS, 0, 0
;__Lib_MathDouble.c,2631 :: 		
0x1AF8	0x84D8      	BSF         STATUS, 2, 0
;__Lib_MathDouble.c,2632 :: 		
0x1AFA	0x0012      	RETURN      0
;__Lib_MathDouble.c,2634 :: 		
L_end_Compare_Double:
0x1AFC	0x0012      	RETURN      0
; end of _Compare_Double
_Mul_16X16_U:
;__Lib_Math.c,440 :: 		
;__Lib_Math.c,447 :: 		
0x1AFE	0x6A0B      	CLRF        R11, 0
;__Lib_Math.c,448 :: 		
0x1B00	0x6A0A      	CLRF        R10, 0
;__Lib_Math.c,449 :: 		
0x1B02	0x6A09      	CLRF        R9, 0
;__Lib_Math.c,450 :: 		
0x1B04	0x5000      	MOVF        R0, 0, 0
;__Lib_Math.c,451 :: 		
0x1B06	0x0204      	MULWF       R4, 0
;__Lib_Math.c,453 :: 		
0x1B08	0xF009CFF4  	MOVFF       PRODH, R9
;__Lib_Math.c,454 :: 		
0x1B0C	0xF008CFF3  	MOVFF       PRODL, R8
;__Lib_Math.c,455 :: 		
0x1B10	0x5001      	MOVF        R1, 0, 0
;__Lib_Math.c,456 :: 		
0x1B12	0x0205      	MULWF       R5, 0
;__Lib_Math.c,458 :: 		
0x1B14	0xF00BCFF4  	MOVFF       PRODH, R11
;__Lib_Math.c,459 :: 		
0x1B18	0xF00ACFF3  	MOVFF       PRODL, R10
;__Lib_Math.c,460 :: 		
0x1B1C	0x5000      	MOVF        R0, 0, 0
;__Lib_Math.c,461 :: 		
0x1B1E	0x0205      	MULWF       R5, 0
;__Lib_Math.c,463 :: 		
0x1B20	0x50F3      	MOVF        PRODL, 0, 0
;__Lib_Math.c,464 :: 		
0x1B22	0x2609      	ADDWF       R9, 1, 0
;__Lib_Math.c,465 :: 		
0x1B24	0x50F4      	MOVF        PRODH, 0, 0
;__Lib_Math.c,466 :: 		
0x1B26	0x220A      	ADDWFC      R10, 1, 0
;__Lib_Math.c,467 :: 		
0x1B28	0x6AE8      	CLRF        WREG, 0
;__Lib_Math.c,468 :: 		
0x1B2A	0x220B      	ADDWFC      R11, 1, 0
;__Lib_Math.c,469 :: 		
0x1B2C	0x5001      	MOVF        R1, 0, 0
;__Lib_Math.c,470 :: 		
0x1B2E	0x0204      	MULWF       R4, 0
;__Lib_Math.c,472 :: 		
0x1B30	0x50F3      	MOVF        PRODL, 0, 0
;__Lib_Math.c,473 :: 		
0x1B32	0x2609      	ADDWF       R9, 1, 0
;__Lib_Math.c,474 :: 		
0x1B34	0x50F4      	MOVF        PRODH, 0, 0
;__Lib_Math.c,475 :: 		
0x1B36	0x220A      	ADDWFC      R10, 1, 0
;__Lib_Math.c,476 :: 		
0x1B38	0x6AE8      	CLRF        WREG, 0
;__Lib_Math.c,477 :: 		
0x1B3A	0x220B      	ADDWFC      R11, 1, 0
;__Lib_Math.c,479 :: 		
0x1B3C	0xF000C008  	MOVFF       R8, R0
;__Lib_Math.c,480 :: 		
0x1B40	0xF001C009  	MOVFF       R9, R1
;__Lib_Math.c,481 :: 		
0x1B44	0xF002C00A  	MOVFF       R10, R2
;__Lib_Math.c,482 :: 		
0x1B48	0xF003C00B  	MOVFF       R11, R3
;__Lib_Math.c,485 :: 		
L_end_Mul_16X16_U:
0x1B4C	0x0012      	RETURN      0
; end of _Mul_16X16_U
_Delay_22us:
;__Lib_Delays.c,15 :: 		void Delay_22us() {
;__Lib_Delays.c,16 :: 		Delay_us(22);
0x1B4E	0x0E0E      	MOVLW       14
0x1B50	0x6E0D      	MOVWF       R13, 0
L_Delay_22us1:
0x1B52	0x2E0D      	DECFSZ      R13, 1, 0
0x1B54	0xD7FE      	BRA         L_Delay_22us1
0x1B56	0x0000      	NOP
;__Lib_Delays.c,17 :: 		}
L_end_Delay_22us:
0x1B58	0x0012      	RETURN      0
; end of _Delay_22us
__doprntf:
;__Lib_Sprintf.c,187 :: 		
;__Lib_Sprintf.c,193 :: 		
0x1B5A	0x0100      	MOVLB       0
0x1B5C	0x6BC6      	CLRF        _doprntf_ccnt_L0, 1
0x1B5E	0x6BC7      	CLRF        _doprntf_ccnt_L0+1, 1
;__Lib_Sprintf.c,222 :: 		
0x1B60	0x6BBA      	CLRF        _doprntf_flag_L0, 1
0x1B62	0x6BBB      	CLRF        _doprntf_flag_L0+1, 1
;__Lib_Sprintf.c,223 :: 		
L__doprntf10:
0x1B64	0xF000C0A8  	MOVFF       FARG__doprntf_f, R0
0x1B68	0xF001C0A9  	MOVFF       FARG__doprntf_f+1, R1
0x1B6C	0xF002C0AA  	MOVFF       FARG__doprntf_f+2, R2
0x1B70	0x0E01      	MOVLW       1
0x1B72	0x27A8      	ADDWF       FARG__doprntf_f, 1, 1
0x1B74	0x0E00      	MOVLW       0
0x1B76	0x23A9      	ADDWFC      FARG__doprntf_f+1, 1, 1
0x1B78	0x23AA      	ADDWFC      FARG__doprntf_f+2, 1, 1
0x1B7A	0xFFF6C000  	MOVFF       R0, TBLPTRL
0x1B7E	0xFFF7C001  	MOVFF       R1, TBLPTRH
0x1B82	0xFFF8C002  	MOVFF       R2, TBLPTRU
0x1B86	0x0009      	TBLRD*+
0x1B88	0xF000CFF5  	MOVFF       TABLAT, R0
0x1B8C	0xF0B7C000  	MOVFF       R0, _doprntf_c_L0
0x1B90	0x5200      	MOVF        R0, 1 
0x1B92	0xB4D8      	BTFSC       STATUS, 2 
0x1B94	0xF01DEFB7  	GOTO        L__doprntf11
;__Lib_Sprintf.c,224 :: 		
0x1B98	0x51B7      	MOVF        _doprntf_c_L0, 0, 1
0x1B9A	0x0A25      	XORLW       37
0x1B9C	0xE00B      	BZ          L__doprntf12
;__Lib_Sprintf.c,225 :: 		
0x1B9E	0xFFE1C0A6  	MOVFF       FARG__doprntf_pb, FSR1L
0x1BA2	0xFFE2C0A7  	MOVFF       FARG__doprntf_pb+1, FSR1H
0x1BA6	0xFFE6C0B7  	MOVFF       _doprntf_c_L0, POSTINC1
0x1BAA	0x4BA6      	INFSNZ      FARG__doprntf_pb, 1, 1
0x1BAC	0x2BA7      	INCF        FARG__doprntf_pb+1, 1, 1
0x1BAE	0x4BC6      	INFSNZ      _doprntf_ccnt_L0, 1, 1
0x1BB0	0x2BC7      	INCF        _doprntf_ccnt_L0+1, 1, 1
;__Lib_Sprintf.c,226 :: 		
0x1BB2	0xD7D8      	BRA         L__doprntf10
;__Lib_Sprintf.c,227 :: 		
L__doprntf12:
;__Lib_Sprintf.c,228 :: 		
0x1BB4	0x6BB8      	CLRF        _doprntf_width_L0, 1
0x1BB6	0x6BB9      	CLRF        _doprntf_width_L0+1, 1
;__Lib_Sprintf.c,229 :: 		
0x1BB8	0x6BBA      	CLRF        _doprntf_flag_L0, 1
0x1BBA	0x6BBB      	CLRF        _doprntf_flag_L0+1, 1
;__Lib_Sprintf.c,230 :: 		
L__doprntf13:
;__Lib_Sprintf.c,231 :: 		
0x1BBC	0xD023      	BRA         L__doprntf16
;__Lib_Sprintf.c,232 :: 		
L__doprntf18:
;__Lib_Sprintf.c,233 :: 		
0x1BBE	0x87BA      	BSF         _doprntf_flag_L0, 3, 1
;__Lib_Sprintf.c,234 :: 		
0x1BC0	0x0E01      	MOVLW       1
0x1BC2	0x27A8      	ADDWF       FARG__doprntf_f, 1, 1
0x1BC4	0x0E00      	MOVLW       0
0x1BC6	0x23A9      	ADDWFC      FARG__doprntf_f+1, 1, 1
0x1BC8	0x23AA      	ADDWFC      FARG__doprntf_f+2, 1, 1
;__Lib_Sprintf.c,235 :: 		
0x1BCA	0xD059      	BRA         L__doprntf15
;__Lib_Sprintf.c,237 :: 		
L__doprntf19:
;__Lib_Sprintf.c,238 :: 		
0x1BCC	0x81BA      	BSF         _doprntf_flag_L0, 0, 1
;__Lib_Sprintf.c,239 :: 		
0x1BCE	0x0E01      	MOVLW       1
0x1BD0	0x27A8      	ADDWF       FARG__doprntf_f, 1, 1
0x1BD2	0x0E00      	MOVLW       0
0x1BD4	0x23A9      	ADDWFC      FARG__doprntf_f+1, 1, 1
0x1BD6	0x23AA      	ADDWFC      FARG__doprntf_f+2, 1, 1
;__Lib_Sprintf.c,240 :: 		
0x1BD8	0xD052      	BRA         L__doprntf15
;__Lib_Sprintf.c,242 :: 		
L__doprntf20:
;__Lib_Sprintf.c,243 :: 		
0x1BDA	0x83BA      	BSF         _doprntf_flag_L0, 1, 1
;__Lib_Sprintf.c,244 :: 		
0x1BDC	0x0E01      	MOVLW       1
0x1BDE	0x27A8      	ADDWF       FARG__doprntf_f, 1, 1
0x1BE0	0x0E00      	MOVLW       0
0x1BE2	0x23A9      	ADDWFC      FARG__doprntf_f+1, 1, 1
0x1BE4	0x23AA      	ADDWFC      FARG__doprntf_f+2, 1, 1
;__Lib_Sprintf.c,245 :: 		
0x1BE6	0xD04B      	BRA         L__doprntf15
;__Lib_Sprintf.c,247 :: 		
L__doprntf21:
;__Lib_Sprintf.c,248 :: 		
0x1BE8	0x87BB      	BSF         _doprntf_flag_L0+1, 3, 1
;__Lib_Sprintf.c,249 :: 		
0x1BEA	0x0E01      	MOVLW       1
0x1BEC	0x27A8      	ADDWF       FARG__doprntf_f, 1, 1
0x1BEE	0x0E00      	MOVLW       0
0x1BF0	0x23A9      	ADDWFC      FARG__doprntf_f+1, 1, 1
0x1BF2	0x23AA      	ADDWFC      FARG__doprntf_f+2, 1, 1
;__Lib_Sprintf.c,250 :: 		
0x1BF4	0xD044      	BRA         L__doprntf15
;__Lib_Sprintf.c,252 :: 		
L__doprntf22:
;__Lib_Sprintf.c,253 :: 		
0x1BF6	0x85BA      	BSF         _doprntf_flag_L0, 2, 1
;__Lib_Sprintf.c,254 :: 		
0x1BF8	0x0E01      	MOVLW       1
0x1BFA	0x27A8      	ADDWF       FARG__doprntf_f, 1, 1
0x1BFC	0x0E00      	MOVLW       0
0x1BFE	0x23A9      	ADDWFC      FARG__doprntf_f+1, 1, 1
0x1C00	0x23AA      	ADDWFC      FARG__doprntf_f+2, 1, 1
;__Lib_Sprintf.c,255 :: 		
0x1C02	0xD03D      	BRA         L__doprntf15
;__Lib_Sprintf.c,256 :: 		
L__doprntf16:
0x1C04	0xFFF6C0A8  	MOVFF       FARG__doprntf_f, TBLPTRL
0x1C08	0xFFF7C0A9  	MOVFF       FARG__doprntf_f+1, TBLPTRH
0x1C0C	0xFFF8C0AA  	MOVFF       FARG__doprntf_f+2, TBLPTRU
0x1C10	0x0009      	TBLRD*+
0x1C12	0xF001CFF5  	MOVFF       TABLAT, R1
0x1C16	0x5001      	MOVF        R1, 0 
0x1C18	0x0A2D      	XORLW       45
0x1C1A	0xE0D1      	BZ          L__doprntf18
0x1C1C	0xFFF6C0A8  	MOVFF       FARG__doprntf_f, TBLPTRL
0x1C20	0xFFF7C0A9  	MOVFF       FARG__doprntf_f+1, TBLPTRH
0x1C24	0xFFF8C0AA  	MOVFF       FARG__doprntf_f+2, TBLPTRU
0x1C28	0x0009      	TBLRD*+
0x1C2A	0xF001CFF5  	MOVFF       TABLAT, R1
0x1C2E	0x5001      	MOVF        R1, 0 
0x1C30	0x0A20      	XORLW       32
0x1C32	0xE0CC      	BZ          L__doprntf19
0x1C34	0xFFF6C0A8  	MOVFF       FARG__doprntf_f, TBLPTRL
0x1C38	0xFFF7C0A9  	MOVFF       FARG__doprntf_f+1, TBLPTRH
0x1C3C	0xFFF8C0AA  	MOVFF       FARG__doprntf_f+2, TBLPTRU
0x1C40	0x0009      	TBLRD*+
0x1C42	0xF001CFF5  	MOVFF       TABLAT, R1
0x1C46	0x5001      	MOVF        R1, 0 
0x1C48	0x0A2B      	XORLW       43
0x1C4A	0xE0C7      	BZ          L__doprntf20
0x1C4C	0xFFF6C0A8  	MOVFF       FARG__doprntf_f, TBLPTRL
0x1C50	0xFFF7C0A9  	MOVFF       FARG__doprntf_f+1, TBLPTRH
0x1C54	0xFFF8C0AA  	MOVFF       FARG__doprntf_f+2, TBLPTRU
0x1C58	0x0009      	TBLRD*+
0x1C5A	0xF001CFF5  	MOVFF       TABLAT, R1
0x1C5E	0x5001      	MOVF        R1, 0 
0x1C60	0x0A23      	XORLW       35
0x1C62	0xE0C2      	BZ          L__doprntf21
0x1C64	0xFFF6C0A8  	MOVFF       FARG__doprntf_f, TBLPTRL
0x1C68	0xFFF7C0A9  	MOVFF       FARG__doprntf_f+1, TBLPTRH
0x1C6C	0xFFF8C0AA  	MOVFF       FARG__doprntf_f+2, TBLPTRU
0x1C70	0x0009      	TBLRD*+
0x1C72	0xF001CFF5  	MOVFF       TABLAT, R1
0x1C76	0x5001      	MOVF        R1, 0 
0x1C78	0x0A30      	XORLW       48
0x1C7A	0xE0BD      	BZ          L__doprntf22
;__Lib_Sprintf.c,257 :: 		
0x1C7C	0xD001      	BRA         L__doprntf14
;__Lib_Sprintf.c,258 :: 		
L__doprntf15:
0x1C7E	0xD79E      	BRA         L__doprntf13
L__doprntf14:
;__Lib_Sprintf.c,259 :: 		
0x1C80	0xA3BA      	BTFSS       _doprntf_flag_L0, 1, 1
0x1C82	0xD001      	BRA         L__doprntf23
;__Lib_Sprintf.c,260 :: 		
0x1C84	0x91BA      	BCF         _doprntf_flag_L0, 0, 1
L__doprntf23:
;__Lib_Sprintf.c,261 :: 		
0x1C86	0xA7BA      	BTFSS       _doprntf_flag_L0, 3, 1
0x1C88	0xD001      	BRA         L__doprntf24
;__Lib_Sprintf.c,262 :: 		
0x1C8A	0x95BA      	BCF         _doprntf_flag_L0, 2, 1
L__doprntf24:
;__Lib_Sprintf.c,263 :: 		
0x1C8C	0xFFF6C0A8  	MOVFF       FARG__doprntf_f, TBLPTRL
0x1C90	0xFFF7C0A9  	MOVFF       FARG__doprntf_f+1, TBLPTRH
0x1C94	0xFFF8C0AA  	MOVFF       FARG__doprntf_f+2, TBLPTRU
0x1C98	0x0009      	TBLRD*+
0x1C9A	0xF000CFF5  	MOVFF       TABLAT, R0
0x1C9E	0x0E00      	MOVLW       0
0x1CA0	0x6E01      	MOVWF       R1 
0x1CA2	0xF0CEC000  	MOVFF       R0, FARG_isdigit_character
0x1CA6	0xF005ECEB  	CALL        _isdigit, 0
0x1CAA	0x5200      	MOVF        R0, 1 
0x1CAC	0xE035      	BZ          L__doprntf25
;__Lib_Sprintf.c,264 :: 		
0x1CAE	0x6BB8      	CLRF        _doprntf_width_L0, 1
0x1CB0	0x6BB9      	CLRF        _doprntf_width_L0+1, 1
;__Lib_Sprintf.c,265 :: 		
L__doprntf26:
;__Lib_Sprintf.c,266 :: 		
0x1CB2	0xF000C0B8  	MOVFF       _doprntf_width_L0, R0
0x1CB6	0xF001C0B9  	MOVFF       _doprntf_width_L0+1, R1
0x1CBA	0x0E0A      	MOVLW       10
0x1CBC	0x6E04      	MOVWF       R4 
0x1CBE	0x0E00      	MOVLW       0
0x1CC0	0x6E05      	MOVWF       R5 
0x1CC2	0xDF1D      	RCALL       _Mul_16X16_U
0x1CC4	0xFFF6C0A8  	MOVFF       FARG__doprntf_f, TBLPTRL
0x1CC8	0xFFF7C0A9  	MOVFF       FARG__doprntf_f+1, TBLPTRH
0x1CCC	0xFFF8C0AA  	MOVFF       FARG__doprntf_f+2, TBLPTRU
0x1CD0	0x0009      	TBLRD*+
0x1CD2	0xF002CFF5  	MOVFF       TABLAT, R2
0x1CD6	0x5002      	MOVF        R2, 0 
0x1CD8	0x2400      	ADDWF       R0, 0 
0x1CDA	0x6FB8      	MOVWF       _doprntf_width_L0, 1
0x1CDC	0x0E00      	MOVLW       0
0x1CDE	0x2001      	ADDWFC      R1, 0 
0x1CE0	0x6FB9      	MOVWF       _doprntf_width_L0+1, 1
0x1CE2	0x0E30      	MOVLW       48
0x1CE4	0x5FB8      	SUBWF       _doprntf_width_L0, 1, 1
0x1CE6	0x0E00      	MOVLW       0
0x1CE8	0x5BB9      	SUBWFB      _doprntf_width_L0+1, 1, 1
0x1CEA	0x0E01      	MOVLW       1
0x1CEC	0x27A8      	ADDWF       FARG__doprntf_f, 1, 1
0x1CEE	0x0E00      	MOVLW       0
0x1CF0	0x23A9      	ADDWFC      FARG__doprntf_f+1, 1, 1
0x1CF2	0x23AA      	ADDWFC      FARG__doprntf_f+2, 1, 1
;__Lib_Sprintf.c,267 :: 		
0x1CF4	0xFFF6C0A8  	MOVFF       FARG__doprntf_f, TBLPTRL
0x1CF8	0xFFF7C0A9  	MOVFF       FARG__doprntf_f+1, TBLPTRH
0x1CFC	0xFFF8C0AA  	MOVFF       FARG__doprntf_f+2, TBLPTRU
0x1D00	0x0009      	TBLRD*+
0x1D02	0xF000CFF5  	MOVFF       TABLAT, R0
0x1D06	0x0E00      	MOVLW       0
0x1D08	0x6E01      	MOVWF       R1 
0x1D0A	0xF0CEC000  	MOVFF       R0, FARG_isdigit_character
0x1D0E	0xF005ECEB  	CALL        _isdigit, 0
0x1D12	0x5200      	MOVF        R0, 1 
0x1D14	0xE1CE      	BNZ         L__doprntf26
;__Lib_Sprintf.c,268 :: 		
0x1D16	0xD033      	BRA         L__doprntf29
L__doprntf25:
;__Lib_Sprintf.c,270 :: 		
0x1D18	0xFFF6C0A8  	MOVFF       FARG__doprntf_f, TBLPTRL
0x1D1C	0xFFF7C0A9  	MOVFF       FARG__doprntf_f+1, TBLPTRH
0x1D20	0xFFF8C0AA  	MOVFF       FARG__doprntf_f+2, TBLPTRU
0x1D24	0x0009      	TBLRD*+
0x1D26	0xF001CFF5  	MOVFF       TABLAT, R1
0x1D2A	0x5001      	MOVF        R1, 0 
0x1D2C	0x0A2A      	XORLW       42
0x1D2E	0xE127      	BNZ         L__doprntf30
;__Lib_Sprintf.c,271 :: 		
0x1D30	0xFFE9C0AB  	MOVFF       FARG__doprntf_ap, FSR0L
0x1D34	0xFFEAC0AC  	MOVFF       FARG__doprntf_ap+1, FSR0H
0x1D38	0xF000CFEE  	MOVFF       POSTINC0, R0
0x1D3C	0xF001CFEE  	MOVFF       POSTINC0, R1
0x1D40	0xFFE9C000  	MOVFF       R0, FSR0L
0x1D44	0xFFEAC001  	MOVFF       R1, FSR0H
0x1D48	0xF0B8CFEE  	MOVFF       POSTINC0, _doprntf_width_L0
0x1D4C	0xF0B9CFEE  	MOVFF       POSTINC0, _doprntf_width_L0+1
0x1D50	0xFFE9C0AB  	MOVFF       FARG__doprntf_ap, FSR0L
0x1D54	0xFFEAC0AC  	MOVFF       FARG__doprntf_ap+1, FSR0H
0x1D58	0x0E02      	MOVLW       2
0x1D5A	0x24EE      	ADDWF       POSTINC0, 0 
0x1D5C	0x6E00      	MOVWF       R0 
0x1D5E	0x0E00      	MOVLW       0
0x1D60	0x20EE      	ADDWFC      POSTINC0, 0 
0x1D62	0x6E01      	MOVWF       R1 
0x1D64	0xFFE1C0AB  	MOVFF       FARG__doprntf_ap, FSR1L
0x1D68	0xFFE2C0AC  	MOVFF       FARG__doprntf_ap+1, FSR1H
0x1D6C	0xFFE6C000  	MOVFF       R0, POSTINC1
0x1D70	0xFFE6C001  	MOVFF       R1, POSTINC1
;__Lib_Sprintf.c,272 :: 		
0x1D74	0x0E01      	MOVLW       1
0x1D76	0x27A8      	ADDWF       FARG__doprntf_f, 1, 1
0x1D78	0x0E00      	MOVLW       0
0x1D7A	0x23A9      	ADDWFC      FARG__doprntf_f+1, 1, 1
0x1D7C	0x23AA      	ADDWFC      FARG__doprntf_f+2, 1, 1
;__Lib_Sprintf.c,273 :: 		
L__doprntf30:
L__doprntf29:
;__Lib_Sprintf.c,274 :: 		
0x1D7E	0xFFF6C0A8  	MOVFF       FARG__doprntf_f, TBLPTRL
0x1D82	0xFFF7C0A9  	MOVFF       FARG__doprntf_f+1, TBLPTRH
0x1D86	0xFFF8C0AA  	MOVFF       FARG__doprntf_f+2, TBLPTRU
0x1D8A	0x0009      	TBLRD*+
0x1D8C	0xF001CFF5  	MOVFF       TABLAT, R1
0x1D90	0x5001      	MOVF        R1, 0 
0x1D92	0x0A2E      	XORLW       46
0x1D94	0xE16F      	BNZ         L__doprntf31
;__Lib_Sprintf.c,275 :: 		
0x1D96	0x0E01      	MOVLW       1
0x1D98	0x27A8      	ADDWF       FARG__doprntf_f, 1, 1
0x1D9A	0x0E00      	MOVLW       0
0x1D9C	0x23A9      	ADDWFC      FARG__doprntf_f+1, 1, 1
0x1D9E	0x23AA      	ADDWFC      FARG__doprntf_f+2, 1, 1
0x1DA0	0xFFF6C0A8  	MOVFF       FARG__doprntf_f, TBLPTRL
0x1DA4	0xFFF7C0A9  	MOVFF       FARG__doprntf_f+1, TBLPTRH
0x1DA8	0xFFF8C0AA  	MOVFF       FARG__doprntf_f+2, TBLPTRU
0x1DAC	0x0009      	TBLRD*+
0x1DAE	0xF001CFF5  	MOVFF       TABLAT, R1
0x1DB2	0x5001      	MOVF        R1, 0 
0x1DB4	0x0A2A      	XORLW       42
0x1DB6	0xE128      	BNZ         L__doprntf32
;__Lib_Sprintf.c,276 :: 		
0x1DB8	0xFFE9C0AB  	MOVFF       FARG__doprntf_ap, FSR0L
0x1DBC	0xFFEAC0AC  	MOVFF       FARG__doprntf_ap+1, FSR0H
0x1DC0	0xF000CFEE  	MOVFF       POSTINC0, R0
0x1DC4	0xF001CFEE  	MOVFF       POSTINC0, R1
0x1DC8	0xFFE9C000  	MOVFF       R0, FSR0L
0x1DCC	0xFFEAC001  	MOVFF       R1, FSR0H
0x1DD0	0xF0B5CFEE  	MOVFF       POSTINC0, _doprntf_prec_L0
0x1DD4	0xF0B6CFEE  	MOVFF       POSTINC0, _doprntf_prec_L0+1
0x1DD8	0xFFE9C0AB  	MOVFF       FARG__doprntf_ap, FSR0L
0x1DDC	0xFFEAC0AC  	MOVFF       FARG__doprntf_ap+1, FSR0H
0x1DE0	0x0E02      	MOVLW       2
0x1DE2	0x24EE      	ADDWF       POSTINC0, 0 
0x1DE4	0x6E00      	MOVWF       R0 
0x1DE6	0x0E00      	MOVLW       0
0x1DE8	0x20EE      	ADDWFC      POSTINC0, 0 
0x1DEA	0x6E01      	MOVWF       R1 
0x1DEC	0xFFE1C0AB  	MOVFF       FARG__doprntf_ap, FSR1L
0x1DF0	0xFFE2C0AC  	MOVFF       FARG__doprntf_ap+1, FSR1H
0x1DF4	0xFFE6C000  	MOVFF       R0, POSTINC1
0x1DF8	0xFFE6C001  	MOVFF       R1, POSTINC1
;__Lib_Sprintf.c,277 :: 		
0x1DFC	0x0E01      	MOVLW       1
0x1DFE	0x27A8      	ADDWF       FARG__doprntf_f, 1, 1
0x1E00	0x0E00      	MOVLW       0
0x1E02	0x23A9      	ADDWFC      FARG__doprntf_f+1, 1, 1
0x1E04	0x23AA      	ADDWFC      FARG__doprntf_f+2, 1, 1
;__Lib_Sprintf.c,278 :: 		
0x1E06	0xD035      	BRA         L__doprntf33
L__doprntf32:
;__Lib_Sprintf.c,279 :: 		
0x1E08	0x6BB5      	CLRF        _doprntf_prec_L0, 1
0x1E0A	0x6BB6      	CLRF        _doprntf_prec_L0+1, 1
;__Lib_Sprintf.c,280 :: 		
L__doprntf34:
0x1E0C	0xFFF6C0A8  	MOVFF       FARG__doprntf_f, TBLPTRL
0x1E10	0xFFF7C0A9  	MOVFF       FARG__doprntf_f+1, TBLPTRH
0x1E14	0xFFF8C0AA  	MOVFF       FARG__doprntf_f+2, TBLPTRU
0x1E18	0x0009      	TBLRD*+
0x1E1A	0xF000CFF5  	MOVFF       TABLAT, R0
0x1E1E	0x0E00      	MOVLW       0
0x1E20	0x6E01      	MOVWF       R1 
0x1E22	0xF0CEC000  	MOVFF       R0, FARG_isdigit_character
0x1E26	0xF005ECEB  	CALL        _isdigit, 0
0x1E2A	0x5200      	MOVF        R0, 1 
0x1E2C	0xE022      	BZ          L__doprntf35
;__Lib_Sprintf.c,281 :: 		
0x1E2E	0xF000C0B5  	MOVFF       _doprntf_prec_L0, R0
0x1E32	0xF001C0B6  	MOVFF       _doprntf_prec_L0+1, R1
0x1E36	0x0E0A      	MOVLW       10
0x1E38	0x6E04      	MOVWF       R4 
0x1E3A	0x0E00      	MOVLW       0
0x1E3C	0x6E05      	MOVWF       R5 
0x1E3E	0xDE5F      	RCALL       _Mul_16X16_U
0x1E40	0xFFF6C0A8  	MOVFF       FARG__doprntf_f, TBLPTRL
0x1E44	0xFFF7C0A9  	MOVFF       FARG__doprntf_f+1, TBLPTRH
0x1E48	0xFFF8C0AA  	MOVFF       FARG__doprntf_f+2, TBLPTRU
0x1E4C	0x0009      	TBLRD*+
0x1E4E	0xF002CFF5  	MOVFF       TABLAT, R2
0x1E52	0x5002      	MOVF        R2, 0 
0x1E54	0x2400      	ADDWF       R0, 0 
0x1E56	0x6FB5      	MOVWF       _doprntf_prec_L0, 1
0x1E58	0x0E00      	MOVLW       0
0x1E5A	0x2001      	ADDWFC      R1, 0 
0x1E5C	0x6FB6      	MOVWF       _doprntf_prec_L0+1, 1
0x1E5E	0x0E30      	MOVLW       48
0x1E60	0x5FB5      	SUBWF       _doprntf_prec_L0, 1, 1
0x1E62	0x0E00      	MOVLW       0
0x1E64	0x5BB6      	SUBWFB      _doprntf_prec_L0+1, 1, 1
0x1E66	0x0E01      	MOVLW       1
0x1E68	0x27A8      	ADDWF       FARG__doprntf_f, 1, 1
0x1E6A	0x0E00      	MOVLW       0
0x1E6C	0x23A9      	ADDWFC      FARG__doprntf_f+1, 1, 1
0x1E6E	0x23AA      	ADDWFC      FARG__doprntf_f+2, 1, 1
0x1E70	0xD7CD      	BRA         L__doprntf34
L__doprntf35:
;__Lib_Sprintf.c,282 :: 		
L__doprntf33:
0x1E72	0xD003      	BRA         L__doprntf36
L__doprntf31:
;__Lib_Sprintf.c,284 :: 		
0x1E74	0x6BB5      	CLRF        _doprntf_prec_L0, 1
0x1E76	0x6BB6      	CLRF        _doprntf_prec_L0+1, 1
;__Lib_Sprintf.c,286 :: 		
0x1E78	0x89BB      	BSF         _doprntf_flag_L0+1, 4, 1
;__Lib_Sprintf.c,288 :: 		
L__doprntf36:
;__Lib_Sprintf.c,290 :: 		
____doprntf_loop:
;__Lib_Sprintf.c,292 :: 		
0x1E7A	0xF000C0A8  	MOVFF       FARG__doprntf_f, R0
0x1E7E	0xF001C0A9  	MOVFF       FARG__doprntf_f+1, R1
0x1E82	0xF002C0AA  	MOVFF       FARG__doprntf_f+2, R2
0x1E86	0x0E01      	MOVLW       1
0x1E88	0x27A8      	ADDWF       FARG__doprntf_f, 1, 1
0x1E8A	0x0E00      	MOVLW       0
0x1E8C	0x23A9      	ADDWFC      FARG__doprntf_f+1, 1, 1
0x1E8E	0x23AA      	ADDWFC      FARG__doprntf_f+2, 1, 1
0x1E90	0xFFF6C000  	MOVFF       R0, TBLPTRL
0x1E94	0xFFF7C001  	MOVFF       R1, TBLPTRH
0x1E98	0xFFF8C002  	MOVFF       R2, TBLPTRU
0x1E9C	0x0009      	TBLRD*+
0x1E9E	0xF0B7CFF5  	MOVFF       TABLAT, _doprntf_c_L0
0x1EA2	0xD0F9      	BRA         L__doprntf37
;__Lib_Sprintf.c,293 :: 		
L__doprntf39:
;__Lib_Sprintf.c,294 :: 		
0x1EA4	0xF000C0C6  	MOVFF       _doprntf_ccnt_L0, R0
0x1EA8	0xF001C0C7  	MOVFF       _doprntf_ccnt_L0+1, R1
0x1EAC	0xF01DEFBB  	GOTO        L_end__doprntf
;__Lib_Sprintf.c,295 :: 		
L__doprntf40:
;__Lib_Sprintf.c,296 :: 		
L__doprntf41:
;__Lib_Sprintf.c,298 :: 		
0x1EB0	0x89BA      	BSF         _doprntf_flag_L0, 4, 1
;__Lib_Sprintf.c,299 :: 		
0x1EB2	0xD7E3      	BRA         ____doprntf_loop
;__Lib_Sprintf.c,313 :: 		
L__doprntf42:
;__Lib_Sprintf.c,314 :: 		
0x1EB4	0x85BB      	BSF         _doprntf_flag_L0+1, 2, 1
;__Lib_Sprintf.c,315 :: 		
0x1EB6	0xD12E      	BRA         L__doprntf38
;__Lib_Sprintf.c,317 :: 		
L__doprntf43:
;__Lib_Sprintf.c,318 :: 		
0x1EB8	0x8BBA      	BSF         _doprntf_flag_L0, 5, 1
;__Lib_Sprintf.c,319 :: 		
L__doprntf44:
;__Lib_Sprintf.c,320 :: 		
0x1EBA	0x81BB      	BSF         _doprntf_flag_L0+1, 0, 1
;__Lib_Sprintf.c,321 :: 		
0x1EBC	0xD12B      	BRA         L__doprntf38
;__Lib_Sprintf.c,322 :: 		
L__doprntf45:
;__Lib_Sprintf.c,323 :: 		
0x1EBE	0x83BB      	BSF         _doprntf_flag_L0+1, 1, 1
;__Lib_Sprintf.c,324 :: 		
0x1EC0	0xD129      	BRA         L__doprntf38
;__Lib_Sprintf.c,326 :: 		
L__doprntf46:
;__Lib_Sprintf.c,327 :: 		
0x1EC2	0x8DBA      	BSF         _doprntf_flag_L0, 6, 1
;__Lib_Sprintf.c,328 :: 		
0x1EC4	0xD127      	BRA         L__doprntf38
;__Lib_Sprintf.c,330 :: 		
L__doprntf47:
;__Lib_Sprintf.c,331 :: 		
L__doprntf48:
;__Lib_Sprintf.c,332 :: 		
0x1EC6	0xD126      	BRA         L__doprntf38
;__Lib_Sprintf.c,334 :: 		
L__doprntf49:
;__Lib_Sprintf.c,336 :: 		
L__doprntf50:
;__Lib_Sprintf.c,337 :: 		
0x1EC8	0x8BBA      	BSF         _doprntf_flag_L0, 5, 1
;__Lib_Sprintf.c,338 :: 		
L__doprntf51:
;__Lib_Sprintf.c,339 :: 		
0x1ECA	0x8FBA      	BSF         _doprntf_flag_L0, 7, 1
;__Lib_Sprintf.c,340 :: 		
0x1ECC	0xD123      	BRA         L__doprntf38
;__Lib_Sprintf.c,342 :: 		
L__doprntf52:
;__Lib_Sprintf.c,343 :: 		
0x1ECE	0xFFE9C0AB  	MOVFF       FARG__doprntf_ap, FSR0L
0x1ED2	0xFFEAC0AC  	MOVFF       FARG__doprntf_ap+1, FSR0H
0x1ED6	0xF000CFEE  	MOVFF       POSTINC0, R0
0x1EDA	0xF001CFEE  	MOVFF       POSTINC0, R1
0x1EDE	0xFFE9C000  	MOVFF       R0, FSR0L
0x1EE2	0xFFEAC001  	MOVFF       R1, FSR0H
0x1EE6	0xF0C2CFEE  	MOVFF       POSTINC0, _doprntf__val_L0
0x1EEA	0xF0C3CFEE  	MOVFF       POSTINC0, _doprntf__val_L0+1
0x1EEE	0xFFE9C0AB  	MOVFF       FARG__doprntf_ap, FSR0L
0x1EF2	0xFFEAC0AC  	MOVFF       FARG__doprntf_ap+1, FSR0H
0x1EF6	0x0E02      	MOVLW       2
0x1EF8	0x24EE      	ADDWF       POSTINC0, 0 
0x1EFA	0x6E00      	MOVWF       R0 
0x1EFC	0x0E00      	MOVLW       0
0x1EFE	0x20EE      	ADDWFC      POSTINC0, 0 
0x1F00	0x6E01      	MOVWF       R1 
0x1F02	0xFFE1C0AB  	MOVFF       FARG__doprntf_ap, FSR1L
0x1F06	0xFFE2C0AC  	MOVFF       FARG__doprntf_ap+1, FSR1H
0x1F0A	0xFFE6C000  	MOVFF       R0, POSTINC1
0x1F0E	0xFFE6C001  	MOVFF       R1, POSTINC1
;__Lib_Sprintf.c,347 :: 		
0x1F12	0x0E00      	MOVLW       0
0x1F14	0x19C3      	XORWF       _doprntf__val_L0+1, 0, 1
0x1F16	0xE102      	BNZ         L___doprntf320
0x1F18	0x0E00      	MOVLW       0
0x1F1A	0x19C2      	XORWF       _doprntf__val_L0, 0, 1
L___doprntf320:
0x1F1C	0xE104      	BNZ         L__doprntf53
;__Lib_Sprintf.c,348 :: 		
0x1F1E	0x0E5E      	MOVLW       ?lstr1___Lib_Sprintf
0x1F20	0x6FC2      	MOVWF       _doprntf__val_L0, 1
0x1F22	0x0E00      	MOVLW       hi_addr(?lstr1___Lib_Sprintf)
0x1F24	0x6FC3      	MOVWF       _doprntf__val_L0+1, 1
L__doprntf53:
;__Lib_Sprintf.c,349 :: 		
0x1F26	0x6BC4      	CLRF        _doprntf__val_L0+2, 1
0x1F28	0x6BC5      	CLRF        _doprntf__val_L0+3, 1
;__Lib_Sprintf.c,350 :: 		
L__doprntf54:
0x1F2A	0x51C4      	MOVF        _doprntf__val_L0+2, 0, 1
0x1F2C	0x25C2      	ADDWF       _doprntf__val_L0, 0, 1
0x1F2E	0x6EE9      	MOVWF       FSR0L 
0x1F30	0x51C5      	MOVF        _doprntf__val_L0+3, 0, 1
0x1F32	0x21C3      	ADDWFC      _doprntf__val_L0+1, 0, 1
0x1F34	0x6EEA      	MOVWF       FSR0L+1 
0x1F36	0x52EE      	MOVF        POSTINC0, 1 
0x1F38	0xE00B      	BZ          L__doprntf55
;__Lib_Sprintf.c,351 :: 		
0x1F3A	0x0E01      	MOVLW       1
0x1F3C	0x25C4      	ADDWF       _doprntf__val_L0+2, 0, 1
0x1F3E	0x6E00      	MOVWF       R0 
0x1F40	0x0E00      	MOVLW       0
0x1F42	0x21C5      	ADDWFC      _doprntf__val_L0+3, 0, 1
0x1F44	0x6E01      	MOVWF       R1 
0x1F46	0xF0C4C000  	MOVFF       R0, _doprntf__val_L0+2
0x1F4A	0xF0C5C001  	MOVFF       R1, _doprntf__val_L0+3
0x1F4E	0xD7ED      	BRA         L__doprntf54
L__doprntf55:
;__Lib_Sprintf.c,352 :: 		
____doprntf_dostring:
;__Lib_Sprintf.c,353 :: 		
0x1F50	0x51B5      	MOVF        _doprntf_prec_L0, 0, 1
0x1F52	0x11B6      	IORWF       _doprntf_prec_L0+1, 0, 1
0x1F54	0xE00A      	BZ          L__doprntf58
0x1F56	0x51C5      	MOVF        _doprntf__val_L0+3, 0, 1
0x1F58	0x5DB6      	SUBWF       _doprntf_prec_L0+1, 0, 1
0x1F5A	0xE102      	BNZ         L___doprntf321
0x1F5C	0x51C4      	MOVF        _doprntf__val_L0+2, 0, 1
0x1F5E	0x5DB5      	SUBWF       _doprntf_prec_L0, 0, 1
L___doprntf321:
0x1F60	0xE204      	BC          L__doprntf58
L___doprntf316:
;__Lib_Sprintf.c,354 :: 		
0x1F62	0xF0C4C0B5  	MOVFF       _doprntf_prec_L0, _doprntf__val_L0+2
0x1F66	0xF0C5C0B6  	MOVFF       _doprntf_prec_L0+1, _doprntf__val_L0+3
L__doprntf58:
;__Lib_Sprintf.c,355 :: 		
0x1F6A	0x51B9      	MOVF        _doprntf_width_L0+1, 0, 1
0x1F6C	0x5DC5      	SUBWF       _doprntf__val_L0+3, 0, 1
0x1F6E	0xE102      	BNZ         L___doprntf322
0x1F70	0x51B8      	MOVF        _doprntf_width_L0, 0, 1
0x1F72	0x5DC4      	SUBWF       _doprntf__val_L0+2, 0, 1
L___doprntf322:
0x1F74	0xE205      	BC          L__doprntf59
;__Lib_Sprintf.c,356 :: 		
0x1F76	0x51C4      	MOVF        _doprntf__val_L0+2, 0, 1
0x1F78	0x5FB8      	SUBWF       _doprntf_width_L0, 1, 1
0x1F7A	0x51C5      	MOVF        _doprntf__val_L0+3, 0, 1
0x1F7C	0x5BB9      	SUBWFB      _doprntf_width_L0+1, 1, 1
0x1F7E	0xD002      	BRA         L__doprntf60
L__doprntf59:
;__Lib_Sprintf.c,358 :: 		
0x1F80	0x6BB8      	CLRF        _doprntf_width_L0, 1
0x1F82	0x6BB9      	CLRF        _doprntf_width_L0+1, 1
L__doprntf60:
;__Lib_Sprintf.c,359 :: 		
0x1F84	0xB7BA      	BTFSC       _doprntf_flag_L0, 3, 1
0x1F86	0xD016      	BRA         L__doprntf61
;__Lib_Sprintf.c,360 :: 		
L__doprntf62:
0x1F88	0xF000C0B8  	MOVFF       _doprntf_width_L0, R0
0x1F8C	0xF001C0B9  	MOVFF       _doprntf_width_L0+1, R1
0x1F90	0x0E01      	MOVLW       1
0x1F92	0x5FB8      	SUBWF       _doprntf_width_L0, 1, 1
0x1F94	0x0E00      	MOVLW       0
0x1F96	0x5BB9      	SUBWFB      _doprntf_width_L0+1, 1, 1
0x1F98	0x5000      	MOVF        R0, 0 
0x1F9A	0x1001      	IORWF       R1, 0 
0x1F9C	0xE00B      	BZ          L__doprntf63
;__Lib_Sprintf.c,361 :: 		
0x1F9E	0xFFE1C0A6  	MOVFF       FARG__doprntf_pb, FSR1L
0x1FA2	0xFFE2C0A7  	MOVFF       FARG__doprntf_pb+1, FSR1H
0x1FA6	0x0E20      	MOVLW       32
0x1FA8	0x6EE6      	MOVWF       POSTINC1 
0x1FAA	0x4BA6      	INFSNZ      FARG__doprntf_pb, 1, 1
0x1FAC	0x2BA7      	INCF        FARG__doprntf_pb+1, 1, 1
0x1FAE	0x4BC6      	INFSNZ      _doprntf_ccnt_L0, 1, 1
0x1FB0	0x2BC7      	INCF        _doprntf_ccnt_L0+1, 1, 1
0x1FB2	0xD7EA      	BRA         L__doprntf62
L__doprntf63:
L__doprntf61:
;__Lib_Sprintf.c,362 :: 		
L__doprntf64:
0x1FB4	0xF002C0C4  	MOVFF       _doprntf__val_L0+2, R2
0x1FB8	0xF003C0C5  	MOVFF       _doprntf__val_L0+3, R3
0x1FBC	0x0E01      	MOVLW       1
0x1FBE	0x5DC4      	SUBWF       _doprntf__val_L0+2, 0, 1
0x1FC0	0x6E00      	MOVWF       R0 
0x1FC2	0x0E00      	MOVLW       0
0x1FC4	0x59C5      	SUBWFB      _doprntf__val_L0+3, 0, 1
0x1FC6	0x6E01      	MOVWF       R1 
0x1FC8	0xF0C4C000  	MOVFF       R0, _doprntf__val_L0+2
0x1FCC	0xF0C5C001  	MOVFF       R1, _doprntf__val_L0+3
0x1FD0	0x5002      	MOVF        R2, 0 
0x1FD2	0x1003      	IORWF       R3, 0 
0x1FD4	0xE019      	BZ          L__doprntf65
;__Lib_Sprintf.c,363 :: 		
0x1FD6	0xFFE9C0C2  	MOVFF       _doprntf__val_L0, FSR0L
0x1FDA	0xFFEAC0C3  	MOVFF       _doprntf__val_L0+1, FSR0H
0x1FDE	0xFFE1C0A6  	MOVFF       FARG__doprntf_pb, FSR1L
0x1FE2	0xFFE2C0A7  	MOVFF       FARG__doprntf_pb+1, FSR1H
0x1FE6	0xFFE6CFEE  	MOVFF       POSTINC0, POSTINC1
0x1FEA	0x4BA6      	INFSNZ      FARG__doprntf_pb, 1, 1
0x1FEC	0x2BA7      	INCF        FARG__doprntf_pb+1, 1, 1
0x1FEE	0x0E01      	MOVLW       1
0x1FF0	0x25C2      	ADDWF       _doprntf__val_L0, 0, 1
0x1FF2	0x6E00      	MOVWF       R0 
0x1FF4	0x0E00      	MOVLW       0
0x1FF6	0x21C3      	ADDWFC      _doprntf__val_L0+1, 0, 1
0x1FF8	0x6E01      	MOVWF       R1 
0x1FFA	0xF0C2C000  	MOVFF       R0, _doprntf__val_L0
0x1FFE	0xF0C3C001  	MOVFF       R1, _doprntf__val_L0+1
0x2002	0x4BC6      	INFSNZ      _doprntf_ccnt_L0, 1, 1
0x2004	0x2BC7      	INCF        _doprntf_ccnt_L0+1, 1, 1
0x2006	0xD7D6      	BRA         L__doprntf64
L__doprntf65:
;__Lib_Sprintf.c,365 :: 		
0x2008	0xA7BA      	BTFSS       _doprntf_flag_L0, 3, 1
0x200A	0xD016      	BRA         L__doprntf66
;__Lib_Sprintf.c,366 :: 		
L__doprntf67:
0x200C	0xF000C0B8  	MOVFF       _doprntf_width_L0, R0
0x2010	0xF001C0B9  	MOVFF       _doprntf_width_L0+1, R1
0x2014	0x0E01      	MOVLW       1
0x2016	0x5FB8      	SUBWF       _doprntf_width_L0, 1, 1
0x2018	0x0E00      	MOVLW       0
0x201A	0x5BB9      	SUBWFB      _doprntf_width_L0+1, 1, 1
0x201C	0x5000      	MOVF        R0, 0 
0x201E	0x1001      	IORWF       R1, 0 
0x2020	0xE00B      	BZ          L__doprntf68
;__Lib_Sprintf.c,367 :: 		
0x2022	0xFFE1C0A6  	MOVFF       FARG__doprntf_pb, FSR1L
0x2026	0xFFE2C0A7  	MOVFF       FARG__doprntf_pb+1, FSR1H
0x202A	0x0E20      	MOVLW       32
0x202C	0x6EE6      	MOVWF       POSTINC1 
0x202E	0x4BA6      	INFSNZ      FARG__doprntf_pb, 1, 1
0x2030	0x2BA7      	INCF        FARG__doprntf_pb+1, 1, 1
0x2032	0x4BC6      	INFSNZ      _doprntf_ccnt_L0, 1, 1
0x2034	0x2BC7      	INCF        _doprntf_ccnt_L0+1, 1, 1
0x2036	0xD7EA      	BRA         L__doprntf67
L__doprntf68:
L__doprntf66:
;__Lib_Sprintf.c,368 :: 		
0x2038	0xD595      	BRA         L__doprntf10
;__Lib_Sprintf.c,369 :: 		
L__doprntf69:
;__Lib_Sprintf.c,370 :: 		
0x203A	0xFFE9C0AB  	MOVFF       FARG__doprntf_ap, FSR0L
0x203E	0xFFEAC0AC  	MOVFF       FARG__doprntf_ap+1, FSR0H
0x2042	0xF000CFEE  	MOVFF       POSTINC0, R0
0x2046	0xF001CFEE  	MOVFF       POSTINC0, R1
0x204A	0xFFE9C000  	MOVFF       R0, FSR0L
0x204E	0xFFEAC001  	MOVFF       R1, FSR0H
0x2052	0xF0B7CFEE  	MOVFF       POSTINC0, _doprntf_c_L0
0x2056	0xFFE9C0AB  	MOVFF       FARG__doprntf_ap, FSR0L
0x205A	0xFFEAC0AC  	MOVFF       FARG__doprntf_ap+1, FSR0H
0x205E	0x0E02      	MOVLW       2
0x2060	0x24EE      	ADDWF       POSTINC0, 0 
0x2062	0x6E00      	MOVWF       R0 
0x2064	0x0E00      	MOVLW       0
0x2066	0x20EE      	ADDWFC      POSTINC0, 0 
0x2068	0x6E01      	MOVWF       R1 
0x206A	0xFFE1C0AB  	MOVFF       FARG__doprntf_ap, FSR1L
0x206E	0xFFE2C0AC  	MOVFF       FARG__doprntf_ap+1, FSR1H
0x2072	0xFFE6C000  	MOVFF       R0, POSTINC1
0x2076	0xFFE6C001  	MOVFF       R1, POSTINC1
;__Lib_Sprintf.c,371 :: 		
L__doprntf70:
;__Lib_Sprintf.c,372 :: 		
0x207A	0x0EB7      	MOVLW       _doprntf_c_L0
0x207C	0x6FC2      	MOVWF       _doprntf__val_L0, 1
0x207E	0x0E00      	MOVLW       hi_addr(_doprntf_c_L0)
0x2080	0x6FC3      	MOVWF       _doprntf__val_L0+1, 1
;__Lib_Sprintf.c,373 :: 		
0x2082	0x0E01      	MOVLW       1
0x2084	0x6FC4      	MOVWF       _doprntf__val_L0+2, 1
0x2086	0x0E00      	MOVLW       0
0x2088	0x6FC5      	MOVWF       _doprntf__val_L0+3, 1
;__Lib_Sprintf.c,374 :: 		
0x208A	0xD762      	BRA         ____doprntf_dostring
;__Lib_Sprintf.c,376 :: 		
L__doprntf71:
;__Lib_Sprintf.c,377 :: 		
0x208C	0x0EC0      	MOVLW       192
0x208E	0x13BA      	IORWF       _doprntf_flag_L0, 1, 1
0x2090	0x0E00      	MOVLW       0
0x2092	0x13BB      	IORWF       _doprntf_flag_L0+1, 1, 1
;__Lib_Sprintf.c,378 :: 		
0x2094	0xD03F      	BRA         L__doprntf38
;__Lib_Sprintf.c,380 :: 		
L__doprntf37:
0x2096	0x51B7      	MOVF        _doprntf_c_L0, 0, 1
0x2098	0x0A00      	XORLW       0
0x209A	0xB4D8      	BTFSC       STATUS, 2 
0x209C	0xD703      	BRA         L__doprntf39
0x209E	0x51B7      	MOVF        _doprntf_c_L0, 0, 1
0x20A0	0x0A6C      	XORLW       108
0x20A2	0xB4D8      	BTFSC       STATUS, 2 
0x20A4	0xD705      	BRA         L__doprntf40
0x20A6	0x51B7      	MOVF        _doprntf_c_L0, 0, 1
0x20A8	0x0A4C      	XORLW       76
0x20AA	0xB4D8      	BTFSC       STATUS, 2 
0x20AC	0xD701      	BRA         L__doprntf41
0x20AE	0x51B7      	MOVF        _doprntf_c_L0, 0, 1
0x20B0	0x0A66      	XORLW       102
0x20B2	0xB4D8      	BTFSC       STATUS, 2 
0x20B4	0xD6FF      	BRA         L__doprntf42
0x20B6	0x51B7      	MOVF        _doprntf_c_L0, 0, 1
0x20B8	0x0A45      	XORLW       69
0x20BA	0xB4D8      	BTFSC       STATUS, 2 
0x20BC	0xD6FD      	BRA         L__doprntf43
0x20BE	0x51B7      	MOVF        _doprntf_c_L0, 0, 1
0x20C0	0x0A65      	XORLW       101
0x20C2	0xB4D8      	BTFSC       STATUS, 2 
0x20C4	0xD6FA      	BRA         L__doprntf44
0x20C6	0x51B7      	MOVF        _doprntf_c_L0, 0, 1
0x20C8	0x0A67      	XORLW       103
0x20CA	0xB4D8      	BTFSC       STATUS, 2 
0x20CC	0xD6F8      	BRA         L__doprntf45
0x20CE	0x51B7      	MOVF        _doprntf_c_L0, 0, 1
0x20D0	0x0A6F      	XORLW       111
0x20D2	0xB4D8      	BTFSC       STATUS, 2 
0x20D4	0xD6F6      	BRA         L__doprntf46
0x20D6	0x51B7      	MOVF        _doprntf_c_L0, 0, 1
0x20D8	0x0A64      	XORLW       100
0x20DA	0xB4D8      	BTFSC       STATUS, 2 
0x20DC	0xD6F4      	BRA         L__doprntf47
0x20DE	0x51B7      	MOVF        _doprntf_c_L0, 0, 1
0x20E0	0x0A69      	XORLW       105
0x20E2	0xB4D8      	BTFSC       STATUS, 2 
0x20E4	0xD6F0      	BRA         L__doprntf48
0x20E6	0x51B7      	MOVF        _doprntf_c_L0, 0, 1
0x20E8	0x0A70      	XORLW       112
0x20EA	0xB4D8      	BTFSC       STATUS, 2 
0x20EC	0xD6ED      	BRA         L__doprntf49
0x20EE	0x51B7      	MOVF        _doprntf_c_L0, 0, 1
0x20F0	0x0A58      	XORLW       88
0x20F2	0xB4D8      	BTFSC       STATUS, 2 
0x20F4	0xD6E9      	BRA         L__doprntf50
0x20F6	0x51B7      	MOVF        _doprntf_c_L0, 0, 1
0x20F8	0x0A78      	XORLW       120
0x20FA	0xB4D8      	BTFSC       STATUS, 2 
0x20FC	0xD6E6      	BRA         L__doprntf51
0x20FE	0x51B7      	MOVF        _doprntf_c_L0, 0, 1
0x2100	0x0A73      	XORLW       115
0x2102	0xB4D8      	BTFSC       STATUS, 2 
0x2104	0xD6E4      	BRA         L__doprntf52
0x2106	0x51B7      	MOVF        _doprntf_c_L0, 0, 1
0x2108	0x0A63      	XORLW       99
0x210A	0xE097      	BZ          L__doprntf69
0x210C	0x51B7      	MOVF        _doprntf_c_L0, 0, 1
0x210E	0x0A75      	XORLW       117
0x2110	0xE0BD      	BZ          L__doprntf71
0x2112	0xD7B3      	BRA         L__doprntf70
L__doprntf38:
;__Lib_Sprintf.c,382 :: 		
0x2114	0x0E00      	MOVLW       0
0x2116	0x15BA      	ANDWF       _doprntf_flag_L0, 0, 1
0x2118	0x6E00      	MOVWF       R0 
0x211A	0x51BB      	MOVF        _doprntf_flag_L0+1, 0, 1
0x211C	0x0B07      	ANDLW       7
0x211E	0x6E01      	MOVWF       R1 
0x2120	0x5000      	MOVF        R0, 0 
0x2122	0x1001      	IORWF       R1, 0 
0x2124	0xB4D8      	BTFSC       STATUS, 2 
0x2126	0xF019EF5E  	GOTO        L__doprntf72
;__Lib_Sprintf.c,383 :: 		
0x212A	0xA9BB      	BTFSS       _doprntf_flag_L0+1, 4, 1
0x212C	0xD004      	BRA         L__doprntf73
;__Lib_Sprintf.c,384 :: 		
0x212E	0x0E06      	MOVLW       6
0x2130	0x6FB5      	MOVWF       _doprntf_prec_L0, 1
0x2132	0x0E00      	MOVLW       0
0x2134	0x6FB6      	MOVWF       _doprntf_prec_L0+1, 1
L__doprntf73:
;__Lib_Sprintf.c,385 :: 		
0x2136	0xFFE9C0AB  	MOVFF       FARG__doprntf_ap, FSR0L
0x213A	0xFFEAC0AC  	MOVFF       FARG__doprntf_ap+1, FSR0H
0x213E	0xF000CFEE  	MOVFF       POSTINC0, R0
0x2142	0xF001CFEE  	MOVFF       POSTINC0, R1
0x2146	0xFFE9C000  	MOVFF       R0, FSR0L
0x214A	0xFFEAC001  	MOVFF       R1, FSR0H
0x214E	0xF0BCCFEE  	MOVFF       POSTINC0, _doprntf_fval_L0
0x2152	0xF0BDCFEE  	MOVFF       POSTINC0, _doprntf_fval_L0+1
0x2156	0xF0BECFEE  	MOVFF       POSTINC0, _doprntf_fval_L0+2
0x215A	0xF0BFCFEE  	MOVFF       POSTINC0, _doprntf_fval_L0+3
0x215E	0xFFE9C0AB  	MOVFF       FARG__doprntf_ap, FSR0L
0x2162	0xFFEAC0AC  	MOVFF       FARG__doprntf_ap+1, FSR0H
0x2166	0x0E04      	MOVLW       4
0x2168	0x24EE      	ADDWF       POSTINC0, 0 
0x216A	0x6E00      	MOVWF       R0 
0x216C	0x0E00      	MOVLW       0
0x216E	0x20EE      	ADDWFC      POSTINC0, 0 
0x2170	0x6E01      	MOVWF       R1 
0x2172	0xFFE1C0AB  	MOVFF       FARG__doprntf_ap, FSR1L
0x2176	0xFFE2C0AC  	MOVFF       FARG__doprntf_ap+1, FSR1H
0x217A	0xFFE6C000  	MOVFF       R0, POSTINC1
0x217E	0xFFE6C001  	MOVFF       R1, POSTINC1
;__Lib_Sprintf.c,386 :: 		
0x2182	0x6A04      	CLRF        R4 
0x2184	0x6A05      	CLRF        R5 
0x2186	0x6A06      	CLRF        R6 
0x2188	0x6A07      	CLRF        R7 
0x218A	0xF000C0BC  	MOVFF       _doprntf_fval_L0, R0
0x218E	0xF001C0BD  	MOVFF       _doprntf_fval_L0+1, R1
0x2192	0xF002C0BE  	MOVFF       _doprntf_fval_L0+2, R2
0x2196	0xF003C0BF  	MOVFF       _doprntf_fval_L0+3, R3
0x219A	0xDC4A      	RCALL       _Compare_Double
0x219C	0x0E01      	MOVLW       1
0x219E	0xB0D8      	BTFSC       STATUS, 0 
0x21A0	0x0E00      	MOVLW       0
0x21A2	0x6E00      	MOVWF       R0 
0x21A4	0x5200      	MOVF        R0, 1 
0x21A6	0xE005      	BZ          L__doprntf74
;__Lib_Sprintf.c,387 :: 		
0x21A8	0x7FBE      	BTG         _doprntf_fval_L0+2, 7, 1
;__Lib_Sprintf.c,388 :: 		
0x21AA	0x0E03      	MOVLW       3
0x21AC	0x13BA      	IORWF       _doprntf_flag_L0, 1, 1
0x21AE	0x0E00      	MOVLW       0
0x21B0	0x13BB      	IORWF       _doprntf_flag_L0+1, 1, 1
;__Lib_Sprintf.c,389 :: 		
L__doprntf74:
;__Lib_Sprintf.c,390 :: 		
0x21B2	0x6BC0      	CLRF        _doprntf_exp_L0, 1
0x21B4	0x6BC1      	CLRF        _doprntf_exp_L0+1, 1
;__Lib_Sprintf.c,391 :: 		
0x21B6	0xF000C0BC  	MOVFF       _doprntf_fval_L0, R0
0x21BA	0xF001C0BD  	MOVFF       _doprntf_fval_L0+1, R1
0x21BE	0xF002C0BE  	MOVFF       _doprntf_fval_L0+2, R2
0x21C2	0xF003C0BF  	MOVFF       _doprntf_fval_L0+3, R3
0x21C6	0x6A04      	CLRF        R4 
0x21C8	0x6A05      	CLRF        R5 
0x21CA	0x6A06      	CLRF        R6 
0x21CC	0x6A07      	CLRF        R7 
0x21CE	0xF00BEC43  	CALL        _Equals_Double, 0
0x21D2	0x0E00      	MOVLW       0
0x21D4	0xA4D8      	BTFSS       STATUS, 2 
0x21D6	0x0E01      	MOVLW       1
0x21D8	0x6E00      	MOVWF       R0 
0x21DA	0x5200      	MOVF        R0, 1 
0x21DC	0xB4D8      	BTFSC       STATUS, 2 
0x21DE	0xD089      	BRA         L__doprntf75
;__Lib_Sprintf.c,392 :: 		
0x21E0	0xF000C0BF  	MOVFF       _doprntf_fval_L0+3, R0
0x21E4	0x6A01      	CLRF        R1 
0x21E6	0x6A02      	CLRF        R2 
0x21E8	0x6A03      	CLRF        R3 
0x21EA	0x0EFF      	MOVLW       255
0x21EC	0x1600      	ANDWF       R0, 1 
0x21EE	0x0E00      	MOVLW       0
0x21F0	0x1601      	ANDWF       R1, 1 
0x21F2	0x0E7E      	MOVLW       126
0x21F4	0x5E00      	SUBWF       R0, 1 
0x21F6	0x0E00      	MOVLW       0
0x21F8	0x5A01      	SUBWFB      R1, 1 
0x21FA	0xF0C0C000  	MOVFF       R0, _doprntf_exp_L0
0x21FE	0xF0C1C001  	MOVFF       R1, _doprntf_exp_L0+1
;__Lib_Sprintf.c,393 :: 		
0x2202	0x0E01      	MOVLW       1
0x2204	0x5E00      	SUBWF       R0, 1 
0x2206	0x0E00      	MOVLW       0
0x2208	0x5A01      	SUBWFB      R1, 1 
0x220A	0xF0C0C000  	MOVFF       R0, _doprntf_exp_L0
0x220E	0xF0C1C001  	MOVFF       R1, _doprntf_exp_L0+1
;__Lib_Sprintf.c,394 :: 		
0x2212	0x0E03      	MOVLW       3
0x2214	0x6E04      	MOVWF       R4 
0x2216	0x0E00      	MOVLW       0
0x2218	0x6E05      	MOVWF       R5 
0x221A	0xDC71      	RCALL       _Mul_16X16_U
0x221C	0xF0C0C000  	MOVFF       R0, _doprntf_exp_L0
0x2220	0xF0C1C001  	MOVFF       R1, _doprntf_exp_L0+1
;__Lib_Sprintf.c,395 :: 		
0x2224	0x0E0A      	MOVLW       10
0x2226	0x6E04      	MOVWF       R4 
0x2228	0x0E00      	MOVLW       0
0x222A	0x6E05      	MOVWF       R5 
0x222C	0xF00CECB4  	CALL        _Div_16x16_S, 0
0x2230	0xF0C0C000  	MOVFF       R0, _doprntf_exp_L0
0x2234	0xF0C1C001  	MOVFF       R1, _doprntf_exp_L0+1
;__Lib_Sprintf.c,396 :: 		
0x2238	0x0E80      	MOVLW       128
0x223A	0x1801      	XORWF       R1, 0 
0x223C	0x6E02      	MOVWF       R2 
0x223E	0x0E80      	MOVLW       128
0x2240	0x5C02      	SUBWF       R2, 0 
0x2242	0xE102      	BNZ         L___doprntf323
0x2244	0x0E00      	MOVLW       0
0x2246	0x5C00      	SUBWF       R0, 0 
L___doprntf323:
0x2248	0xE205      	BC          L__doprntf76
;__Lib_Sprintf.c,397 :: 		
0x224A	0x0E01      	MOVLW       1
0x224C	0x0100      	MOVLB       0
0x224E	0x5FC0      	SUBWF       _doprntf_exp_L0, 1, 1
0x2250	0x0E00      	MOVLW       0
0x2252	0x5BC1      	SUBWFB      _doprntf_exp_L0+1, 1, 1
L__doprntf76:
0x2254	0x0100      	MOVLB       0
;__Lib_Sprintf.c,398 :: 		
0x2256	0x51C0      	MOVF        _doprntf_exp_L0, 0, 1
0x2258	0x0800      	SUBLW       0
0x225A	0x6FCE      	MOVWF       FARG___Lib_Sprintf_scale_scl, 1
0x225C	0xF008EC65  	CALL        __Lib_Sprintf_scale, 0
0x2260	0xF004C0BC  	MOVFF       _doprntf_fval_L0, R4
0x2264	0xF005C0BD  	MOVFF       _doprntf_fval_L0+1, R5
0x2268	0xF006C0BE  	MOVFF       _doprntf_fval_L0+2, R6
0x226C	0xF007C0BF  	MOVFF       _doprntf_fval_L0+3, R7
0x2270	0xF001EC32  	CALL        _Mul_32x32_FP, 0
0x2274	0xF0C2C000  	MOVFF       R0, _doprntf__val_L0
0x2278	0xF0C3C001  	MOVFF       R1, _doprntf__val_L0+1
0x227C	0xF0C4C002  	MOVFF       R2, _doprntf__val_L0+2
0x2280	0xF0C5C003  	MOVFF       R3, _doprntf__val_L0+3
;__Lib_Sprintf.c,399 :: 		
0x2284	0x0E00      	MOVLW       0
0x2286	0x6E04      	MOVWF       R4 
0x2288	0x0E00      	MOVLW       0
0x228A	0x6E05      	MOVWF       R5 
0x228C	0x0E00      	MOVLW       0
0x228E	0x6E06      	MOVWF       R6 
0x2290	0x0E7F      	MOVLW       127
0x2292	0x6E07      	MOVWF       R7 
0x2294	0xF000C0C2  	MOVFF       _doprntf__val_L0, R0
0x2298	0xF001C0C3  	MOVFF       _doprntf__val_L0+1, R1
0x229C	0xF002C0C4  	MOVFF       _doprntf__val_L0+2, R2
0x22A0	0xF003C0C5  	MOVFF       _doprntf__val_L0+3, R3
0x22A4	0xF00DEC18  	CALL        _Compare_Double, 0
0x22A8	0x0E01      	MOVLW       1
0x22AA	0xB0D8      	BTFSC       STATUS, 0 
0x22AC	0x0E00      	MOVLW       0
0x22AE	0x6E00      	MOVWF       R0 
0x22B0	0x5200      	MOVF        R0, 1 
0x22B2	0xE005      	BZ          L__doprntf77
;__Lib_Sprintf.c,400 :: 		
0x22B4	0x0E01      	MOVLW       1
0x22B6	0x5FC0      	SUBWF       _doprntf_exp_L0, 1, 1
0x22B8	0x0E00      	MOVLW       0
0x22BA	0x5BC1      	SUBWFB      _doprntf_exp_L0+1, 1, 1
0x22BC	0xD01A      	BRA         L__doprntf78
L__doprntf77:
;__Lib_Sprintf.c,402 :: 		
0x22BE	0x0E00      	MOVLW       0
0x22C0	0x6E04      	MOVWF       R4 
0x22C2	0x0E00      	MOVLW       0
0x22C4	0x6E05      	MOVWF       R5 
0x22C6	0x0E20      	MOVLW       32
0x22C8	0x6E06      	MOVWF       R6 
0x22CA	0x0E82      	MOVLW       130
0x22CC	0x6E07      	MOVWF       R7 
0x22CE	0xF000C0C2  	MOVFF       _doprntf__val_L0, R0
0x22D2	0xF001C0C3  	MOVFF       _doprntf__val_L0+1, R1
0x22D6	0xF002C0C4  	MOVFF       _doprntf__val_L0+2, R2
0x22DA	0xF003C0C5  	MOVFF       _doprntf__val_L0+3, R3
0x22DE	0xF00DEC18  	CALL        _Compare_Double, 0
0x22E2	0x0E00      	MOVLW       0
0x22E4	0xB0D8      	BTFSC       STATUS, 0 
0x22E6	0x0E01      	MOVLW       1
0x22E8	0x6E00      	MOVWF       R0 
0x22EA	0x5200      	MOVF        R0, 1 
0x22EC	0xE002      	BZ          L__doprntf79
;__Lib_Sprintf.c,403 :: 		
0x22EE	0x4BC0      	INFSNZ      _doprntf_exp_L0, 1, 1
0x22F0	0x2BC1      	INCF        _doprntf_exp_L0+1, 1, 1
L__doprntf79:
L__doprntf78:
;__Lib_Sprintf.c,404 :: 		
L__doprntf75:
;__Lib_Sprintf.c,405 :: 		
0x22F2	0x0E80      	MOVLW       128
0x22F4	0x6E00      	MOVWF       R0 
0x22F6	0x0E80      	MOVLW       128
0x22F8	0x19C1      	XORWF       _doprntf_exp_L0+1, 0, 1
0x22FA	0x5C00      	SUBWF       R0, 0 
0x22FC	0xE102      	BNZ         L___doprntf324
0x22FE	0x51C0      	MOVF        _doprntf_exp_L0, 0, 1
0x2300	0x0800      	SUBLW       0
L___doprntf324:
0x2302	0xE303      	BNC         L__doprntf80
;__Lib_Sprintf.c,406 :: 		
0x2304	0x0E01      	MOVLW       1
0x2306	0x6FB7      	MOVWF       _doprntf_c_L0, 1
0x2308	0xD002      	BRA         L__doprntf81
L__doprntf80:
;__Lib_Sprintf.c,408 :: 		
0x230A	0xF0B7C0C0  	MOVFF       _doprntf_exp_L0, _doprntf_c_L0
L__doprntf81:
;__Lib_Sprintf.c,409 :: 		
0x230E	0xB1BB      	BTFSC       _doprntf_flag_L0+1, 0, 1
0x2310	0xD018      	BRA         L___doprntf313
0x2312	0xA3BB      	BTFSS       _doprntf_flag_L0+1, 1, 1
0x2314	0xD015      	BRA         L___doprntf314
0x2316	0x0E80      	MOVLW       128
0x2318	0x19C1      	XORWF       _doprntf_exp_L0+1, 0, 1
0x231A	0x6E00      	MOVWF       R0 
0x231C	0x0E7F      	MOVLW       127
0x231E	0x5C00      	SUBWF       R0, 0 
0x2320	0xE102      	BNZ         L___doprntf325
0x2322	0x0EFC      	MOVLW       252
0x2324	0x5DC0      	SUBWF       _doprntf_exp_L0, 0, 1
L___doprntf325:
0x2326	0xE30B      	BNC         L___doprntf315
0x2328	0x0E80      	MOVLW       128
0x232A	0x19C1      	XORWF       _doprntf_exp_L0+1, 0, 1
0x232C	0x6E00      	MOVWF       R0 
0x232E	0x0E80      	MOVLW       128
0x2330	0x19B6      	XORWF       _doprntf_prec_L0+1, 0, 1
0x2332	0x5C00      	SUBWF       R0, 0 
0x2334	0xE102      	BNZ         L___doprntf326
0x2336	0x51B5      	MOVF        _doprntf_prec_L0, 0, 1
0x2338	0x5DC0      	SUBWF       _doprntf_exp_L0, 0, 1
L___doprntf326:
0x233A	0xE201      	BC          L___doprntf315
0x233C	0xD001      	BRA         L___doprntf314
L___doprntf315:
0x233E	0xD001      	BRA         L___doprntf313
L___doprntf314:
0x2340	0xD3EF      	BRA         L__doprntf88
L___doprntf313:
;__Lib_Sprintf.c,410 :: 		
0x2342	0x51B5      	MOVF        _doprntf_prec_L0, 0, 1
0x2344	0x11B6      	IORWF       _doprntf_prec_L0+1, 0, 1
0x2346	0xE006      	BZ          L__doprntf91
0x2348	0xA3BB      	BTFSS       _doprntf_flag_L0+1, 1, 1
0x234A	0xD004      	BRA         L__doprntf91
L___doprntf312:
;__Lib_Sprintf.c,411 :: 		
0x234C	0x0E01      	MOVLW       1
0x234E	0x5FB5      	SUBWF       _doprntf_prec_L0, 1, 1
0x2350	0x0E00      	MOVLW       0
0x2352	0x5BB6      	SUBWFB      _doprntf_prec_L0+1, 1, 1
L__doprntf91:
;__Lib_Sprintf.c,412 :: 		
0x2354	0x51B6      	MOVF        _doprntf_prec_L0+1, 0, 1
0x2356	0x0800      	SUBLW       0
0x2358	0xE102      	BNZ         L___doprntf327
0x235A	0x51B5      	MOVF        _doprntf_prec_L0, 0, 1
0x235C	0x0808      	SUBLW       8
L___doprntf327:
0x235E	0xE203      	BC          L__doprntf92
;__Lib_Sprintf.c,413 :: 		
0x2360	0x0E08      	MOVLW       8
0x2362	0x6FB7      	MOVWF       _doprntf_c_L0, 1
0x2364	0xD002      	BRA         L__doprntf93
L__doprntf92:
;__Lib_Sprintf.c,415 :: 		
0x2366	0xF0B7C0B5  	MOVFF       _doprntf_prec_L0, _doprntf_c_L0
L__doprntf93:
;__Lib_Sprintf.c,416 :: 		
0x236A	0xF000C0BC  	MOVFF       _doprntf_fval_L0, R0
0x236E	0xF001C0BD  	MOVFF       _doprntf_fval_L0+1, R1
0x2372	0xF002C0BE  	MOVFF       _doprntf_fval_L0+2, R2
0x2376	0xF003C0BF  	MOVFF       _doprntf_fval_L0+3, R3
0x237A	0x6A04      	CLRF        R4 
0x237C	0x6A05      	CLRF        R5 
0x237E	0x6A06      	CLRF        R6 
0x2380	0x6A07      	CLRF        R7 
0x2382	0xF00BEC43  	CALL        _Equals_Double, 0
0x2386	0x0E00      	MOVLW       0
0x2388	0xA4D8      	BTFSS       STATUS, 2 
0x238A	0x0E01      	MOVLW       1
0x238C	0x6E00      	MOVWF       R0 
0x238E	0x5200      	MOVF        R0, 1 
0x2390	0xB4D8      	BTFSC       STATUS, 2 
0x2392	0xD14B      	BRA         L__doprntf94
;__Lib_Sprintf.c,417 :: 		
0x2394	0xF0CEC0C0  	MOVFF       _doprntf_exp_L0, FARG___Lib_Sprintf_scale_scl
0x2398	0xF008EC65  	CALL        __Lib_Sprintf_scale, 0
0x239C	0xF004C000  	MOVFF       R0, R4
0x23A0	0xF005C001  	MOVFF       R1, R5
0x23A4	0xF006C002  	MOVFF       R2, R6
0x23A8	0xF007C003  	MOVFF       R3, R7
0x23AC	0xF000C0BC  	MOVFF       _doprntf_fval_L0, R0
0x23B0	0xF001C0BD  	MOVFF       _doprntf_fval_L0+1, R1
0x23B4	0xF002C0BE  	MOVFF       _doprntf_fval_L0+2, R2
0x23B8	0xF003C0BF  	MOVFF       _doprntf_fval_L0+3, R3
0x23BC	0xF00BECF6  	CALL        _Div_32x32_FP, 0
0x23C0	0xF0BCC000  	MOVFF       R0, _doprntf_fval_L0
0x23C4	0xF0BDC001  	MOVFF       R1, _doprntf_fval_L0+1
0x23C8	0xF0BEC002  	MOVFF       R2, _doprntf_fval_L0+2
0x23CC	0xF0BFC003  	MOVFF       R3, _doprntf_fval_L0+3
;__Lib_Sprintf.c,418 :: 		
0x23D0	0x0100      	MOVLB       0
0x23D2	0x51B7      	MOVF        _doprntf_c_L0, 0, 1
0x23D4	0x0800      	SUBLW       0
0x23D6	0x6FCE      	MOVWF       FARG___Lib_Sprintf_scale_scl, 1
0x23D8	0xF008EC65  	CALL        __Lib_Sprintf_scale, 0
0x23DC	0xF004C000  	MOVFF       R0, R4
0x23E0	0xF005C001  	MOVFF       R1, R5
0x23E4	0xF006C002  	MOVFF       R2, R6
0x23E8	0xF007C003  	MOVFF       R3, R7
0x23EC	0xF000C0BC  	MOVFF       _doprntf_fval_L0, R0
0x23F0	0xF001C0BD  	MOVFF       _doprntf_fval_L0+1, R1
0x23F4	0xF002C0BE  	MOVFF       _doprntf_fval_L0+2, R2
0x23F8	0xF003C0BF  	MOVFF       _doprntf_fval_L0+3, R3
0x23FC	0xF00BECF6  	CALL        _Div_32x32_FP, 0
0x2400	0xF0C8C000  	MOVFF       R0, FLOC___doprntf
0x2404	0xF0C9C001  	MOVFF       R1, FLOC___doprntf+1
0x2408	0xF0CAC002  	MOVFF       R2, FLOC___doprntf+2
0x240C	0xF0CBC003  	MOVFF       R3, FLOC___doprntf+3
0x2410	0xF0BCC0C8  	MOVFF       FLOC___doprntf, _doprntf_fval_L0
0x2414	0xF0BDC0C9  	MOVFF       FLOC___doprntf+1, _doprntf_fval_L0+1
0x2418	0xF0BEC0CA  	MOVFF       FLOC___doprntf+2, _doprntf_fval_L0+2
0x241C	0xF0BFC0CB  	MOVFF       FLOC___doprntf+3, _doprntf_fval_L0+3
;__Lib_Sprintf.c,419 :: 		
0x2420	0xF000C0C8  	MOVFF       FLOC___doprntf, R0
0x2424	0xF001C0C9  	MOVFF       FLOC___doprntf+1, R1
0x2428	0xF002C0CA  	MOVFF       FLOC___doprntf+2, R2
0x242C	0xF003C0CB  	MOVFF       FLOC___doprntf+3, R3
0x2430	0xF00BEC5A  	CALL        _double2longword, 0
0x2434	0xF007EC78  	CALL        _longword2double, 0
0x2438	0xF004C000  	MOVFF       R0, R4
0x243C	0xF005C001  	MOVFF       R1, R5
0x2440	0xF006C002  	MOVFF       R2, R6
0x2444	0xF007C003  	MOVFF       R3, R7
0x2448	0xF000C0C8  	MOVFF       FLOC___doprntf, R0
0x244C	0xF001C0C9  	MOVFF       FLOC___doprntf+1, R1
0x2450	0xF002C0CA  	MOVFF       FLOC___doprntf+2, R2
0x2454	0xF003C0CB  	MOVFF       FLOC___doprntf+3, R3
0x2458	0xF004EC72  	CALL        _Sub_32x32_FP, 0
0x245C	0x0E00      	MOVLW       0
0x245E	0x6E04      	MOVWF       R4 
0x2460	0x0E00      	MOVLW       0
0x2462	0x6E05      	MOVWF       R5 
0x2464	0x0E00      	MOVLW       0
0x2466	0x6E06      	MOVWF       R6 
0x2468	0x0E7E      	MOVLW       126
0x246A	0x6E07      	MOVWF       R7 
0x246C	0xF00DEC18  	CALL        _Compare_Double, 0
0x2470	0x0E00      	MOVLW       0
0x2472	0xB0D8      	BTFSC       STATUS, 0 
0x2474	0x0E01      	MOVLW       1
0x2476	0x6E00      	MOVWF       R0 
0x2478	0x5200      	MOVF        R0, 1 
0x247A	0xE01A      	BZ          L__doprntf95
;__Lib_Sprintf.c,420 :: 		
0x247C	0xF000C0BC  	MOVFF       _doprntf_fval_L0, R0
0x2480	0xF001C0BD  	MOVFF       _doprntf_fval_L0+1, R1
0x2484	0xF002C0BE  	MOVFF       _doprntf_fval_L0+2, R2
0x2488	0xF003C0BF  	MOVFF       _doprntf_fval_L0+3, R3
0x248C	0x0E00      	MOVLW       0
0x248E	0x6E04      	MOVWF       R4 
0x2490	0x0E00      	MOVLW       0
0x2492	0x6E05      	MOVWF       R5 
0x2494	0x0E00      	MOVLW       0
0x2496	0x6E06      	MOVWF       R6 
0x2498	0x0E7E      	MOVLW       126
0x249A	0x6E07      	MOVWF       R7 
0x249C	0xF001ECC6  	CALL        _Add_32x32_FP, 0
0x24A0	0xF0BCC000  	MOVFF       R0, _doprntf_fval_L0
0x24A4	0xF0BDC001  	MOVFF       R1, _doprntf_fval_L0+1
0x24A8	0xF0BEC002  	MOVFF       R2, _doprntf_fval_L0+2
0x24AC	0xF0BFC003  	MOVFF       R3, _doprntf_fval_L0+3
L__doprntf95:
;__Lib_Sprintf.c,421 :: 		
0x24B0	0xF000C0BC  	MOVFF       _doprntf_fval_L0, R0
0x24B4	0xF001C0BD  	MOVFF       _doprntf_fval_L0+1, R1
0x24B8	0xF002C0BE  	MOVFF       _doprntf_fval_L0+2, R2
0x24BC	0xF003C0BF  	MOVFF       _doprntf_fval_L0+3, R3
0x24C0	0xF00BEC5A  	CALL        _double2longword, 0
0x24C4	0x0100      	MOVLB       0
0x24C6	0x51B7      	MOVF        _doprntf_c_L0, 0, 1
0x24C8	0x0F01      	ADDLW       1
0x24CA	0x6E09      	MOVWF       R9 
0x24CC	0x6A0A      	CLRF        R10 
0x24CE	0x0E00      	MOVLW       0
0x24D0	0x220A      	ADDWFC      R10, 1 
0x24D2	0xF004C009  	MOVFF       R9, R4
0x24D6	0xF005C00A  	MOVFF       R10, R5
0x24DA	0x0E00      	MOVLW       0
0x24DC	0xBE0A      	BTFSC       R10, 7 
0x24DE	0x0EFF      	MOVLW       255
0x24E0	0x6E06      	MOVWF       R6 
0x24E2	0x6E07      	MOVWF       R7 
0x24E4	0x3604      	RLCF        R4, 1 
0x24E6	0x9004      	BCF         R4, 0 
0x24E8	0x3605      	RLCF        R5, 1 
0x24EA	0x3606      	RLCF        R6, 1 
0x24EC	0x3607      	RLCF        R7, 1 
0x24EE	0x3604      	RLCF        R4, 1 
0x24F0	0x9004      	BCF         R4, 0 
0x24F2	0x3605      	RLCF        R5, 1 
0x24F4	0x3606      	RLCF        R6, 1 
0x24F6	0x3607      	RLCF        R7, 1 
0x24F8	0x0E15      	MOVLW       __Lib_Sprintf_dpowers
0x24FA	0x2404      	ADDWF       R4, 0 
0x24FC	0x6EF6      	MOVWF       TBLPTR 
0x24FE	0x0E46      	MOVLW       hi_addr(__Lib_Sprintf_dpowers)
0x2500	0x2005      	ADDWFC      R5, 0 
0x2502	0x6EF7      	MOVWF       TBLPTR+1 
0x2504	0x0E00      	MOVLW       higher_addr(__Lib_Sprintf_dpowers)
0x2506	0x2006      	ADDWFC      R6, 0 
0x2508	0x6EF8      	MOVWF       TBLPTR+2 
0x250A	0x0009      	TBLRD*+
0x250C	0xF005CFF5  	MOVFF       TABLAT, R5
0x2510	0x0009      	TBLRD*+
0x2512	0xF006CFF5  	MOVFF       TABLAT, R6
0x2516	0x0009      	TBLRD*+
0x2518	0xF007CFF5  	MOVFF       TABLAT, R7
0x251C	0x0009      	TBLRD*+
0x251E	0xF008CFF5  	MOVFF       TABLAT, R8
0x2522	0x5008      	MOVF        R8, 0 
0x2524	0x5C03      	SUBWF       R3, 0 
0x2526	0xE108      	BNZ         L___doprntf328
0x2528	0x5007      	MOVF        R7, 0 
0x252A	0x5C02      	SUBWF       R2, 0 
0x252C	0xE105      	BNZ         L___doprntf328
0x252E	0x5006      	MOVF        R6, 0 
0x2530	0x5C01      	SUBWF       R1, 0 
0x2532	0xE102      	BNZ         L___doprntf328
0x2534	0x5005      	MOVF        R5, 0 
0x2536	0x5C00      	SUBWF       R0, 0 
L___doprntf328:
0x2538	0xE31E      	BNC         L__doprntf96
;__Lib_Sprintf.c,422 :: 		
0x253A	0x0100      	MOVLB       0
0x253C	0xF000C0BC  	MOVFF       _doprntf_fval_L0, R0
0x2540	0xF001C0BD  	MOVFF       _doprntf_fval_L0+1, R1
0x2544	0xF002C0BE  	MOVFF       _doprntf_fval_L0+2, R2
0x2548	0xF003C0BF  	MOVFF       _doprntf_fval_L0+3, R3
0x254C	0x0ECD      	MOVLW       205
0x254E	0x6E04      	MOVWF       R4 
0x2550	0x0ECC      	MOVLW       204
0x2552	0x6E05      	MOVWF       R5 
0x2554	0x0E4C      	MOVLW       76
0x2556	0x6E06      	MOVWF       R6 
0x2558	0x0E7B      	MOVLW       123
0x255A	0x6E07      	MOVWF       R7 
0x255C	0xF001EC32  	CALL        _Mul_32x32_FP, 0
0x2560	0xF0BCC000  	MOVFF       R0, _doprntf_fval_L0
0x2564	0xF0BDC001  	MOVFF       R1, _doprntf_fval_L0+1
0x2568	0xF0BEC002  	MOVFF       R2, _doprntf_fval_L0+2
0x256C	0xF0BFC003  	MOVFF       R3, _doprntf_fval_L0+3
;__Lib_Sprintf.c,423 :: 		
0x2570	0x4BC0      	INFSNZ      _doprntf_exp_L0, 1, 1
0x2572	0x2BC1      	INCF        _doprntf_exp_L0+1, 1, 1
;__Lib_Sprintf.c,424 :: 		
0x2574	0xD05A      	BRA         L__doprntf97
L__doprntf96:
;__Lib_Sprintf.c,426 :: 		
0x2576	0xF000C0BC  	MOVFF       _doprntf_fval_L0, R0
0x257A	0xF001C0BD  	MOVFF       _doprntf_fval_L0+1, R1
0x257E	0xF002C0BE  	MOVFF       _doprntf_fval_L0+2, R2
0x2582	0xF003C0BF  	MOVFF       _doprntf_fval_L0+3, R3
0x2586	0xF00BEC5A  	CALL        _double2longword, 0
0x258A	0xF004C0B7  	MOVFF       _doprntf_c_L0, R4
0x258E	0x0E00      	MOVLW       0
0x2590	0x6E05      	MOVWF       R5 
0x2592	0x6E06      	MOVWF       R6 
0x2594	0x6E07      	MOVWF       R7 
0x2596	0x3604      	RLCF        R4, 1 
0x2598	0x9004      	BCF         R4, 0 
0x259A	0x3605      	RLCF        R5, 1 
0x259C	0x3606      	RLCF        R6, 1 
0x259E	0x3607      	RLCF        R7, 1 
0x25A0	0x3604      	RLCF        R4, 1 
0x25A2	0x9004      	BCF         R4, 0 
0x25A4	0x3605      	RLCF        R5, 1 
0x25A6	0x3606      	RLCF        R6, 1 
0x25A8	0x3607      	RLCF        R7, 1 
0x25AA	0x0E15      	MOVLW       __Lib_Sprintf_dpowers
0x25AC	0x2404      	ADDWF       R4, 0 
0x25AE	0x6EF6      	MOVWF       TBLPTR 
0x25B0	0x0E46      	MOVLW       hi_addr(__Lib_Sprintf_dpowers)
0x25B2	0x2005      	ADDWFC      R5, 0 
0x25B4	0x6EF7      	MOVWF       TBLPTR+1 
0x25B6	0x0E00      	MOVLW       higher_addr(__Lib_Sprintf_dpowers)
0x25B8	0x2006      	ADDWFC      R6, 0 
0x25BA	0x6EF8      	MOVWF       TBLPTR+2 
0x25BC	0x0009      	TBLRD*+
0x25BE	0xF005CFF5  	MOVFF       TABLAT, R5
0x25C2	0x0009      	TBLRD*+
0x25C4	0xF006CFF5  	MOVFF       TABLAT, R6
0x25C8	0x0009      	TBLRD*+
0x25CA	0xF007CFF5  	MOVFF       TABLAT, R7
0x25CE	0x0009      	TBLRD*+
0x25D0	0xF008CFF5  	MOVFF       TABLAT, R8
0x25D4	0x5008      	MOVF        R8, 0 
0x25D6	0x5C03      	SUBWF       R3, 0 
0x25D8	0xE108      	BNZ         L___doprntf329
0x25DA	0x5007      	MOVF        R7, 0 
0x25DC	0x5C02      	SUBWF       R2, 0 
0x25DE	0xE105      	BNZ         L___doprntf329
0x25E0	0x5006      	MOVF        R6, 0 
0x25E2	0x5C01      	SUBWF       R1, 0 
0x25E4	0xE102      	BNZ         L___doprntf329
0x25E6	0x5005      	MOVF        R5, 0 
0x25E8	0x5C00      	SUBWF       R0, 0 
L___doprntf329:
0x25EA	0xE21F      	BC          L__doprntf98
;__Lib_Sprintf.c,427 :: 		
0x25EC	0x0100      	MOVLB       0
0x25EE	0xF000C0BC  	MOVFF       _doprntf_fval_L0, R0
0x25F2	0xF001C0BD  	MOVFF       _doprntf_fval_L0+1, R1
0x25F6	0xF002C0BE  	MOVFF       _doprntf_fval_L0+2, R2
0x25FA	0xF003C0BF  	MOVFF       _doprntf_fval_L0+3, R3
0x25FE	0x0E00      	MOVLW       0
0x2600	0x6E04      	MOVWF       R4 
0x2602	0x0E00      	MOVLW       0
0x2604	0x6E05      	MOVWF       R5 
0x2606	0x0E20      	MOVLW       32
0x2608	0x6E06      	MOVWF       R6 
0x260A	0x0E82      	MOVLW       130
0x260C	0x6E07      	MOVWF       R7 
0x260E	0xF001EC32  	CALL        _Mul_32x32_FP, 0
0x2612	0xF0BCC000  	MOVFF       R0, _doprntf_fval_L0
0x2616	0xF0BDC001  	MOVFF       R1, _doprntf_fval_L0+1
0x261A	0xF0BEC002  	MOVFF       R2, _doprntf_fval_L0+2
0x261E	0xF0BFC003  	MOVFF       R3, _doprntf_fval_L0+3
;__Lib_Sprintf.c,428 :: 		
0x2622	0x0E01      	MOVLW       1
0x2624	0x5FC0      	SUBWF       _doprntf_exp_L0, 1, 1
0x2626	0x0E00      	MOVLW       0
0x2628	0x5BC1      	SUBWFB      _doprntf_exp_L0+1, 1, 1
;__Lib_Sprintf.c,429 :: 		
L__doprntf98:
L__doprntf97:
;__Lib_Sprintf.c,430 :: 		
L__doprntf94:
0x262A	0x0100      	MOVLB       0
;__Lib_Sprintf.c,431 :: 		
0x262C	0xA3BB      	BTFSS       _doprntf_flag_L0+1, 1, 1
0x262E	0xD093      	BRA         L__doprntf101
0x2630	0xB7BB      	BTFSC       _doprntf_flag_L0+1, 3, 1
0x2632	0xD091      	BRA         L__doprntf101
L___doprntf311:
;__Lib_Sprintf.c,432 :: 		
0x2634	0x0E80      	MOVLW       128
0x2636	0x0A00      	XORLW       0
0x2638	0x6E00      	MOVWF       R0 
0x263A	0x0E80      	MOVLW       128
0x263C	0x19B6      	XORWF       _doprntf_prec_L0+1, 0, 1
0x263E	0x5C00      	SUBWF       R0, 0 
0x2640	0xE102      	BNZ         L___doprntf330
0x2642	0x51B5      	MOVF        _doprntf_prec_L0, 0, 1
0x2644	0x080A      	SUBLW       10
L___doprntf330:
0x2646	0xE204      	BC          L__doprntf102
;__Lib_Sprintf.c,433 :: 		
0x2648	0x0E0A      	MOVLW       10
0x264A	0x6FB5      	MOVWF       _doprntf_prec_L0, 1
0x264C	0x0E00      	MOVLW       0
0x264E	0x6FB6      	MOVWF       _doprntf_prec_L0+1, 1
L__doprntf102:
;__Lib_Sprintf.c,434 :: 		
0x2650	0xF000C0BC  	MOVFF       _doprntf_fval_L0, R0
0x2654	0xF001C0BD  	MOVFF       _doprntf_fval_L0+1, R1
0x2658	0xF002C0BE  	MOVFF       _doprntf_fval_L0+2, R2
0x265C	0xF003C0BF  	MOVFF       _doprntf_fval_L0+3, R3
0x2660	0xF00BEC5A  	CALL        _double2longword, 0
0x2664	0xF0C2C000  	MOVFF       R0, _doprntf__val_L0
0x2668	0xF0C3C001  	MOVFF       R1, _doprntf__val_L0+1
0x266C	0xF0C4C002  	MOVFF       R2, _doprntf__val_L0+2
0x2670	0xF0C5C003  	MOVFF       R3, _doprntf__val_L0+3
;__Lib_Sprintf.c,435 :: 		
L__doprntf103:
0x2674	0x51C2      	MOVF        _doprntf__val_L0, 0, 1
0x2676	0x11C3      	IORWF       _doprntf__val_L0+1, 0, 1
0x2678	0x11C4      	IORWF       _doprntf__val_L0+2, 0, 1
0x267A	0x11C5      	IORWF       _doprntf__val_L0+3, 0, 1
0x267C	0xE042      	BZ          L__doprntf104
0x267E	0x0E0A      	MOVLW       10
0x2680	0x6E04      	MOVWF       R4 
0x2682	0x0E00      	MOVLW       0
0x2684	0x6E05      	MOVWF       R5 
0x2686	0x6E06      	MOVWF       R6 
0x2688	0x6E07      	MOVWF       R7 
0x268A	0xF000C0C2  	MOVFF       _doprntf__val_L0, R0
0x268E	0xF001C0C3  	MOVFF       _doprntf__val_L0+1, R1
0x2692	0xF002C0C4  	MOVFF       _doprntf__val_L0+2, R2
0x2696	0xF003C0C5  	MOVFF       _doprntf__val_L0+3, R3
0x269A	0xF004EC75  	CALL        _Div_32x32_U, 0
0x269E	0xF000C008  	MOVFF       R8, R0
0x26A2	0xF001C009  	MOVFF       R9, R1
0x26A6	0xF002C00A  	MOVFF       R10, R2
0x26AA	0xF003C00B  	MOVFF       R11, R3
0x26AE	0x0E00      	MOVLW       0
0x26B0	0x6E04      	MOVWF       R4 
0x26B2	0x1803      	XORWF       R3, 0 
0x26B4	0xE108      	BNZ         L___doprntf331
0x26B6	0x5004      	MOVF        R4, 0 
0x26B8	0x1802      	XORWF       R2, 0 
0x26BA	0xE105      	BNZ         L___doprntf331
0x26BC	0x5004      	MOVF        R4, 0 
0x26BE	0x1801      	XORWF       R1, 0 
0x26C0	0xE102      	BNZ         L___doprntf331
0x26C2	0x5000      	MOVF        R0, 0 
0x26C4	0x0A00      	XORLW       0
L___doprntf331:
0x26C6	0xE11D      	BNZ         L__doprntf104
L___doprntf310:
;__Lib_Sprintf.c,436 :: 		
0x26C8	0x0E01      	MOVLW       1
0x26CA	0x5FB5      	SUBWF       _doprntf_prec_L0, 1, 1
0x26CC	0x0E00      	MOVLW       0
0x26CE	0x5BB6      	SUBWFB      _doprntf_prec_L0+1, 1, 1
;__Lib_Sprintf.c,437 :: 		
0x26D0	0x0E0A      	MOVLW       10
0x26D2	0x6E04      	MOVWF       R4 
0x26D4	0x0E00      	MOVLW       0
0x26D6	0x6E05      	MOVWF       R5 
0x26D8	0x6E06      	MOVWF       R6 
0x26DA	0x6E07      	MOVWF       R7 
0x26DC	0xF000C0C2  	MOVFF       _doprntf__val_L0, R0
0x26E0	0xF001C0C3  	MOVFF       _doprntf__val_L0+1, R1
0x26E4	0xF002C0C4  	MOVFF       _doprntf__val_L0+2, R2
0x26E8	0xF003C0C5  	MOVFF       _doprntf__val_L0+3, R3
0x26EC	0xF004EC75  	CALL        _Div_32x32_U, 0
0x26F0	0xF0C2C000  	MOVFF       R0, _doprntf__val_L0
0x26F4	0xF0C3C001  	MOVFF       R1, _doprntf__val_L0+1
0x26F8	0xF0C4C002  	MOVFF       R2, _doprntf__val_L0+2
0x26FC	0xF0C5C003  	MOVFF       R3, _doprntf__val_L0+3
;__Lib_Sprintf.c,438 :: 		
0x2700	0xD7B9      	BRA         L__doprntf103
L__doprntf104:
;__Lib_Sprintf.c,439 :: 		
0x2702	0x0E80      	MOVLW       128
0x2704	0x19B6      	XORWF       _doprntf_prec_L0+1, 0, 1
0x2706	0x6E00      	MOVWF       R0 
0x2708	0x0E80      	MOVLW       128
0x270A	0x5C00      	SUBWF       R0, 0 
0x270C	0xE102      	BNZ         L___doprntf332
0x270E	0x51B7      	MOVF        _doprntf_c_L0, 0, 1
0x2710	0x5DB5      	SUBWF       _doprntf_prec_L0, 0, 1
L___doprntf332:
0x2712	0xE221      	BC          L__doprntf107
;__Lib_Sprintf.c,440 :: 		
0x2714	0x51B5      	MOVF        _doprntf_prec_L0, 0, 1
0x2716	0x5DB7      	SUBWF       _doprntf_c_L0, 0, 1
0x2718	0x6FCE      	MOVWF       FARG___Lib_Sprintf_scale_scl, 1
0x271A	0xF008EC65  	CALL        __Lib_Sprintf_scale, 0
0x271E	0xF004C000  	MOVFF       R0, R4
0x2722	0xF005C001  	MOVFF       R1, R5
0x2726	0xF006C002  	MOVFF       R2, R6
0x272A	0xF007C003  	MOVFF       R3, R7
0x272E	0xF000C0BC  	MOVFF       _doprntf_fval_L0, R0
0x2732	0xF001C0BD  	MOVFF       _doprntf_fval_L0+1, R1
0x2736	0xF002C0BE  	MOVFF       _doprntf_fval_L0+2, R2
0x273A	0xF003C0BF  	MOVFF       _doprntf_fval_L0+3, R3
0x273E	0xF00BECF6  	CALL        _Div_32x32_FP, 0
0x2742	0xF0BCC000  	MOVFF       R0, _doprntf_fval_L0
0x2746	0xF0BDC001  	MOVFF       R1, _doprntf_fval_L0+1
0x274A	0xF0BEC002  	MOVFF       R2, _doprntf_fval_L0+2
0x274E	0xF0BFC003  	MOVFF       R3, _doprntf_fval_L0+3
;__Lib_Sprintf.c,441 :: 		
0x2752	0xF0B7C0B5  	MOVFF       _doprntf_prec_L0, _doprntf_c_L0
;__Lib_Sprintf.c,442 :: 		
L__doprntf107:
;__Lib_Sprintf.c,443 :: 		
L__doprntf101:
;__Lib_Sprintf.c,444 :: 		
0x2756	0x0E05      	MOVLW       5
0x2758	0x0100      	MOVLB       0
0x275A	0x25B5      	ADDWF       _doprntf_prec_L0, 0, 1
0x275C	0x6E00      	MOVWF       R0 
0x275E	0x0E00      	MOVLW       0
0x2760	0x21B6      	ADDWFC      _doprntf_prec_L0+1, 0, 1
0x2762	0x6E01      	MOVWF       R1 
0x2764	0x5000      	MOVF        R0, 0 
0x2766	0x5FB8      	SUBWF       _doprntf_width_L0, 1, 1
0x2768	0x5001      	MOVF        R1, 0 
0x276A	0x5BB9      	SUBWFB      _doprntf_width_L0+1, 1, 1
;__Lib_Sprintf.c,445 :: 		
0x276C	0x51B5      	MOVF        _doprntf_prec_L0, 0, 1
0x276E	0x11B6      	IORWF       _doprntf_prec_L0+1, 0, 1
0x2770	0xE103      	BNZ         L___doprntf309
0x2772	0xB7BB      	BTFSC       _doprntf_flag_L0+1, 3, 1
0x2774	0xD001      	BRA         L___doprntf309
0x2776	0xD004      	BRA         L__doprntf110
L___doprntf309:
;__Lib_Sprintf.c,446 :: 		
0x2778	0x0E01      	MOVLW       1
0x277A	0x5FB8      	SUBWF       _doprntf_width_L0, 1, 1
0x277C	0x0E00      	MOVLW       0
0x277E	0x5BB9      	SUBWFB      _doprntf_width_L0+1, 1, 1
L__doprntf110:
;__Lib_Sprintf.c,447 :: 		
0x2780	0x0E03      	MOVLW       3
0x2782	0x15BA      	ANDWF       _doprntf_flag_L0, 0, 1
0x2784	0x6E00      	MOVWF       R0 
0x2786	0xF001C0BB  	MOVFF       _doprntf_flag_L0+1, R1
0x278A	0x0E00      	MOVLW       0
0x278C	0x1601      	ANDWF       R1, 1 
0x278E	0x5000      	MOVF        R0, 0 
0x2790	0x1001      	IORWF       R1, 0 
0x2792	0xE004      	BZ          L__doprntf111
;__Lib_Sprintf.c,448 :: 		
0x2794	0x0E01      	MOVLW       1
0x2796	0x5FB8      	SUBWF       _doprntf_width_L0, 1, 1
0x2798	0x0E00      	MOVLW       0
0x279A	0x5BB9      	SUBWFB      _doprntf_width_L0+1, 1, 1
L__doprntf111:
;__Lib_Sprintf.c,449 :: 		
0x279C	0xA5BA      	BTFSS       _doprntf_flag_L0, 2, 1
0x279E	0xD039      	BRA         L__doprntf112
;__Lib_Sprintf.c,450 :: 		
0x27A0	0xA3BA      	BTFSS       _doprntf_flag_L0, 1, 1
0x27A2	0xD012      	BRA         L__doprntf113
;__Lib_Sprintf.c,451 :: 		
0x27A4	0xA1BA      	BTFSS       _doprntf_flag_L0, 0, 1
0x27A6	0xD003      	BRA         L__doprntf114
0x27A8	0x0E2D      	MOVLW       45
0x27AA	0x6FAD      	MOVWF       ?FLOC____doprntfT369, 1
0x27AC	0xD002      	BRA         L__doprntf115
L__doprntf114:
0x27AE	0x0E2B      	MOVLW       43
0x27B0	0x6FAD      	MOVWF       ?FLOC____doprntfT369, 1
L__doprntf115:
0x27B2	0xFFE1C0A6  	MOVFF       FARG__doprntf_pb, FSR1L
0x27B6	0xFFE2C0A7  	MOVFF       FARG__doprntf_pb+1, FSR1H
0x27BA	0xFFE6C0AD  	MOVFF       ?FLOC____doprntfT369, POSTINC1
0x27BE	0x4BA6      	INFSNZ      FARG__doprntf_pb, 1, 1
0x27C0	0x2BA7      	INCF        FARG__doprntf_pb+1, 1, 1
0x27C2	0x4BC6      	INFSNZ      _doprntf_ccnt_L0, 1, 1
0x27C4	0x2BC7      	INCF        _doprntf_ccnt_L0+1, 1, 1
0x27C6	0xD00C      	BRA         L__doprntf116
L__doprntf113:
;__Lib_Sprintf.c,453 :: 		
0x27C8	0xA1BA      	BTFSS       _doprntf_flag_L0, 0, 1
0x27CA	0xD00A      	BRA         L__doprntf117
;__Lib_Sprintf.c,454 :: 		
0x27CC	0xFFE1C0A6  	MOVFF       FARG__doprntf_pb, FSR1L
0x27D0	0xFFE2C0A7  	MOVFF       FARG__doprntf_pb+1, FSR1H
0x27D4	0x0E20      	MOVLW       32
0x27D6	0x6EE6      	MOVWF       POSTINC1 
0x27D8	0x4BA6      	INFSNZ      FARG__doprntf_pb, 1, 1
0x27DA	0x2BA7      	INCF        FARG__doprntf_pb+1, 1, 1
0x27DC	0x4BC6      	INFSNZ      _doprntf_ccnt_L0, 1, 1
0x27DE	0x2BC7      	INCF        _doprntf_ccnt_L0+1, 1, 1
L__doprntf117:
L__doprntf116:
;__Lib_Sprintf.c,455 :: 		
L__doprntf118:
0x27E0	0x0E80      	MOVLW       128
0x27E2	0x6E00      	MOVWF       R0 
0x27E4	0x0E80      	MOVLW       128
0x27E6	0x19B9      	XORWF       _doprntf_width_L0+1, 0, 1
0x27E8	0x5C00      	SUBWF       R0, 0 
0x27EA	0xE102      	BNZ         L___doprntf333
0x27EC	0x51B8      	MOVF        _doprntf_width_L0, 0, 1
0x27EE	0x0800      	SUBLW       0
L___doprntf333:
0x27F0	0xE20F      	BC          L__doprntf119
;__Lib_Sprintf.c,456 :: 		
0x27F2	0xFFE1C0A6  	MOVFF       FARG__doprntf_pb, FSR1L
0x27F6	0xFFE2C0A7  	MOVFF       FARG__doprntf_pb+1, FSR1H
0x27FA	0x0E30      	MOVLW       48
0x27FC	0x6EE6      	MOVWF       POSTINC1 
0x27FE	0x4BA6      	INFSNZ      FARG__doprntf_pb, 1, 1
0x2800	0x2BA7      	INCF        FARG__doprntf_pb+1, 1, 1
0x2802	0x4BC6      	INFSNZ      _doprntf_ccnt_L0, 1, 1
0x2804	0x2BC7      	INCF        _doprntf_ccnt_L0+1, 1, 1
;__Lib_Sprintf.c,457 :: 		
0x2806	0x0E01      	MOVLW       1
0x2808	0x5FB8      	SUBWF       _doprntf_width_L0, 1, 1
0x280A	0x0E00      	MOVLW       0
0x280C	0x5BB9      	SUBWFB      _doprntf_width_L0+1, 1, 1
;__Lib_Sprintf.c,458 :: 		
0x280E	0xD7E8      	BRA         L__doprntf118
L__doprntf119:
;__Lib_Sprintf.c,459 :: 		
0x2810	0xD03A      	BRA         L__doprntf120
L__doprntf112:
;__Lib_Sprintf.c,461 :: 		
0x2812	0xB7BA      	BTFSC       _doprntf_flag_L0, 3, 1
0x2814	0xD018      	BRA         L__doprntf121
;__Lib_Sprintf.c,462 :: 		
L__doprntf122:
0x2816	0x0E80      	MOVLW       128
0x2818	0x6E00      	MOVWF       R0 
0x281A	0x0E80      	MOVLW       128
0x281C	0x19B9      	XORWF       _doprntf_width_L0+1, 0, 1
0x281E	0x5C00      	SUBWF       R0, 0 
0x2820	0xE102      	BNZ         L___doprntf334
0x2822	0x51B8      	MOVF        _doprntf_width_L0, 0, 1
0x2824	0x0800      	SUBLW       0
L___doprntf334:
0x2826	0xE20F      	BC          L__doprntf123
;__Lib_Sprintf.c,463 :: 		
0x2828	0xFFE1C0A6  	MOVFF       FARG__doprntf_pb, FSR1L
0x282C	0xFFE2C0A7  	MOVFF       FARG__doprntf_pb+1, FSR1H
0x2830	0x0E20      	MOVLW       32
0x2832	0x6EE6      	MOVWF       POSTINC1 
0x2834	0x4BA6      	INFSNZ      FARG__doprntf_pb, 1, 1
0x2836	0x2BA7      	INCF        FARG__doprntf_pb+1, 1, 1
0x2838	0x4BC6      	INFSNZ      _doprntf_ccnt_L0, 1, 1
0x283A	0x2BC7      	INCF        _doprntf_ccnt_L0+1, 1, 1
;__Lib_Sprintf.c,464 :: 		
0x283C	0x0E01      	MOVLW       1
0x283E	0x5FB8      	SUBWF       _doprntf_width_L0, 1, 1
0x2840	0x0E00      	MOVLW       0
0x2842	0x5BB9      	SUBWFB      _doprntf_width_L0+1, 1, 1
;__Lib_Sprintf.c,465 :: 		
0x2844	0xD7E8      	BRA         L__doprntf122
L__doprntf123:
L__doprntf121:
;__Lib_Sprintf.c,466 :: 		
0x2846	0xA3BA      	BTFSS       _doprntf_flag_L0, 1, 1
0x2848	0xD012      	BRA         L__doprntf124
;__Lib_Sprintf.c,467 :: 		
0x284A	0xA1BA      	BTFSS       _doprntf_flag_L0, 0, 1
0x284C	0xD003      	BRA         L__doprntf125
0x284E	0x0E2D      	MOVLW       45
0x2850	0x6FAE      	MOVWF       ?FLOC____doprntfT387, 1
0x2852	0xD002      	BRA         L__doprntf126
L__doprntf125:
0x2854	0x0E2B      	MOVLW       43
0x2856	0x6FAE      	MOVWF       ?FLOC____doprntfT387, 1
L__doprntf126:
0x2858	0xFFE1C0A6  	MOVFF       FARG__doprntf_pb, FSR1L
0x285C	0xFFE2C0A7  	MOVFF       FARG__doprntf_pb+1, FSR1H
0x2860	0xFFE6C0AE  	MOVFF       ?FLOC____doprntfT387, POSTINC1
0x2864	0x4BA6      	INFSNZ      FARG__doprntf_pb, 1, 1
0x2866	0x2BA7      	INCF        FARG__doprntf_pb+1, 1, 1
0x2868	0x4BC6      	INFSNZ      _doprntf_ccnt_L0, 1, 1
0x286A	0x2BC7      	INCF        _doprntf_ccnt_L0+1, 1, 1
0x286C	0xD00C      	BRA         L__doprntf127
L__doprntf124:
;__Lib_Sprintf.c,469 :: 		
0x286E	0xA1BA      	BTFSS       _doprntf_flag_L0, 0, 1
0x2870	0xD00A      	BRA         L__doprntf128
;__Lib_Sprintf.c,470 :: 		
0x2872	0xFFE1C0A6  	MOVFF       FARG__doprntf_pb, FSR1L
0x2876	0xFFE2C0A7  	MOVFF       FARG__doprntf_pb+1, FSR1H
0x287A	0x0E20      	MOVLW       32
0x287C	0x6EE6      	MOVWF       POSTINC1 
0x287E	0x4BA6      	INFSNZ      FARG__doprntf_pb, 1, 1
0x2880	0x2BA7      	INCF        FARG__doprntf_pb+1, 1, 1
0x2882	0x4BC6      	INFSNZ      _doprntf_ccnt_L0, 1, 1
0x2884	0x2BC7      	INCF        _doprntf_ccnt_L0+1, 1, 1
L__doprntf128:
L__doprntf127:
;__Lib_Sprintf.c,471 :: 		
L__doprntf120:
;__Lib_Sprintf.c,472 :: 		
0x2886	0xF000C0BC  	MOVFF       _doprntf_fval_L0, R0
0x288A	0xF001C0BD  	MOVFF       _doprntf_fval_L0+1, R1
0x288E	0xF002C0BE  	MOVFF       _doprntf_fval_L0+2, R2
0x2892	0xF003C0BF  	MOVFF       _doprntf_fval_L0+3, R3
0x2896	0xF00BEC5A  	CALL        _double2longword, 0
0x289A	0xF0C2C000  	MOVFF       R0, _doprntf__val_L0
0x289E	0xF0C3C001  	MOVFF       R1, _doprntf__val_L0+1
0x28A2	0xF0C4C002  	MOVFF       R2, _doprntf__val_L0+2
0x28A6	0xF0C5C003  	MOVFF       R3, _doprntf__val_L0+3
;__Lib_Sprintf.c,473 :: 		
0x28AA	0xF000C0B7  	MOVFF       _doprntf_c_L0, R0
0x28AE	0x0E00      	MOVLW       0
0x28B0	0x6E01      	MOVWF       R1 
0x28B2	0x6E02      	MOVWF       R2 
0x28B4	0x6E03      	MOVWF       R3 
0x28B6	0x3600      	RLCF        R0, 1 
0x28B8	0x9000      	BCF         R0, 0 
0x28BA	0x3601      	RLCF        R1, 1 
0x28BC	0x3602      	RLCF        R2, 1 
0x28BE	0x3603      	RLCF        R3, 1 
0x28C0	0x3600      	RLCF        R0, 1 
0x28C2	0x9000      	BCF         R0, 0 
0x28C4	0x3601      	RLCF        R1, 1 
0x28C6	0x3602      	RLCF        R2, 1 
0x28C8	0x3603      	RLCF        R3, 1 
0x28CA	0x0E15      	MOVLW       __Lib_Sprintf_dpowers
0x28CC	0x2400      	ADDWF       R0, 0 
0x28CE	0x6EF6      	MOVWF       TBLPTR 
0x28D0	0x0E46      	MOVLW       hi_addr(__Lib_Sprintf_dpowers)
0x28D2	0x2001      	ADDWFC      R1, 0 
0x28D4	0x6EF7      	MOVWF       TBLPTR+1 
0x28D6	0x0E00      	MOVLW       higher_addr(__Lib_Sprintf_dpowers)
0x28D8	0x2002      	ADDWFC      R2, 0 
0x28DA	0x6EF8      	MOVWF       TBLPTR+2 
0x28DC	0x0009      	TBLRD*+
0x28DE	0xF004CFF5  	MOVFF       TABLAT, R4
0x28E2	0x0009      	TBLRD*+
0x28E4	0xF005CFF5  	MOVFF       TABLAT, R5
0x28E8	0x0009      	TBLRD*+
0x28EA	0xF006CFF5  	MOVFF       TABLAT, R6
0x28EE	0x0009      	TBLRD*+
0x28F0	0xF007CFF5  	MOVFF       TABLAT, R7
0x28F4	0xF000C0C2  	MOVFF       _doprntf__val_L0, R0
0x28F8	0xF001C0C3  	MOVFF       _doprntf__val_L0+1, R1
0x28FC	0xF002C0C4  	MOVFF       _doprntf__val_L0+2, R2
0x2900	0xF003C0C5  	MOVFF       _doprntf__val_L0+3, R3
0x2904	0xF004EC75  	CALL        _Div_32x32_U, 0
0x2908	0x0E30      	MOVLW       48
0x290A	0x2600      	ADDWF       R0, 1 
0x290C	0xFFE1C0A6  	MOVFF       FARG__doprntf_pb, FSR1L
0x2910	0xFFE2C0A7  	MOVFF       FARG__doprntf_pb+1, FSR1H
0x2914	0xFFE6C000  	MOVFF       R0, POSTINC1
0x2918	0x4BA6      	INFSNZ      FARG__doprntf_pb, 1, 1
0x291A	0x2BA7      	INCF        FARG__doprntf_pb+1, 1, 1
0x291C	0x4BC6      	INFSNZ      _doprntf_ccnt_L0, 1, 1
0x291E	0x2BC7      	INCF        _doprntf_ccnt_L0+1, 1, 1
;__Lib_Sprintf.c,474 :: 		
0x2920	0x51B5      	MOVF        _doprntf_prec_L0, 0, 1
0x2922	0x11B6      	IORWF       _doprntf_prec_L0+1, 0, 1
0x2924	0xE103      	BNZ         L___doprntf308
0x2926	0xB7BB      	BTFSC       _doprntf_flag_L0+1, 3, 1
0x2928	0xD001      	BRA         L___doprntf308
0x292A	0xD06F      	BRA         L__doprntf131
L___doprntf308:
;__Lib_Sprintf.c,475 :: 		
0x292C	0xFFE1C0A6  	MOVFF       FARG__doprntf_pb, FSR1L
0x2930	0xFFE2C0A7  	MOVFF       FARG__doprntf_pb+1, FSR1H
0x2934	0x0E2E      	MOVLW       46
0x2936	0x6EE6      	MOVWF       POSTINC1 
0x2938	0x4BA6      	INFSNZ      FARG__doprntf_pb, 1, 1
0x293A	0x2BA7      	INCF        FARG__doprntf_pb+1, 1, 1
0x293C	0x4BC6      	INFSNZ      _doprntf_ccnt_L0, 1, 1
0x293E	0x2BC7      	INCF        _doprntf_ccnt_L0+1, 1, 1
;__Lib_Sprintf.c,476 :: 		
0x2940	0x51B7      	MOVF        _doprntf_c_L0, 0, 1
0x2942	0x5FB5      	SUBWF       _doprntf_prec_L0, 1, 1
0x2944	0x0E00      	MOVLW       0
0x2946	0x5BB6      	SUBWFB      _doprntf_prec_L0+1, 1, 1
;__Lib_Sprintf.c,477 :: 		
L__doprntf132:
0x2948	0x53B7      	MOVF        _doprntf_c_L0, 1, 1
0x294A	0xE04D      	BZ          L__doprntf133
;__Lib_Sprintf.c,478 :: 		
0x294C	0x07B7      	DECF        _doprntf_c_L0, 1, 1
0x294E	0xF000C0B7  	MOVFF       _doprntf_c_L0, R0
0x2952	0x0E00      	MOVLW       0
0x2954	0x6E01      	MOVWF       R1 
0x2956	0x6E02      	MOVWF       R2 
0x2958	0x6E03      	MOVWF       R3 
0x295A	0x3600      	RLCF        R0, 1 
0x295C	0x9000      	BCF         R0, 0 
0x295E	0x3601      	RLCF        R1, 1 
0x2960	0x3602      	RLCF        R2, 1 
0x2962	0x3603      	RLCF        R3, 1 
0x2964	0x3600      	RLCF        R0, 1 
0x2966	0x9000      	BCF         R0, 0 
0x2968	0x3601      	RLCF        R1, 1 
0x296A	0x3602      	RLCF        R2, 1 
0x296C	0x3603      	RLCF        R3, 1 
0x296E	0x0E15      	MOVLW       __Lib_Sprintf_dpowers
0x2970	0x2400      	ADDWF       R0, 0 
0x2972	0x6EF6      	MOVWF       TBLPTR 
0x2974	0x0E46      	MOVLW       hi_addr(__Lib_Sprintf_dpowers)
0x2976	0x2001      	ADDWFC      R1, 0 
0x2978	0x6EF7      	MOVWF       TBLPTR+1 
0x297A	0x0E00      	MOVLW       higher_addr(__Lib_Sprintf_dpowers)
0x297C	0x2002      	ADDWFC      R2, 0 
0x297E	0x6EF8      	MOVWF       TBLPTR+2 
0x2980	0x0009      	TBLRD*+
0x2982	0xF004CFF5  	MOVFF       TABLAT, R4
0x2986	0x0009      	TBLRD*+
0x2988	0xF005CFF5  	MOVFF       TABLAT, R5
0x298C	0x0009      	TBLRD*+
0x298E	0xF006CFF5  	MOVFF       TABLAT, R6
0x2992	0x0009      	TBLRD*+
0x2994	0xF007CFF5  	MOVFF       TABLAT, R7
0x2998	0xF000C0C2  	MOVFF       _doprntf__val_L0, R0
0x299C	0xF001C0C3  	MOVFF       _doprntf__val_L0+1, R1
0x29A0	0xF002C0C4  	MOVFF       _doprntf__val_L0+2, R2
0x29A4	0xF003C0C5  	MOVFF       _doprntf__val_L0+3, R3
0x29A8	0xF004EC75  	CALL        _Div_32x32_U, 0
0x29AC	0x0E0A      	MOVLW       10
0x29AE	0x6E04      	MOVWF       R4 
0x29B0	0x0E00      	MOVLW       0
0x29B2	0x6E05      	MOVWF       R5 
0x29B4	0x6E06      	MOVWF       R6 
0x29B6	0x6E07      	MOVWF       R7 
0x29B8	0xF004EC75  	CALL        _Div_32x32_U, 0
0x29BC	0xF000C008  	MOVFF       R8, R0
0x29C0	0xF001C009  	MOVFF       R9, R1
0x29C4	0xF002C00A  	MOVFF       R10, R2
0x29C8	0xF003C00B  	MOVFF       R11, R3
0x29CC	0x0E30      	MOVLW       48
0x29CE	0x2600      	ADDWF       R0, 1 
0x29D0	0xFFE1C0A6  	MOVFF       FARG__doprntf_pb, FSR1L
0x29D4	0xFFE2C0A7  	MOVFF       FARG__doprntf_pb+1, FSR1H
0x29D8	0xFFE6C000  	MOVFF       R0, POSTINC1
0x29DC	0x4BA6      	INFSNZ      FARG__doprntf_pb, 1, 1
0x29DE	0x2BA7      	INCF        FARG__doprntf_pb+1, 1, 1
0x29E0	0x4BC6      	INFSNZ      _doprntf_ccnt_L0, 1, 1
0x29E2	0x2BC7      	INCF        _doprntf_ccnt_L0+1, 1, 1
;__Lib_Sprintf.c,479 :: 		
0x29E4	0xD7B1      	BRA         L__doprntf132
L__doprntf133:
;__Lib_Sprintf.c,480 :: 		
L__doprntf134:
0x29E6	0x51B5      	MOVF        _doprntf_prec_L0, 0, 1
0x29E8	0x11B6      	IORWF       _doprntf_prec_L0+1, 0, 1
0x29EA	0xE00F      	BZ          L__doprntf135
;__Lib_Sprintf.c,481 :: 		
0x29EC	0xFFE1C0A6  	MOVFF       FARG__doprntf_pb, FSR1L
0x29F0	0xFFE2C0A7  	MOVFF       FARG__doprntf_pb+1, FSR1H
0x29F4	0x0E30      	MOVLW       48
0x29F6	0x6EE6      	MOVWF       POSTINC1 
0x29F8	0x4BA6      	INFSNZ      FARG__doprntf_pb, 1, 1
0x29FA	0x2BA7      	INCF        FARG__doprntf_pb+1, 1, 1
0x29FC	0x4BC6      	INFSNZ      _doprntf_ccnt_L0, 1, 1
0x29FE	0x2BC7      	INCF        _doprntf_ccnt_L0+1, 1, 1
;__Lib_Sprintf.c,482 :: 		
0x2A00	0x0E01      	MOVLW       1
0x2A02	0x5FB5      	SUBWF       _doprntf_prec_L0, 1, 1
0x2A04	0x0E00      	MOVLW       0
0x2A06	0x5BB6      	SUBWFB      _doprntf_prec_L0+1, 1, 1
;__Lib_Sprintf.c,483 :: 		
0x2A08	0xD7EE      	BRA         L__doprntf134
L__doprntf135:
;__Lib_Sprintf.c,484 :: 		
L__doprntf131:
;__Lib_Sprintf.c,485 :: 		
0x2A0A	0xABBA      	BTFSS       _doprntf_flag_L0, 5, 1
0x2A0C	0xD00B      	BRA         L__doprntf136
;__Lib_Sprintf.c,486 :: 		
0x2A0E	0xFFE1C0A6  	MOVFF       FARG__doprntf_pb, FSR1L
0x2A12	0xFFE2C0A7  	MOVFF       FARG__doprntf_pb+1, FSR1H
0x2A16	0x0E45      	MOVLW       69
0x2A18	0x6EE6      	MOVWF       POSTINC1 
0x2A1A	0x4BA6      	INFSNZ      FARG__doprntf_pb, 1, 1
0x2A1C	0x2BA7      	INCF        FARG__doprntf_pb+1, 1, 1
0x2A1E	0x4BC6      	INFSNZ      _doprntf_ccnt_L0, 1, 1
0x2A20	0x2BC7      	INCF        _doprntf_ccnt_L0+1, 1, 1
0x2A22	0xD00A      	BRA         L__doprntf137
L__doprntf136:
;__Lib_Sprintf.c,488 :: 		
0x2A24	0xFFE1C0A6  	MOVFF       FARG__doprntf_pb, FSR1L
0x2A28	0xFFE2C0A7  	MOVFF       FARG__doprntf_pb+1, FSR1H
0x2A2C	0x0E65      	MOVLW       101
0x2A2E	0x6EE6      	MOVWF       POSTINC1 
0x2A30	0x4BA6      	INFSNZ      FARG__doprntf_pb, 1, 1
0x2A32	0x2BA7      	INCF        FARG__doprntf_pb+1, 1, 1
0x2A34	0x4BC6      	INFSNZ      _doprntf_ccnt_L0, 1, 1
0x2A36	0x2BC7      	INCF        _doprntf_ccnt_L0+1, 1, 1
L__doprntf137:
;__Lib_Sprintf.c,489 :: 		
0x2A38	0x0E80      	MOVLW       128
0x2A3A	0x19C1      	XORWF       _doprntf_exp_L0+1, 0, 1
0x2A3C	0x6E00      	MOVWF       R0 
0x2A3E	0x0E80      	MOVLW       128
0x2A40	0x5C00      	SUBWF       R0, 0 
0x2A42	0xE102      	BNZ         L___doprntf335
0x2A44	0x0E00      	MOVLW       0
0x2A46	0x5DC0      	SUBWF       _doprntf_exp_L0, 0, 1
L___doprntf335:
0x2A48	0xE211      	BC          L__doprntf138
;__Lib_Sprintf.c,490 :: 		
0x2A4A	0x51C0      	MOVF        _doprntf_exp_L0, 0, 1
0x2A4C	0x0800      	SUBLW       0
0x2A4E	0x6FC0      	MOVWF       _doprntf_exp_L0, 1
0x2A50	0x51C1      	MOVF        _doprntf_exp_L0+1, 0, 1
0x2A52	0x0E00      	MOVLW       0
0x2A54	0x57C1      	SUBFWB      _doprntf_exp_L0+1, 1, 1
;__Lib_Sprintf.c,491 :: 		
0x2A56	0xFFE1C0A6  	MOVFF       FARG__doprntf_pb, FSR1L
0x2A5A	0xFFE2C0A7  	MOVFF       FARG__doprntf_pb+1, FSR1H
0x2A5E	0x0E2D      	MOVLW       45
0x2A60	0x6EE6      	MOVWF       POSTINC1 
0x2A62	0x4BA6      	INFSNZ      FARG__doprntf_pb, 1, 1
0x2A64	0x2BA7      	INCF        FARG__doprntf_pb+1, 1, 1
0x2A66	0x4BC6      	INFSNZ      _doprntf_ccnt_L0, 1, 1
0x2A68	0x2BC7      	INCF        _doprntf_ccnt_L0+1, 1, 1
;__Lib_Sprintf.c,492 :: 		
0x2A6A	0xD00A      	BRA         L__doprntf139
L__doprntf138:
;__Lib_Sprintf.c,494 :: 		
0x2A6C	0xFFE1C0A6  	MOVFF       FARG__doprntf_pb, FSR1L
0x2A70	0xFFE2C0A7  	MOVFF       FARG__doprntf_pb+1, FSR1H
0x2A74	0x0E2B      	MOVLW       43
0x2A76	0x6EE6      	MOVWF       POSTINC1 
0x2A78	0x4BA6      	INFSNZ      FARG__doprntf_pb, 1, 1
0x2A7A	0x2BA7      	INCF        FARG__doprntf_pb+1, 1, 1
0x2A7C	0x4BC6      	INFSNZ      _doprntf_ccnt_L0, 1, 1
0x2A7E	0x2BC7      	INCF        _doprntf_ccnt_L0+1, 1, 1
L__doprntf139:
;__Lib_Sprintf.c,495 :: 		
0x2A80	0x0E0A      	MOVLW       10
0x2A82	0x6E04      	MOVWF       R4 
0x2A84	0x0E00      	MOVLW       0
0x2A86	0x6E05      	MOVWF       R5 
0x2A88	0xF000C0C0  	MOVFF       _doprntf_exp_L0, R0
0x2A8C	0xF001C0C1  	MOVFF       _doprntf_exp_L0+1, R1
0x2A90	0xF00CECB4  	CALL        _Div_16x16_S, 0
0x2A94	0x0E30      	MOVLW       48
0x2A96	0x2600      	ADDWF       R0, 1 
0x2A98	0xFFE1C0A6  	MOVFF       FARG__doprntf_pb, FSR1L
0x2A9C	0xFFE2C0A7  	MOVFF       FARG__doprntf_pb+1, FSR1H
0x2AA0	0xFFE6C000  	MOVFF       R0, POSTINC1
0x2AA4	0x0100      	MOVLB       0
0x2AA6	0x4BA6      	INFSNZ      FARG__doprntf_pb, 1, 1
0x2AA8	0x2BA7      	INCF        FARG__doprntf_pb+1, 1, 1
0x2AAA	0x4BC6      	INFSNZ      _doprntf_ccnt_L0, 1, 1
0x2AAC	0x2BC7      	INCF        _doprntf_ccnt_L0+1, 1, 1
;__Lib_Sprintf.c,496 :: 		
0x2AAE	0x0E0A      	MOVLW       10
0x2AB0	0x6E04      	MOVWF       R4 
0x2AB2	0x0E00      	MOVLW       0
0x2AB4	0x6E05      	MOVWF       R5 
0x2AB6	0xF000C0C0  	MOVFF       _doprntf_exp_L0, R0
0x2ABA	0xF001C0C1  	MOVFF       _doprntf_exp_L0+1, R1
0x2ABE	0xF00CECB4  	CALL        _Div_16x16_S, 0
0x2AC2	0xF000C008  	MOVFF       R8, R0
0x2AC6	0xF001C009  	MOVFF       R9, R1
0x2ACA	0x0E30      	MOVLW       48
0x2ACC	0x2600      	ADDWF       R0, 1 
0x2ACE	0xFFE1C0A6  	MOVFF       FARG__doprntf_pb, FSR1L
0x2AD2	0xFFE2C0A7  	MOVFF       FARG__doprntf_pb+1, FSR1H
0x2AD6	0xFFE6C000  	MOVFF       R0, POSTINC1
0x2ADA	0x0100      	MOVLB       0
0x2ADC	0x4BA6      	INFSNZ      FARG__doprntf_pb, 1, 1
0x2ADE	0x2BA7      	INCF        FARG__doprntf_pb+1, 1, 1
0x2AE0	0x4BC6      	INFSNZ      _doprntf_ccnt_L0, 1, 1
0x2AE2	0x2BC7      	INCF        _doprntf_ccnt_L0+1, 1, 1
;__Lib_Sprintf.c,497 :: 		
0x2AE4	0xA7BA      	BTFSS       _doprntf_flag_L0, 3, 1
0x2AE6	0xD01A      	BRA         L__doprntf142
0x2AE8	0x0E80      	MOVLW       128
0x2AEA	0x6E00      	MOVWF       R0 
0x2AEC	0x0E80      	MOVLW       128
0x2AEE	0x19B9      	XORWF       _doprntf_width_L0+1, 0, 1
0x2AF0	0x5C00      	SUBWF       R0, 0 
0x2AF2	0xE102      	BNZ         L___doprntf336
0x2AF4	0x51B8      	MOVF        _doprntf_width_L0, 0, 1
0x2AF6	0x0800      	SUBLW       0
L___doprntf336:
0x2AF8	0xE211      	BC          L__doprntf142
L___doprntf307:
;__Lib_Sprintf.c,498 :: 		
L__doprntf143:
;__Lib_Sprintf.c,499 :: 		
0x2AFA	0xFFE1C0A6  	MOVFF       FARG__doprntf_pb, FSR1L
0x2AFE	0xFFE2C0A7  	MOVFF       FARG__doprntf_pb+1, FSR1H
0x2B02	0x0E20      	MOVLW       32
0x2B04	0x6EE6      	MOVWF       POSTINC1 
0x2B06	0x4BA6      	INFSNZ      FARG__doprntf_pb, 1, 1
0x2B08	0x2BA7      	INCF        FARG__doprntf_pb+1, 1, 1
0x2B0A	0x4BC6      	INFSNZ      _doprntf_ccnt_L0, 1, 1
0x2B0C	0x2BC7      	INCF        _doprntf_ccnt_L0+1, 1, 1
;__Lib_Sprintf.c,500 :: 		
0x2B0E	0x0E01      	MOVLW       1
0x2B10	0x5FB8      	SUBWF       _doprntf_width_L0, 1, 1
0x2B12	0x0E00      	MOVLW       0
0x2B14	0x5BB9      	SUBWFB      _doprntf_width_L0+1, 1, 1
0x2B16	0x51B8      	MOVF        _doprntf_width_L0, 0, 1
0x2B18	0x11B9      	IORWF       _doprntf_width_L0+1, 0, 1
0x2B1A	0xE1EF      	BNZ         L__doprntf143
L__doprntf142:
;__Lib_Sprintf.c,501 :: 		
0x2B1C	0xF00DEFB2  	GOTO        L__doprntf10
;__Lib_Sprintf.c,502 :: 		
L__doprntf88:
;__Lib_Sprintf.c,505 :: 		
0x2B20	0xA3BB      	BTFSS       _doprntf_flag_L0+1, 1, 1
0x2B22	0xD0F3      	BRA         L__doprntf146
;__Lib_Sprintf.c,506 :: 		
0x2B24	0x0E80      	MOVLW       128
0x2B26	0x19C1      	XORWF       _doprntf_exp_L0+1, 0, 1
0x2B28	0x6E00      	MOVWF       R0 
0x2B2A	0x0E80      	MOVLW       128
0x2B2C	0x5C00      	SUBWF       R0, 0 
0x2B2E	0xE102      	BNZ         L___doprntf337
0x2B30	0x0E00      	MOVLW       0
0x2B32	0x5DC0      	SUBWF       _doprntf_exp_L0, 0, 1
L___doprntf337:
0x2B34	0xE20A      	BC          L__doprntf147
;__Lib_Sprintf.c,507 :: 		
0x2B36	0x0E01      	MOVLW       1
0x2B38	0x5DC0      	SUBWF       _doprntf_exp_L0, 0, 1
0x2B3A	0x6E00      	MOVWF       R0 
0x2B3C	0x0E00      	MOVLW       0
0x2B3E	0x59C1      	SUBWFB      _doprntf_exp_L0+1, 0, 1
0x2B40	0x6E01      	MOVWF       R1 
0x2B42	0x5000      	MOVF        R0, 0 
0x2B44	0x5FB5      	SUBWF       _doprntf_prec_L0, 1, 1
0x2B46	0x5001      	MOVF        R1, 0 
0x2B48	0x5BB6      	SUBWFB      _doprntf_prec_L0+1, 1, 1
L__doprntf147:
;__Lib_Sprintf.c,508 :: 		
0x2B4A	0xF000C0BC  	MOVFF       _doprntf_fval_L0, R0
0x2B4E	0xF001C0BD  	MOVFF       _doprntf_fval_L0+1, R1
0x2B52	0xF002C0BE  	MOVFF       _doprntf_fval_L0+2, R2
0x2B56	0xF003C0BF  	MOVFF       _doprntf_fval_L0+3, R3
0x2B5A	0xF00BEC5A  	CALL        _double2longword, 0
0x2B5E	0xF0C2C000  	MOVFF       R0, _doprntf__val_L0
0x2B62	0xF0C3C001  	MOVFF       R1, _doprntf__val_L0+1
0x2B66	0xF0C4C002  	MOVFF       R2, _doprntf__val_L0+2
0x2B6A	0xF0C5C003  	MOVFF       R3, _doprntf__val_L0+3
;__Lib_Sprintf.c,509 :: 		
0x2B6E	0x0E01      	MOVLW       1
0x2B70	0x6FB7      	MOVWF       _doprntf_c_L0, 1
L__doprntf148:
0x2B72	0x51B7      	MOVF        _doprntf_c_L0, 0, 1
0x2B74	0x0A0A      	XORLW       10
0x2B76	0xE034      	BZ          L__doprntf149
;__Lib_Sprintf.c,510 :: 		
0x2B78	0xF000C0B7  	MOVFF       _doprntf_c_L0, R0
0x2B7C	0x0E00      	MOVLW       0
0x2B7E	0x6E01      	MOVWF       R1 
0x2B80	0x6E02      	MOVWF       R2 
0x2B82	0x6E03      	MOVWF       R3 
0x2B84	0x3600      	RLCF        R0, 1 
0x2B86	0x9000      	BCF         R0, 0 
0x2B88	0x3601      	RLCF        R1, 1 
0x2B8A	0x3602      	RLCF        R2, 1 
0x2B8C	0x3603      	RLCF        R3, 1 
0x2B8E	0x3600      	RLCF        R0, 1 
0x2B90	0x9000      	BCF         R0, 0 
0x2B92	0x3601      	RLCF        R1, 1 
0x2B94	0x3602      	RLCF        R2, 1 
0x2B96	0x3603      	RLCF        R3, 1 
0x2B98	0x0E15      	MOVLW       __Lib_Sprintf_dpowers
0x2B9A	0x2400      	ADDWF       R0, 0 
0x2B9C	0x6EF6      	MOVWF       TBLPTR 
0x2B9E	0x0E46      	MOVLW       hi_addr(__Lib_Sprintf_dpowers)
0x2BA0	0x2001      	ADDWFC      R1, 0 
0x2BA2	0x6EF7      	MOVWF       TBLPTR+1 
0x2BA4	0x0E00      	MOVLW       higher_addr(__Lib_Sprintf_dpowers)
0x2BA6	0x2002      	ADDWFC      R2, 0 
0x2BA8	0x6EF8      	MOVWF       TBLPTR+2 
0x2BAA	0x0009      	TBLRD*+
0x2BAC	0xF001CFF5  	MOVFF       TABLAT, R1
0x2BB0	0x0009      	TBLRD*+
0x2BB2	0xF002CFF5  	MOVFF       TABLAT, R2
0x2BB6	0x0009      	TBLRD*+
0x2BB8	0xF003CFF5  	MOVFF       TABLAT, R3
0x2BBC	0x0009      	TBLRD*+
0x2BBE	0xF004CFF5  	MOVFF       TABLAT, R4
0x2BC2	0x5004      	MOVF        R4, 0 
0x2BC4	0x5DC5      	SUBWF       _doprntf__val_L0+3, 0, 1
0x2BC6	0xE108      	BNZ         L___doprntf338
0x2BC8	0x5003      	MOVF        R3, 0 
0x2BCA	0x5DC4      	SUBWF       _doprntf__val_L0+2, 0, 1
0x2BCC	0xE105      	BNZ         L___doprntf338
0x2BCE	0x5002      	MOVF        R2, 0 
0x2BD0	0x5DC3      	SUBWF       _doprntf__val_L0+1, 0, 1
0x2BD2	0xE102      	BNZ         L___doprntf338
0x2BD4	0x5001      	MOVF        R1, 0 
0x2BD6	0x5DC2      	SUBWF       _doprntf__val_L0, 0, 1
L___doprntf338:
0x2BD8	0xE201      	BC          L__doprntf151
;__Lib_Sprintf.c,511 :: 		
0x2BDA	0xD002      	BRA         L__doprntf149
L__doprntf151:
;__Lib_Sprintf.c,509 :: 		
0x2BDC	0x2BB7      	INCF        _doprntf_c_L0, 1, 1
;__Lib_Sprintf.c,511 :: 		
0x2BDE	0xD7C9      	BRA         L__doprntf148
L__doprntf149:
;__Lib_Sprintf.c,512 :: 		
0x2BE0	0x51B7      	MOVF        _doprntf_c_L0, 0, 1
0x2BE2	0x5DB5      	SUBWF       _doprntf_prec_L0, 0, 1
0x2BE4	0x6FCC      	MOVWF       FLOC___doprntf+4, 1
0x2BE6	0x0E00      	MOVLW       0
0x2BE8	0x59B6      	SUBWFB      _doprntf_prec_L0+1, 0, 1
0x2BEA	0x6FCD      	MOVWF       FLOC___doprntf+5, 1
0x2BEC	0xF0B5C0CC  	MOVFF       FLOC___doprntf+4, _doprntf_prec_L0
0x2BF0	0xF0B6C0CD  	MOVFF       FLOC___doprntf+5, _doprntf_prec_L0+1
;__Lib_Sprintf.c,513 :: 		
0x2BF4	0xF000C0C2  	MOVFF       _doprntf__val_L0, R0
0x2BF8	0xF001C0C3  	MOVFF       _doprntf__val_L0+1, R1
0x2BFC	0xF002C0C4  	MOVFF       _doprntf__val_L0+2, R2
0x2C00	0xF003C0C5  	MOVFF       _doprntf__val_L0+3, R3
0x2C04	0xF007EC78  	CALL        _longword2double, 0
0x2C08	0xF004C000  	MOVFF       R0, R4
0x2C0C	0xF005C001  	MOVFF       R1, R5
0x2C10	0xF006C002  	MOVFF       R2, R6
0x2C14	0xF007C003  	MOVFF       R3, R7
0x2C18	0xF000C0BC  	MOVFF       _doprntf_fval_L0, R0
0x2C1C	0xF001C0BD  	MOVFF       _doprntf_fval_L0+1, R1
0x2C20	0xF002C0BE  	MOVFF       _doprntf_fval_L0+2, R2
0x2C24	0xF003C0BF  	MOVFF       _doprntf_fval_L0+3, R3
0x2C28	0xF004EC72  	CALL        _Sub_32x32_FP, 0
0x2C2C	0xF0C8C000  	MOVFF       R0, FLOC___doprntf
0x2C30	0xF0C9C001  	MOVFF       R1, FLOC___doprntf+1
0x2C34	0xF0CAC002  	MOVFF       R2, FLOC___doprntf+2
0x2C38	0xF0CBC003  	MOVFF       R3, FLOC___doprntf+3
0x2C3C	0xF0CEC0CC  	MOVFF       FLOC___doprntf+4, FARG___Lib_Sprintf_scale_scl
0x2C40	0xF008EC65  	CALL        __Lib_Sprintf_scale, 0
0x2C44	0xF004C0C8  	MOVFF       FLOC___doprntf, R4
0x2C48	0xF005C0C9  	MOVFF       FLOC___doprntf+1, R5
0x2C4C	0xF006C0CA  	MOVFF       FLOC___doprntf+2, R6
0x2C50	0xF007C0CB  	MOVFF       FLOC___doprntf+3, R7
0x2C54	0xF001EC32  	CALL        _Mul_32x32_FP, 0
0x2C58	0x0E00      	MOVLW       0
0x2C5A	0x6E04      	MOVWF       R4 
0x2C5C	0x0E00      	MOVLW       0
0x2C5E	0x6E05      	MOVWF       R5 
0x2C60	0x0E00      	MOVLW       0
0x2C62	0x6E06      	MOVWF       R6 
0x2C64	0x0E7E      	MOVLW       126
0x2C66	0x6E07      	MOVWF       R7 
0x2C68	0xF001ECC6  	CALL        _Add_32x32_FP, 0
0x2C6C	0xF00BEC5A  	CALL        _double2longword, 0
0x2C70	0xF0C2C000  	MOVFF       R0, _doprntf__val_L0
0x2C74	0xF0C3C001  	MOVFF       R1, _doprntf__val_L0+1
0x2C78	0xF0C4C002  	MOVFF       R2, _doprntf__val_L0+2
0x2C7C	0xF0C5C003  	MOVFF       R3, _doprntf__val_L0+3
;__Lib_Sprintf.c,514 :: 		
L__doprntf152:
0x2C80	0x51B5      	MOVF        _doprntf_prec_L0, 0, 1
0x2C82	0x11B6      	IORWF       _doprntf_prec_L0+1, 0, 1
0x2C84	0xE042      	BZ          L__doprntf153
0x2C86	0x0E0A      	MOVLW       10
0x2C88	0x6E04      	MOVWF       R4 
0x2C8A	0x0E00      	MOVLW       0
0x2C8C	0x6E05      	MOVWF       R5 
0x2C8E	0x6E06      	MOVWF       R6 
0x2C90	0x6E07      	MOVWF       R7 
0x2C92	0xF000C0C2  	MOVFF       _doprntf__val_L0, R0
0x2C96	0xF001C0C3  	MOVFF       _doprntf__val_L0+1, R1
0x2C9A	0xF002C0C4  	MOVFF       _doprntf__val_L0+2, R2
0x2C9E	0xF003C0C5  	MOVFF       _doprntf__val_L0+3, R3
0x2CA2	0xF004EC75  	CALL        _Div_32x32_U, 0
0x2CA6	0xF000C008  	MOVFF       R8, R0
0x2CAA	0xF001C009  	MOVFF       R9, R1
0x2CAE	0xF002C00A  	MOVFF       R10, R2
0x2CB2	0xF003C00B  	MOVFF       R11, R3
0x2CB6	0x0E00      	MOVLW       0
0x2CB8	0x6E04      	MOVWF       R4 
0x2CBA	0x1803      	XORWF       R3, 0 
0x2CBC	0xE108      	BNZ         L___doprntf339
0x2CBE	0x5004      	MOVF        R4, 0 
0x2CC0	0x1802      	XORWF       R2, 0 
0x2CC2	0xE105      	BNZ         L___doprntf339
0x2CC4	0x5004      	MOVF        R4, 0 
0x2CC6	0x1801      	XORWF       R1, 0 
0x2CC8	0xE102      	BNZ         L___doprntf339
0x2CCA	0x5000      	MOVF        R0, 0 
0x2CCC	0x0A00      	XORLW       0
L___doprntf339:
0x2CCE	0xE11D      	BNZ         L__doprntf153
L___doprntf306:
;__Lib_Sprintf.c,515 :: 		
0x2CD0	0x0E0A      	MOVLW       10
0x2CD2	0x6E04      	MOVWF       R4 
0x2CD4	0x0E00      	MOVLW       0
0x2CD6	0x6E05      	MOVWF       R5 
0x2CD8	0x6E06      	MOVWF       R6 
0x2CDA	0x6E07      	MOVWF       R7 
0x2CDC	0xF000C0C2  	MOVFF       _doprntf__val_L0, R0
0x2CE0	0xF001C0C3  	MOVFF       _doprntf__val_L0+1, R1
0x2CE4	0xF002C0C4  	MOVFF       _doprntf__val_L0+2, R2
0x2CE8	0xF003C0C5  	MOVFF       _doprntf__val_L0+3, R3
0x2CEC	0xF004EC75  	CALL        _Div_32x32_U, 0
0x2CF0	0xF0C2C000  	MOVFF       R0, _doprntf__val_L0
0x2CF4	0xF0C3C001  	MOVFF       R1, _doprntf__val_L0+1
0x2CF8	0xF0C4C002  	MOVFF       R2, _doprntf__val_L0+2
0x2CFC	0xF0C5C003  	MOVFF       R3, _doprntf__val_L0+3
;__Lib_Sprintf.c,516 :: 		
0x2D00	0x0E01      	MOVLW       1
0x2D02	0x5FB5      	SUBWF       _doprntf_prec_L0, 1, 1
0x2D04	0x0E00      	MOVLW       0
0x2D06	0x5BB6      	SUBWFB      _doprntf_prec_L0+1, 1, 1
;__Lib_Sprintf.c,517 :: 		
0x2D08	0xD7BB      	BRA         L__doprntf152
L__doprntf153:
;__Lib_Sprintf.c,518 :: 		
L__doprntf146:
;__Lib_Sprintf.c,519 :: 		
0x2D0A	0x0E80      	MOVLW       128
0x2D0C	0x6E00      	MOVWF       R0 
0x2D0E	0x0E80      	MOVLW       128
0x2D10	0x19B6      	XORWF       _doprntf_prec_L0+1, 0, 1
0x2D12	0x5C00      	SUBWF       R0, 0 
0x2D14	0xE102      	BNZ         L___doprntf340
0x2D16	0x51B5      	MOVF        _doprntf_prec_L0, 0, 1
0x2D18	0x080C      	SUBLW       12
L___doprntf340:
0x2D1A	0xE316      	BNC         L__doprntf156
;__Lib_Sprintf.c,520 :: 		
0x2D1C	0xF0CEC0B5  	MOVFF       _doprntf_prec_L0, FARG___Lib_Sprintf_fround_prec
0x2D20	0xF005ECF7  	CALL        __Lib_Sprintf_fround, 0
0x2D24	0xF004C0BC  	MOVFF       _doprntf_fval_L0, R4
0x2D28	0xF005C0BD  	MOVFF       _doprntf_fval_L0+1, R5
0x2D2C	0xF006C0BE  	MOVFF       _doprntf_fval_L0+2, R6
0x2D30	0xF007C0BF  	MOVFF       _doprntf_fval_L0+3, R7
0x2D34	0xF001ECC6  	CALL        _Add_32x32_FP, 0
0x2D38	0xF0BCC000  	MOVFF       R0, _doprntf_fval_L0
0x2D3C	0xF0BDC001  	MOVFF       R1, _doprntf_fval_L0+1
0x2D40	0xF0BEC002  	MOVFF       R2, _doprntf_fval_L0+2
0x2D44	0xF0BFC003  	MOVFF       R3, _doprntf_fval_L0+3
L__doprntf156:
;__Lib_Sprintf.c,523 :: 		
0x2D48	0xF000C0BC  	MOVFF       _doprntf_fval_L0, R0
0x2D4C	0xF001C0BD  	MOVFF       _doprntf_fval_L0+1, R1
0x2D50	0xF002C0BE  	MOVFF       _doprntf_fval_L0+2, R2
0x2D54	0xF003C0BF  	MOVFF       _doprntf_fval_L0+3, R3
0x2D58	0x6A04      	CLRF        R4 
0x2D5A	0x6A05      	CLRF        R5 
0x2D5C	0x6A06      	CLRF        R6 
0x2D5E	0x6A07      	CLRF        R7 
0x2D60	0xF00BEC43  	CALL        _Equals_Double, 0
0x2D64	0x0E00      	MOVLW       0
0x2D66	0xA4D8      	BTFSS       STATUS, 2 
0x2D68	0x0E01      	MOVLW       1
0x2D6A	0x6E00      	MOVWF       R0 
0x2D6C	0x5200      	MOVF        R0, 1 
0x2D6E	0xB4D8      	BTFSC       STATUS, 2 
0x2D70	0xD077      	BRA         L__doprntf159
0x2D72	0xF000C0BC  	MOVFF       _doprntf_fval_L0, R0
0x2D76	0xF001C0BD  	MOVFF       _doprntf_fval_L0+1, R1
0x2D7A	0xF002C0BE  	MOVFF       _doprntf_fval_L0+2, R2
0x2D7E	0xF003C0BF  	MOVFF       _doprntf_fval_L0+3, R3
0x2D82	0xF00BEC5A  	CALL        _double2longword, 0
0x2D86	0x0E00      	MOVLW       0
0x2D88	0x6E04      	MOVWF       R4 
0x2D8A	0x1803      	XORWF       R3, 0 
0x2D8C	0xE108      	BNZ         L___doprntf341
0x2D8E	0x5004      	MOVF        R4, 0 
0x2D90	0x1802      	XORWF       R2, 0 
0x2D92	0xE105      	BNZ         L___doprntf341
0x2D94	0x5004      	MOVF        R4, 0 
0x2D96	0x1801      	XORWF       R1, 0 
0x2D98	0xE102      	BNZ         L___doprntf341
0x2D9A	0x5000      	MOVF        R0, 0 
0x2D9C	0x0A00      	XORLW       0
L___doprntf341:
0x2D9E	0xE160      	BNZ         L__doprntf159
0x2DA0	0x0E80      	MOVLW       128
0x2DA2	0x6E00      	MOVWF       R0 
0x2DA4	0x0E80      	MOVLW       128
0x2DA6	0x19C1      	XORWF       _doprntf_exp_L0+1, 0, 1
0x2DA8	0x5C00      	SUBWF       R0, 0 
0x2DAA	0xE102      	BNZ         L___doprntf342
0x2DAC	0x51C0      	MOVF        _doprntf_exp_L0, 0, 1
0x2DAE	0x0801      	SUBLW       1
L___doprntf342:
0x2DB0	0xE257      	BC          L__doprntf159
L___doprntf305:
;__Lib_Sprintf.c,526 :: 		
0x2DB2	0xF0CEC0C0  	MOVFF       _doprntf_exp_L0, FARG___Lib_Sprintf_scale_scl
0x2DB6	0xF008EC65  	CALL        __Lib_Sprintf_scale, 0
0x2DBA	0xF004C000  	MOVFF       R0, R4
0x2DBE	0xF005C001  	MOVFF       R1, R5
0x2DC2	0xF006C002  	MOVFF       R2, R6
0x2DC6	0xF007C003  	MOVFF       R3, R7
0x2DCA	0xF000C0BC  	MOVFF       _doprntf_fval_L0, R0
0x2DCE	0xF001C0BD  	MOVFF       _doprntf_fval_L0+1, R1
0x2DD2	0xF002C0BE  	MOVFF       _doprntf_fval_L0+2, R2
0x2DD6	0xF003C0BF  	MOVFF       _doprntf_fval_L0+3, R3
0x2DDA	0xF00BECF6  	CALL        _Div_32x32_FP, 0
0x2DDE	0x0E5F      	MOVLW       95
0x2DE0	0x6E04      	MOVWF       R4 
0x2DE2	0x0E70      	MOVLW       112
0x2DE4	0x6E05      	MOVWF       R5 
0x2DE6	0x0E09      	MOVLW       9
0x2DE8	0x6E06      	MOVWF       R6 
0x2DEA	0x0E81      	MOVLW       129
0x2DEC	0x6E07      	MOVWF       R7 
0x2DEE	0xF00DEC18  	CALL        _Compare_Double, 0
0x2DF2	0x0E01      	MOVLW       1
0x2DF4	0xB0D8      	BTFSC       STATUS, 0 
0x2DF6	0x0E00      	MOVLW       0
0x2DF8	0x6E00      	MOVWF       R0 
0x2DFA	0x5200      	MOVF        R0, 1 
0x2DFC	0xE006      	BZ          L__doprntf160
;__Lib_Sprintf.c,527 :: 		
0x2DFE	0x0E09      	MOVLW       9
0x2E00	0x0100      	MOVLB       0
0x2E02	0x5FC0      	SUBWF       _doprntf_exp_L0, 1, 1
0x2E04	0x0E00      	MOVLW       0
0x2E06	0x5BC1      	SUBWFB      _doprntf_exp_L0+1, 1, 1
0x2E08	0xD005      	BRA         L__doprntf161
L__doprntf160:
0x2E0A	0x0100      	MOVLB       0
;__Lib_Sprintf.c,529 :: 		
0x2E0C	0x0E08      	MOVLW       8
0x2E0E	0x5FC0      	SUBWF       _doprntf_exp_L0, 1, 1
0x2E10	0x0E00      	MOVLW       0
0x2E12	0x5BC1      	SUBWFB      _doprntf_exp_L0+1, 1, 1
L__doprntf161:
;__Lib_Sprintf.c,530 :: 		
0x2E14	0xF0CEC0C0  	MOVFF       _doprntf_exp_L0, FARG___Lib_Sprintf_scale_scl
0x2E18	0xF008EC65  	CALL        __Lib_Sprintf_scale, 0
0x2E1C	0xF004C000  	MOVFF       R0, R4
0x2E20	0xF005C001  	MOVFF       R1, R5
0x2E24	0xF006C002  	MOVFF       R2, R6
0x2E28	0xF007C003  	MOVFF       R3, R7
0x2E2C	0xF000C0BC  	MOVFF       _doprntf_fval_L0, R0
0x2E30	0xF001C0BD  	MOVFF       _doprntf_fval_L0+1, R1
0x2E34	0xF002C0BE  	MOVFF       _doprntf_fval_L0+2, R2
0x2E38	0xF003C0BF  	MOVFF       _doprntf_fval_L0+3, R3
0x2E3C	0xF00BECF6  	CALL        _Div_32x32_FP, 0
0x2E40	0xF00BEC5A  	CALL        _double2longword, 0
0x2E44	0xF0C2C000  	MOVFF       R0, _doprntf__val_L0
0x2E48	0xF0C3C001  	MOVFF       R1, _doprntf__val_L0+1
0x2E4C	0xF0C4C002  	MOVFF       R2, _doprntf__val_L0+2
0x2E50	0xF0C5C003  	MOVFF       R3, _doprntf__val_L0+3
;__Lib_Sprintf.c,531 :: 		
0x2E54	0x0100      	MOVLB       0
0x2E56	0x6BBC      	CLRF        _doprntf_fval_L0, 1
0x2E58	0x6BBD      	CLRF        _doprntf_fval_L0+1, 1
0x2E5A	0x6BBE      	CLRF        _doprntf_fval_L0+2, 1
0x2E5C	0x6BBF      	CLRF        _doprntf_fval_L0+3, 1
;__Lib_Sprintf.c,532 :: 		
0x2E5E	0xD038      	BRA         L__doprntf162
L__doprntf159:
;__Lib_Sprintf.c,534 :: 		
0x2E60	0xF000C0BC  	MOVFF       _doprntf_fval_L0, R0
0x2E64	0xF001C0BD  	MOVFF       _doprntf_fval_L0+1, R1
0x2E68	0xF002C0BE  	MOVFF       _doprntf_fval_L0+2, R2
0x2E6C	0xF003C0BF  	MOVFF       _doprntf_fval_L0+3, R3
0x2E70	0xF00BEC5A  	CALL        _double2longword, 0
0x2E74	0xF0C2C000  	MOVFF       R0, _doprntf__val_L0
0x2E78	0xF0C3C001  	MOVFF       R1, _doprntf__val_L0+1
0x2E7C	0xF0C4C002  	MOVFF       R2, _doprntf__val_L0+2
0x2E80	0xF0C5C003  	MOVFF       R3, _doprntf__val_L0+3
;__Lib_Sprintf.c,535 :: 		
0x2E84	0xF000C0C2  	MOVFF       _doprntf__val_L0, R0
0x2E88	0xF001C0C3  	MOVFF       _doprntf__val_L0+1, R1
0x2E8C	0xF002C0C4  	MOVFF       _doprntf__val_L0+2, R2
0x2E90	0xF003C0C5  	MOVFF       _doprntf__val_L0+3, R3
0x2E94	0xF007EC78  	CALL        _longword2double, 0
0x2E98	0xF004C000  	MOVFF       R0, R4
0x2E9C	0xF005C001  	MOVFF       R1, R5
0x2EA0	0xF006C002  	MOVFF       R2, R6
0x2EA4	0xF007C003  	MOVFF       R3, R7
0x2EA8	0xF000C0BC  	MOVFF       _doprntf_fval_L0, R0
0x2EAC	0xF001C0BD  	MOVFF       _doprntf_fval_L0+1, R1
0x2EB0	0xF002C0BE  	MOVFF       _doprntf_fval_L0+2, R2
0x2EB4	0xF003C0BF  	MOVFF       _doprntf_fval_L0+3, R3
0x2EB8	0xF004EC72  	CALL        _Sub_32x32_FP, 0
0x2EBC	0xF0BCC000  	MOVFF       R0, _doprntf_fval_L0
0x2EC0	0xF0BDC001  	MOVFF       R1, _doprntf_fval_L0+1
0x2EC4	0xF0BEC002  	MOVFF       R2, _doprntf_fval_L0+2
0x2EC8	0xF0BFC003  	MOVFF       R3, _doprntf_fval_L0+3
;__Lib_Sprintf.c,536 :: 		
0x2ECC	0x6BC0      	CLRF        _doprntf_exp_L0, 1
0x2ECE	0x6BC1      	CLRF        _doprntf_exp_L0+1, 1
;__Lib_Sprintf.c,537 :: 		
L__doprntf162:
;__Lib_Sprintf.c,538 :: 		
0x2ED0	0x0E01      	MOVLW       1
0x2ED2	0x6FB7      	MOVWF       _doprntf_c_L0, 1
L__doprntf163:
0x2ED4	0x51B7      	MOVF        _doprntf_c_L0, 0, 1
0x2ED6	0x0A0A      	XORLW       10
0x2ED8	0xE034      	BZ          L__doprntf164
;__Lib_Sprintf.c,539 :: 		
0x2EDA	0xF000C0B7  	MOVFF       _doprntf_c_L0, R0
0x2EDE	0x0E00      	MOVLW       0
0x2EE0	0x6E01      	MOVWF       R1 
0x2EE2	0x6E02      	MOVWF       R2 
0x2EE4	0x6E03      	MOVWF       R3 
0x2EE6	0x3600      	RLCF        R0, 1 
0x2EE8	0x9000      	BCF         R0, 0 
0x2EEA	0x3601      	RLCF        R1, 1 
0x2EEC	0x3602      	RLCF        R2, 1 
0x2EEE	0x3603      	RLCF        R3, 1 
0x2EF0	0x3600      	RLCF        R0, 1 
0x2EF2	0x9000      	BCF         R0, 0 
0x2EF4	0x3601      	RLCF        R1, 1 
0x2EF6	0x3602      	RLCF        R2, 1 
0x2EF8	0x3603      	RLCF        R3, 1 
0x2EFA	0x0E15      	MOVLW       __Lib_Sprintf_dpowers
0x2EFC	0x2400      	ADDWF       R0, 0 
0x2EFE	0x6EF6      	MOVWF       TBLPTR 
0x2F00	0x0E46      	MOVLW       hi_addr(__Lib_Sprintf_dpowers)
0x2F02	0x2001      	ADDWFC      R1, 0 
0x2F04	0x6EF7      	MOVWF       TBLPTR+1 
0x2F06	0x0E00      	MOVLW       higher_addr(__Lib_Sprintf_dpowers)
0x2F08	0x2002      	ADDWFC      R2, 0 
0x2F0A	0x6EF8      	MOVWF       TBLPTR+2 
0x2F0C	0x0009      	TBLRD*+
0x2F0E	0xF001CFF5  	MOVFF       TABLAT, R1
0x2F12	0x0009      	TBLRD*+
0x2F14	0xF002CFF5  	MOVFF       TABLAT, R2
0x2F18	0x0009      	TBLRD*+
0x2F1A	0xF003CFF5  	MOVFF       TABLAT, R3
0x2F1E	0x0009      	TBLRD*+
0x2F20	0xF004CFF5  	MOVFF       TABLAT, R4
0x2F24	0x5004      	MOVF        R4, 0 
0x2F26	0x5DC5      	SUBWF       _doprntf__val_L0+3, 0, 1
0x2F28	0xE108      	BNZ         L___doprntf343
0x2F2A	0x5003      	MOVF        R3, 0 
0x2F2C	0x5DC4      	SUBWF       _doprntf__val_L0+2, 0, 1
0x2F2E	0xE105      	BNZ         L___doprntf343
0x2F30	0x5002      	MOVF        R2, 0 
0x2F32	0x5DC3      	SUBWF       _doprntf__val_L0+1, 0, 1
0x2F34	0xE102      	BNZ         L___doprntf343
0x2F36	0x5001      	MOVF        R1, 0 
0x2F38	0x5DC2      	SUBWF       _doprntf__val_L0, 0, 1
L___doprntf343:
0x2F3A	0xE201      	BC          L__doprntf166
;__Lib_Sprintf.c,540 :: 		
0x2F3C	0xD002      	BRA         L__doprntf164
L__doprntf166:
;__Lib_Sprintf.c,538 :: 		
0x2F3E	0x2BB7      	INCF        _doprntf_c_L0, 1, 1
;__Lib_Sprintf.c,540 :: 		
0x2F40	0xD7C9      	BRA         L__doprntf163
L__doprntf164:
;__Lib_Sprintf.c,541 :: 		
0x2F42	0x51B7      	MOVF        _doprntf_c_L0, 0, 1
0x2F44	0x25B5      	ADDWF       _doprntf_prec_L0, 0, 1
0x2F46	0x6E00      	MOVWF       R0 
0x2F48	0x0E00      	MOVLW       0
0x2F4A	0x21B6      	ADDWFC      _doprntf_prec_L0+1, 0, 1
0x2F4C	0x6E01      	MOVWF       R1 
0x2F4E	0x51C0      	MOVF        _doprntf_exp_L0, 0, 1
0x2F50	0x2600      	ADDWF       R0, 1 
0x2F52	0x51C1      	MOVF        _doprntf_exp_L0+1, 0, 1
0x2F54	0x2201      	ADDWFC      R1, 1 
0x2F56	0x5000      	MOVF        R0, 0 
0x2F58	0x5FB8      	SUBWF       _doprntf_width_L0, 1, 1
0x2F5A	0x5001      	MOVF        R1, 0 
0x2F5C	0x5BB9      	SUBWFB      _doprntf_width_L0+1, 1, 1
;__Lib_Sprintf.c,542 :: 		
0x2F5E	0xB7BB      	BTFSC       _doprntf_flag_L0+1, 3, 1
0x2F60	0xD004      	BRA         L___doprntf304
0x2F62	0x51B5      	MOVF        _doprntf_prec_L0, 0, 1
0x2F64	0x11B6      	IORWF       _doprntf_prec_L0+1, 0, 1
0x2F66	0xE101      	BNZ         L___doprntf304
0x2F68	0xD004      	BRA         L__doprntf169
L___doprntf304:
;__Lib_Sprintf.c,543 :: 		
0x2F6A	0x0E01      	MOVLW       1
0x2F6C	0x5FB8      	SUBWF       _doprntf_width_L0, 1, 1
0x2F6E	0x0E00      	MOVLW       0
0x2F70	0x5BB9      	SUBWFB      _doprntf_width_L0+1, 1, 1
L__doprntf169:
;__Lib_Sprintf.c,544 :: 		
0x2F72	0x0E03      	MOVLW       3
0x2F74	0x15BA      	ANDWF       _doprntf_flag_L0, 0, 1
0x2F76	0x6E00      	MOVWF       R0 
0x2F78	0xF001C0BB  	MOVFF       _doprntf_flag_L0+1, R1
0x2F7C	0x0E00      	MOVLW       0
0x2F7E	0x1601      	ANDWF       R1, 1 
0x2F80	0x5000      	MOVF        R0, 0 
0x2F82	0x1001      	IORWF       R1, 0 
0x2F84	0xE004      	BZ          L__doprntf170
;__Lib_Sprintf.c,545 :: 		
0x2F86	0x0E01      	MOVLW       1
0x2F88	0x5FB8      	SUBWF       _doprntf_width_L0, 1, 1
0x2F8A	0x0E00      	MOVLW       0
0x2F8C	0x5BB9      	SUBWFB      _doprntf_width_L0+1, 1, 1
L__doprntf170:
;__Lib_Sprintf.c,546 :: 		
0x2F8E	0xA5BA      	BTFSS       _doprntf_flag_L0, 2, 1
0x2F90	0xD039      	BRA         L__doprntf171
;__Lib_Sprintf.c,547 :: 		
0x2F92	0xA3BA      	BTFSS       _doprntf_flag_L0, 1, 1
0x2F94	0xD012      	BRA         L__doprntf172
;__Lib_Sprintf.c,548 :: 		
0x2F96	0xA1BA      	BTFSS       _doprntf_flag_L0, 0, 1
0x2F98	0xD003      	BRA         L__doprntf173
0x2F9A	0x0E2D      	MOVLW       45
0x2F9C	0x6FAF      	MOVWF       ?FLOC____doprntfT514, 1
0x2F9E	0xD002      	BRA         L__doprntf174
L__doprntf173:
0x2FA0	0x0E2B      	MOVLW       43
0x2FA2	0x6FAF      	MOVWF       ?FLOC____doprntfT514, 1
L__doprntf174:
0x2FA4	0xFFE1C0A6  	MOVFF       FARG__doprntf_pb, FSR1L
0x2FA8	0xFFE2C0A7  	MOVFF       FARG__doprntf_pb+1, FSR1H
0x2FAC	0xFFE6C0AF  	MOVFF       ?FLOC____doprntfT514, POSTINC1
0x2FB0	0x4BA6      	INFSNZ      FARG__doprntf_pb, 1, 1
0x2FB2	0x2BA7      	INCF        FARG__doprntf_pb+1, 1, 1
0x2FB4	0x4BC6      	INFSNZ      _doprntf_ccnt_L0, 1, 1
0x2FB6	0x2BC7      	INCF        _doprntf_ccnt_L0+1, 1, 1
0x2FB8	0xD00C      	BRA         L__doprntf175
L__doprntf172:
;__Lib_Sprintf.c,550 :: 		
0x2FBA	0xA1BA      	BTFSS       _doprntf_flag_L0, 0, 1
0x2FBC	0xD00A      	BRA         L__doprntf176
;__Lib_Sprintf.c,551 :: 		
0x2FBE	0xFFE1C0A6  	MOVFF       FARG__doprntf_pb, FSR1L
0x2FC2	0xFFE2C0A7  	MOVFF       FARG__doprntf_pb+1, FSR1H
0x2FC6	0x0E20      	MOVLW       32
0x2FC8	0x6EE6      	MOVWF       POSTINC1 
0x2FCA	0x4BA6      	INFSNZ      FARG__doprntf_pb, 1, 1
0x2FCC	0x2BA7      	INCF        FARG__doprntf_pb+1, 1, 1
0x2FCE	0x4BC6      	INFSNZ      _doprntf_ccnt_L0, 1, 1
0x2FD0	0x2BC7      	INCF        _doprntf_ccnt_L0+1, 1, 1
L__doprntf176:
L__doprntf175:
;__Lib_Sprintf.c,552 :: 		
L__doprntf177:
0x2FD2	0x0E80      	MOVLW       128
0x2FD4	0x6E00      	MOVWF       R0 
0x2FD6	0x0E80      	MOVLW       128
0x2FD8	0x19B9      	XORWF       _doprntf_width_L0+1, 0, 1
0x2FDA	0x5C00      	SUBWF       R0, 0 
0x2FDC	0xE102      	BNZ         L___doprntf344
0x2FDE	0x51B8      	MOVF        _doprntf_width_L0, 0, 1
0x2FE0	0x0800      	SUBLW       0
L___doprntf344:
0x2FE2	0xE20F      	BC          L__doprntf178
;__Lib_Sprintf.c,553 :: 		
0x2FE4	0xFFE1C0A6  	MOVFF       FARG__doprntf_pb, FSR1L
0x2FE8	0xFFE2C0A7  	MOVFF       FARG__doprntf_pb+1, FSR1H
0x2FEC	0x0E30      	MOVLW       48
0x2FEE	0x6EE6      	MOVWF       POSTINC1 
0x2FF0	0x4BA6      	INFSNZ      FARG__doprntf_pb, 1, 1
0x2FF2	0x2BA7      	INCF        FARG__doprntf_pb+1, 1, 1
0x2FF4	0x4BC6      	INFSNZ      _doprntf_ccnt_L0, 1, 1
0x2FF6	0x2BC7      	INCF        _doprntf_ccnt_L0+1, 1, 1
;__Lib_Sprintf.c,554 :: 		
0x2FF8	0x0E01      	MOVLW       1
0x2FFA	0x5FB8      	SUBWF       _doprntf_width_L0, 1, 1
0x2FFC	0x0E00      	MOVLW       0
0x2FFE	0x5BB9      	SUBWFB      _doprntf_width_L0+1, 1, 1
;__Lib_Sprintf.c,555 :: 		
0x3000	0xD7E8      	BRA         L__doprntf177
L__doprntf178:
;__Lib_Sprintf.c,556 :: 		
0x3002	0xD03A      	BRA         L__doprntf179
L__doprntf171:
;__Lib_Sprintf.c,558 :: 		
0x3004	0xB7BA      	BTFSC       _doprntf_flag_L0, 3, 1
0x3006	0xD018      	BRA         L__doprntf180
;__Lib_Sprintf.c,559 :: 		
L__doprntf181:
0x3008	0x0E80      	MOVLW       128
0x300A	0x6E00      	MOVWF       R0 
0x300C	0x0E80      	MOVLW       128
0x300E	0x19B9      	XORWF       _doprntf_width_L0+1, 0, 1
0x3010	0x5C00      	SUBWF       R0, 0 
0x3012	0xE102      	BNZ         L___doprntf345
0x3014	0x51B8      	MOVF        _doprntf_width_L0, 0, 1
0x3016	0x0800      	SUBLW       0
L___doprntf345:
0x3018	0xE20F      	BC          L__doprntf182
;__Lib_Sprintf.c,560 :: 		
0x301A	0xFFE1C0A6  	MOVFF       FARG__doprntf_pb, FSR1L
0x301E	0xFFE2C0A7  	MOVFF       FARG__doprntf_pb+1, FSR1H
0x3022	0x0E20      	MOVLW       32
0x3024	0x6EE6      	MOVWF       POSTINC1 
0x3026	0x4BA6      	INFSNZ      FARG__doprntf_pb, 1, 1
0x3028	0x2BA7      	INCF        FARG__doprntf_pb+1, 1, 1
0x302A	0x4BC6      	INFSNZ      _doprntf_ccnt_L0, 1, 1
0x302C	0x2BC7      	INCF        _doprntf_ccnt_L0+1, 1, 1
;__Lib_Sprintf.c,561 :: 		
0x302E	0x0E01      	MOVLW       1
0x3030	0x5FB8      	SUBWF       _doprntf_width_L0, 1, 1
0x3032	0x0E00      	MOVLW       0
0x3034	0x5BB9      	SUBWFB      _doprntf_width_L0+1, 1, 1
;__Lib_Sprintf.c,562 :: 		
0x3036	0xD7E8      	BRA         L__doprntf181
L__doprntf182:
L__doprntf180:
;__Lib_Sprintf.c,563 :: 		
0x3038	0xA3BA      	BTFSS       _doprntf_flag_L0, 1, 1
0x303A	0xD012      	BRA         L__doprntf183
;__Lib_Sprintf.c,564 :: 		
0x303C	0xA1BA      	BTFSS       _doprntf_flag_L0, 0, 1
0x303E	0xD003      	BRA         L__doprntf184
0x3040	0x0E2D      	MOVLW       45
0x3042	0x6FB0      	MOVWF       ?FLOC____doprntfT532, 1
0x3044	0xD002      	BRA         L__doprntf185
L__doprntf184:
0x3046	0x0E2B      	MOVLW       43
0x3048	0x6FB0      	MOVWF       ?FLOC____doprntfT532, 1
L__doprntf185:
0x304A	0xFFE1C0A6  	MOVFF       FARG__doprntf_pb, FSR1L
0x304E	0xFFE2C0A7  	MOVFF       FARG__doprntf_pb+1, FSR1H
0x3052	0xFFE6C0B0  	MOVFF       ?FLOC____doprntfT532, POSTINC1
0x3056	0x4BA6      	INFSNZ      FARG__doprntf_pb, 1, 1
0x3058	0x2BA7      	INCF        FARG__doprntf_pb+1, 1, 1
0x305A	0x4BC6      	INFSNZ      _doprntf_ccnt_L0, 1, 1
0x305C	0x2BC7      	INCF        _doprntf_ccnt_L0+1, 1, 1
0x305E	0xD00C      	BRA         L__doprntf186
L__doprntf183:
;__Lib_Sprintf.c,566 :: 		
0x3060	0xA1BA      	BTFSS       _doprntf_flag_L0, 0, 1
0x3062	0xD00A      	BRA         L__doprntf187
;__Lib_Sprintf.c,567 :: 		
0x3064	0xFFE1C0A6  	MOVFF       FARG__doprntf_pb, FSR1L
0x3068	0xFFE2C0A7  	MOVFF       FARG__doprntf_pb+1, FSR1H
0x306C	0x0E20      	MOVLW       32
0x306E	0x6EE6      	MOVWF       POSTINC1 
0x3070	0x4BA6      	INFSNZ      FARG__doprntf_pb, 1, 1
0x3072	0x2BA7      	INCF        FARG__doprntf_pb+1, 1, 1
0x3074	0x4BC6      	INFSNZ      _doprntf_ccnt_L0, 1, 1
0x3076	0x2BC7      	INCF        _doprntf_ccnt_L0+1, 1, 1
L__doprntf187:
L__doprntf186:
;__Lib_Sprintf.c,568 :: 		
L__doprntf179:
;__Lib_Sprintf.c,569 :: 		
L__doprntf188:
0x3078	0xF000C0B7  	MOVFF       _doprntf_c_L0, R0
0x307C	0x07B7      	DECF        _doprntf_c_L0, 1, 1
0x307E	0x5200      	MOVF        R0, 1 
0x3080	0xE04C      	BZ          L__doprntf189
;__Lib_Sprintf.c,570 :: 		
0x3082	0xF000C0B7  	MOVFF       _doprntf_c_L0, R0
0x3086	0x0E00      	MOVLW       0
0x3088	0x6E01      	MOVWF       R1 
0x308A	0x6E02      	MOVWF       R2 
0x308C	0x6E03      	MOVWF       R3 
0x308E	0x3600      	RLCF        R0, 1 
0x3090	0x9000      	BCF         R0, 0 
0x3092	0x3601      	RLCF        R1, 1 
0x3094	0x3602      	RLCF        R2, 1 
0x3096	0x3603      	RLCF        R3, 1 
0x3098	0x3600      	RLCF        R0, 1 
0x309A	0x9000      	BCF         R0, 0 
0x309C	0x3601      	RLCF        R1, 1 
0x309E	0x3602      	RLCF        R2, 1 
0x30A0	0x3603      	RLCF        R3, 1 
0x30A2	0x0E15      	MOVLW       __Lib_Sprintf_dpowers
0x30A4	0x2400      	ADDWF       R0, 0 
0x30A6	0x6EF6      	MOVWF       TBLPTR 
0x30A8	0x0E46      	MOVLW       hi_addr(__Lib_Sprintf_dpowers)
0x30AA	0x2001      	ADDWFC      R1, 0 
0x30AC	0x6EF7      	MOVWF       TBLPTR+1 
0x30AE	0x0E00      	MOVLW       higher_addr(__Lib_Sprintf_dpowers)
0x30B0	0x2002      	ADDWFC      R2, 0 
0x30B2	0x6EF8      	MOVWF       TBLPTR+2 
0x30B4	0x0009      	TBLRD*+
0x30B6	0xF004CFF5  	MOVFF       TABLAT, R4
0x30BA	0x0009      	TBLRD*+
0x30BC	0xF005CFF5  	MOVFF       TABLAT, R5
0x30C0	0x0009      	TBLRD*+
0x30C2	0xF006CFF5  	MOVFF       TABLAT, R6
0x30C6	0x0009      	TBLRD*+
0x30C8	0xF007CFF5  	MOVFF       TABLAT, R7
0x30CC	0xF000C0C2  	MOVFF       _doprntf__val_L0, R0
0x30D0	0xF001C0C3  	MOVFF       _doprntf__val_L0+1, R1
0x30D4	0xF002C0C4  	MOVFF       _doprntf__val_L0+2, R2
0x30D8	0xF003C0C5  	MOVFF       _doprntf__val_L0+3, R3
0x30DC	0xF004EC75  	CALL        _Div_32x32_U, 0
0x30E0	0x0E0A      	MOVLW       10
0x30E2	0x6E04      	MOVWF       R4 
0x30E4	0x0E00      	MOVLW       0
0x30E6	0x6E05      	MOVWF       R5 
0x30E8	0x6E06      	MOVWF       R6 
0x30EA	0x6E07      	MOVWF       R7 
0x30EC	0xF004EC75  	CALL        _Div_32x32_U, 0
0x30F0	0xF000C008  	MOVFF       R8, R0
0x30F4	0xF001C009  	MOVFF       R9, R1
0x30F8	0xF002C00A  	MOVFF       R10, R2
0x30FC	0xF003C00B  	MOVFF       R11, R3
0x3100	0x0E30      	MOVLW       48
0x3102	0x2600      	ADDWF       R0, 1 
0x3104	0xFFE1C0A6  	MOVFF       FARG__doprntf_pb, FSR1L
0x3108	0xFFE2C0A7  	MOVFF       FARG__doprntf_pb+1, FSR1H
0x310C	0xFFE6C000  	MOVFF       R0, POSTINC1
0x3110	0x4BA6      	INFSNZ      FARG__doprntf_pb, 1, 1
0x3112	0x2BA7      	INCF        FARG__doprntf_pb+1, 1, 1
0x3114	0x4BC6      	INFSNZ      _doprntf_ccnt_L0, 1, 1
0x3116	0x2BC7      	INCF        _doprntf_ccnt_L0+1, 1, 1
0x3118	0xD7AF      	BRA         L__doprntf188
L__doprntf189:
;__Lib_Sprintf.c,571 :: 		
L__doprntf190:
0x311A	0x0E80      	MOVLW       128
0x311C	0x6E00      	MOVWF       R0 
0x311E	0x0E80      	MOVLW       128
0x3120	0x19C1      	XORWF       _doprntf_exp_L0+1, 0, 1
0x3122	0x5C00      	SUBWF       R0, 0 
0x3124	0xE102      	BNZ         L___doprntf346
0x3126	0x51C0      	MOVF        _doprntf_exp_L0, 0, 1
0x3128	0x0800      	SUBLW       0
L___doprntf346:
0x312A	0xE20F      	BC          L__doprntf191
;__Lib_Sprintf.c,572 :: 		
0x312C	0xFFE1C0A6  	MOVFF       FARG__doprntf_pb, FSR1L
0x3130	0xFFE2C0A7  	MOVFF       FARG__doprntf_pb+1, FSR1H
0x3134	0x0E30      	MOVLW       48
0x3136	0x6EE6      	MOVWF       POSTINC1 
0x3138	0x4BA6      	INFSNZ      FARG__doprntf_pb, 1, 1
0x313A	0x2BA7      	INCF        FARG__doprntf_pb+1, 1, 1
0x313C	0x4BC6      	INFSNZ      _doprntf_ccnt_L0, 1, 1
0x313E	0x2BC7      	INCF        _doprntf_ccnt_L0+1, 1, 1
;__Lib_Sprintf.c,573 :: 		
0x3140	0x0E01      	MOVLW       1
0x3142	0x5FC0      	SUBWF       _doprntf_exp_L0, 1, 1
0x3144	0x0E00      	MOVLW       0
0x3146	0x5BC1      	SUBWFB      _doprntf_exp_L0+1, 1, 1
;__Lib_Sprintf.c,574 :: 		
0x3148	0xD7E8      	BRA         L__doprntf190
L__doprntf191:
;__Lib_Sprintf.c,575 :: 		
0x314A	0x0E80      	MOVLW       128
0x314C	0x0A00      	XORLW       0
0x314E	0x6E00      	MOVWF       R0 
0x3150	0x0E80      	MOVLW       128
0x3152	0x19B6      	XORWF       _doprntf_prec_L0+1, 0, 1
0x3154	0x5C00      	SUBWF       R0, 0 
0x3156	0xE102      	BNZ         L___doprntf347
0x3158	0x51B5      	MOVF        _doprntf_prec_L0, 0, 1
0x315A	0x0808      	SUBLW       8
L___doprntf347:
0x315C	0xE203      	BC          L__doprntf192
;__Lib_Sprintf.c,576 :: 		
0x315E	0x0E08      	MOVLW       8
0x3160	0x6FB7      	MOVWF       _doprntf_c_L0, 1
0x3162	0xD002      	BRA         L__doprntf193
L__doprntf192:
;__Lib_Sprintf.c,578 :: 		
0x3164	0xF0B7C0B5  	MOVFF       _doprntf_prec_L0, _doprntf_c_L0
L__doprntf193:
;__Lib_Sprintf.c,579 :: 		
0x3168	0x51B7      	MOVF        _doprntf_c_L0, 0, 1
0x316A	0x5FB5      	SUBWF       _doprntf_prec_L0, 1, 1
0x316C	0x0E00      	MOVLW       0
0x316E	0x5BB6      	SUBWFB      _doprntf_prec_L0+1, 1, 1
;__Lib_Sprintf.c,580 :: 		
0x3170	0x53B7      	MOVF        _doprntf_c_L0, 1, 1
0x3172	0xE103      	BNZ         L___doprntf303
0x3174	0xB7BB      	BTFSC       _doprntf_flag_L0+1, 3, 1
0x3176	0xD001      	BRA         L___doprntf303
0x3178	0xD00A      	BRA         L__doprntf196
L___doprntf303:
;__Lib_Sprintf.c,581 :: 		
0x317A	0xFFE1C0A6  	MOVFF       FARG__doprntf_pb, FSR1L
0x317E	0xFFE2C0A7  	MOVFF       FARG__doprntf_pb+1, FSR1H
0x3182	0x0E2E      	MOVLW       46
0x3184	0x6EE6      	MOVWF       POSTINC1 
0x3186	0x4BA6      	INFSNZ      FARG__doprntf_pb, 1, 1
0x3188	0x2BA7      	INCF        FARG__doprntf_pb+1, 1, 1
0x318A	0x4BC6      	INFSNZ      _doprntf_ccnt_L0, 1, 1
0x318C	0x2BC7      	INCF        _doprntf_ccnt_L0+1, 1, 1
L__doprntf196:
;__Lib_Sprintf.c,583 :: 		
0x318E	0xF0CEC0B7  	MOVFF       _doprntf_c_L0, FARG___Lib_Sprintf_scale_scl
0x3192	0xF008EC65  	CALL        __Lib_Sprintf_scale, 0
0x3196	0xF004C0BC  	MOVFF       _doprntf_fval_L0, R4
0x319A	0xF005C0BD  	MOVFF       _doprntf_fval_L0+1, R5
0x319E	0xF006C0BE  	MOVFF       _doprntf_fval_L0+2, R6
0x31A2	0xF007C0BF  	MOVFF       _doprntf_fval_L0+3, R7
0x31A6	0xF001EC32  	CALL        _Mul_32x32_FP, 0
0x31AA	0xF007EC8B  	CALL        _double2longint, 0
0x31AE	0xF0C2C000  	MOVFF       R0, _doprntf__val_L0
0x31B2	0xF0C3C001  	MOVFF       R1, _doprntf__val_L0+1
0x31B6	0xF0C4C002  	MOVFF       R2, _doprntf__val_L0+2
0x31BA	0xF0C5C003  	MOVFF       R3, _doprntf__val_L0+3
;__Lib_Sprintf.c,584 :: 		
L__doprntf197:
0x31BE	0x53B7      	MOVF        _doprntf_c_L0, 1, 1
0x31C0	0xE04D      	BZ          L__doprntf198
;__Lib_Sprintf.c,585 :: 		
0x31C2	0x07B7      	DECF        _doprntf_c_L0, 1, 1
0x31C4	0xF000C0B7  	MOVFF       _doprntf_c_L0, R0
0x31C8	0x0E00      	MOVLW       0
0x31CA	0x6E01      	MOVWF       R1 
0x31CC	0x6E02      	MOVWF       R2 
0x31CE	0x6E03      	MOVWF       R3 
0x31D0	0x3600      	RLCF        R0, 1 
0x31D2	0x9000      	BCF         R0, 0 
0x31D4	0x3601      	RLCF        R1, 1 
0x31D6	0x3602      	RLCF        R2, 1 
0x31D8	0x3603      	RLCF        R3, 1 
0x31DA	0x3600      	RLCF        R0, 1 
0x31DC	0x9000      	BCF         R0, 0 
0x31DE	0x3601      	RLCF        R1, 1 
0x31E0	0x3602      	RLCF        R2, 1 
0x31E2	0x3603      	RLCF        R3, 1 
0x31E4	0x0E15      	MOVLW       __Lib_Sprintf_dpowers
0x31E6	0x2400      	ADDWF       R0, 0 
0x31E8	0x6EF6      	MOVWF       TBLPTR 
0x31EA	0x0E46      	MOVLW       hi_addr(__Lib_Sprintf_dpowers)
0x31EC	0x2001      	ADDWFC      R1, 0 
0x31EE	0x6EF7      	MOVWF       TBLPTR+1 
0x31F0	0x0E00      	MOVLW       higher_addr(__Lib_Sprintf_dpowers)
0x31F2	0x2002      	ADDWFC      R2, 0 
0x31F4	0x6EF8      	MOVWF       TBLPTR+2 
0x31F6	0x0009      	TBLRD*+
0x31F8	0xF004CFF5  	MOVFF       TABLAT, R4
0x31FC	0x0009      	TBLRD*+
0x31FE	0xF005CFF5  	MOVFF       TABLAT, R5
0x3202	0x0009      	TBLRD*+
0x3204	0xF006CFF5  	MOVFF       TABLAT, R6
0x3208	0x0009      	TBLRD*+
0x320A	0xF007CFF5  	MOVFF       TABLAT, R7
0x320E	0xF000C0C2  	MOVFF       _doprntf__val_L0, R0
0x3212	0xF001C0C3  	MOVFF       _doprntf__val_L0+1, R1
0x3216	0xF002C0C4  	MOVFF       _doprntf__val_L0+2, R2
0x321A	0xF003C0C5  	MOVFF       _doprntf__val_L0+3, R3
0x321E	0xF004EC75  	CALL        _Div_32x32_U, 0
0x3222	0x0E0A      	MOVLW       10
0x3224	0x6E04      	MOVWF       R4 
0x3226	0x0E00      	MOVLW       0
0x3228	0x6E05      	MOVWF       R5 
0x322A	0x6E06      	MOVWF       R6 
0x322C	0x6E07      	MOVWF       R7 
0x322E	0xF004EC75  	CALL        _Div_32x32_U, 0
0x3232	0xF000C008  	MOVFF       R8, R0
0x3236	0xF001C009  	MOVFF       R9, R1
0x323A	0xF002C00A  	MOVFF       R10, R2
0x323E	0xF003C00B  	MOVFF       R11, R3
0x3242	0x0E30      	MOVLW       48
0x3244	0x2600      	ADDWF       R0, 1 
0x3246	0xFFE1C0A6  	MOVFF       FARG__doprntf_pb, FSR1L
0x324A	0xFFE2C0A7  	MOVFF       FARG__doprntf_pb+1, FSR1H
0x324E	0xFFE6C000  	MOVFF       R0, POSTINC1
0x3252	0x4BA6      	INFSNZ      FARG__doprntf_pb, 1, 1
0x3254	0x2BA7      	INCF        FARG__doprntf_pb+1, 1, 1
0x3256	0x4BC6      	INFSNZ      _doprntf_ccnt_L0, 1, 1
0x3258	0x2BC7      	INCF        _doprntf_ccnt_L0+1, 1, 1
0x325A	0xD7B1      	BRA         L__doprntf197
L__doprntf198:
;__Lib_Sprintf.c,587 :: 		
L__doprntf199:
0x325C	0x51B5      	MOVF        _doprntf_prec_L0, 0, 1
0x325E	0x11B6      	IORWF       _doprntf_prec_L0+1, 0, 1
0x3260	0xE00F      	BZ          L__doprntf200
;__Lib_Sprintf.c,588 :: 		
0x3262	0xFFE1C0A6  	MOVFF       FARG__doprntf_pb, FSR1L
0x3266	0xFFE2C0A7  	MOVFF       FARG__doprntf_pb+1, FSR1H
0x326A	0x0E30      	MOVLW       48
0x326C	0x6EE6      	MOVWF       POSTINC1 
0x326E	0x4BA6      	INFSNZ      FARG__doprntf_pb, 1, 1
0x3270	0x2BA7      	INCF        FARG__doprntf_pb+1, 1, 1
0x3272	0x4BC6      	INFSNZ      _doprntf_ccnt_L0, 1, 1
0x3274	0x2BC7      	INCF        _doprntf_ccnt_L0+1, 1, 1
;__Lib_Sprintf.c,589 :: 		
0x3276	0x0E01      	MOVLW       1
0x3278	0x5FB5      	SUBWF       _doprntf_prec_L0, 1, 1
0x327A	0x0E00      	MOVLW       0
0x327C	0x5BB6      	SUBWFB      _doprntf_prec_L0+1, 1, 1
;__Lib_Sprintf.c,590 :: 		
0x327E	0xD7EE      	BRA         L__doprntf199
L__doprntf200:
;__Lib_Sprintf.c,591 :: 		
0x3280	0xA7BA      	BTFSS       _doprntf_flag_L0, 3, 1
0x3282	0xD01A      	BRA         L__doprntf203
0x3284	0x0E80      	MOVLW       128
0x3286	0x6E00      	MOVWF       R0 
0x3288	0x0E80      	MOVLW       128
0x328A	0x19B9      	XORWF       _doprntf_width_L0+1, 0, 1
0x328C	0x5C00      	SUBWF       R0, 0 
0x328E	0xE102      	BNZ         L___doprntf348
0x3290	0x51B8      	MOVF        _doprntf_width_L0, 0, 1
0x3292	0x0800      	SUBLW       0
L___doprntf348:
0x3294	0xE211      	BC          L__doprntf203
L___doprntf302:
;__Lib_Sprintf.c,592 :: 		
L__doprntf204:
;__Lib_Sprintf.c,593 :: 		
0x3296	0xFFE1C0A6  	MOVFF       FARG__doprntf_pb, FSR1L
0x329A	0xFFE2C0A7  	MOVFF       FARG__doprntf_pb+1, FSR1H
0x329E	0x0E20      	MOVLW       32
0x32A0	0x6EE6      	MOVWF       POSTINC1 
0x32A2	0x4BA6      	INFSNZ      FARG__doprntf_pb, 1, 1
0x32A4	0x2BA7      	INCF        FARG__doprntf_pb+1, 1, 1
0x32A6	0x4BC6      	INFSNZ      _doprntf_ccnt_L0, 1, 1
0x32A8	0x2BC7      	INCF        _doprntf_ccnt_L0+1, 1, 1
;__Lib_Sprintf.c,594 :: 		
0x32AA	0x0E01      	MOVLW       1
0x32AC	0x5FB8      	SUBWF       _doprntf_width_L0, 1, 1
0x32AE	0x0E00      	MOVLW       0
0x32B0	0x5BB9      	SUBWFB      _doprntf_width_L0+1, 1, 1
0x32B2	0x51B8      	MOVF        _doprntf_width_L0, 0, 1
0x32B4	0x11B9      	IORWF       _doprntf_width_L0+1, 0, 1
0x32B6	0xE1EF      	BNZ         L__doprntf204
L__doprntf203:
;__Lib_Sprintf.c,595 :: 		
0x32B8	0xF00DEFB2  	GOTO        L__doprntf10
;__Lib_Sprintf.c,596 :: 		
L__doprntf72:
;__Lib_Sprintf.c,598 :: 		
0x32BC	0x0EC0      	MOVLW       192
0x32BE	0x15BA      	ANDWF       _doprntf_flag_L0, 0, 1
0x32C0	0x6E01      	MOVWF       R1 
0x32C2	0xF002C0BB  	MOVFF       _doprntf_flag_L0+1, R2
0x32C6	0x0E00      	MOVLW       0
0x32C8	0x1602      	ANDWF       R2, 1 
0x32CA	0x0E00      	MOVLW       0
0x32CC	0x1802      	XORWF       R2, 0 
0x32CE	0xE102      	BNZ         L___doprntf349
0x32D0	0x0E00      	MOVLW       0
0x32D2	0x1801      	XORWF       R1, 0 
L___doprntf349:
0x32D4	0xA4D8      	BTFSS       STATUS, 2 
0x32D6	0xD080      	BRA         L__doprntf207
;__Lib_Sprintf.c,600 :: 		
0x32D8	0xA9BA      	BTFSS       _doprntf_flag_L0, 4, 1
0x32DA	0xD027      	BRA         L__doprntf208
;__Lib_Sprintf.c,601 :: 		
0x32DC	0xFFE9C0AB  	MOVFF       FARG__doprntf_ap, FSR0L
0x32E0	0xFFEAC0AC  	MOVFF       FARG__doprntf_ap+1, FSR0H
0x32E4	0xF000CFEE  	MOVFF       POSTINC0, R0
0x32E8	0xF001CFEE  	MOVFF       POSTINC0, R1
0x32EC	0xFFE9C000  	MOVFF       R0, FSR0L
0x32F0	0xFFEAC001  	MOVFF       R1, FSR0H
0x32F4	0xF0C2CFEE  	MOVFF       POSTINC0, _doprntf__val_L0
0x32F8	0xF0C3CFEE  	MOVFF       POSTINC0, _doprntf__val_L0+1
0x32FC	0xF0C4CFEE  	MOVFF       POSTINC0, _doprntf__val_L0+2
0x3300	0xF0C5CFEE  	MOVFF       POSTINC0, _doprntf__val_L0+3
0x3304	0xFFE9C0AB  	MOVFF       FARG__doprntf_ap, FSR0L
0x3308	0xFFEAC0AC  	MOVFF       FARG__doprntf_ap+1, FSR0H
0x330C	0x0E04      	MOVLW       4
0x330E	0x24EE      	ADDWF       POSTINC0, 0 
0x3310	0x6E00      	MOVWF       R0 
0x3312	0x0E00      	MOVLW       0
0x3314	0x20EE      	ADDWFC      POSTINC0, 0 
0x3316	0x6E01      	MOVWF       R1 
0x3318	0xFFE1C0AB  	MOVFF       FARG__doprntf_ap, FSR1L
0x331C	0xFFE2C0AC  	MOVFF       FARG__doprntf_ap+1, FSR1H
0x3320	0xFFE6C000  	MOVFF       R0, POSTINC1
0x3324	0xFFE6C001  	MOVFF       R1, POSTINC1
0x3328	0xD02F      	BRA         L__doprntf209
L__doprntf208:
;__Lib_Sprintf.c,604 :: 		
0x332A	0xFFE9C0AB  	MOVFF       FARG__doprntf_ap, FSR0L
0x332E	0xFFEAC0AC  	MOVFF       FARG__doprntf_ap+1, FSR0H
0x3332	0xF000CFEE  	MOVFF       POSTINC0, R0
0x3336	0xF001CFEE  	MOVFF       POSTINC0, R1
0x333A	0xFFE9C000  	MOVFF       R0, FSR0L
0x333E	0xFFEAC001  	MOVFF       R1, FSR0H
0x3342	0xF000CFEE  	MOVFF       POSTINC0, R0
0x3346	0xF001CFEE  	MOVFF       POSTINC0, R1
0x334A	0x0E00      	MOVLW       0
0x334C	0xBE01      	BTFSC       R1, 7 
0x334E	0x0EFF      	MOVLW       255
0x3350	0x6E02      	MOVWF       R2 
0x3352	0x6E03      	MOVWF       R3 
0x3354	0xF0C2C000  	MOVFF       R0, _doprntf__val_L0
0x3358	0xF0C3C001  	MOVFF       R1, _doprntf__val_L0+1
0x335C	0xF0C4C002  	MOVFF       R2, _doprntf__val_L0+2
0x3360	0xF0C5C003  	MOVFF       R3, _doprntf__val_L0+3
0x3364	0xFFE9C0AB  	MOVFF       FARG__doprntf_ap, FSR0L
0x3368	0xFFEAC0AC  	MOVFF       FARG__doprntf_ap+1, FSR0H
0x336C	0x0E02      	MOVLW       2
0x336E	0x24EE      	ADDWF       POSTINC0, 0 
0x3370	0x6E00      	MOVWF       R0 
0x3372	0x0E00      	MOVLW       0
0x3374	0x20EE      	ADDWFC      POSTINC0, 0 
0x3376	0x6E01      	MOVWF       R1 
0x3378	0xFFE1C0AB  	MOVFF       FARG__doprntf_ap, FSR1L
0x337C	0xFFE2C0AC  	MOVFF       FARG__doprntf_ap+1, FSR1H
0x3380	0xFFE6C000  	MOVFF       R0, POSTINC1
0x3384	0xFFE6C001  	MOVFF       R1, POSTINC1
L__doprntf209:
;__Lib_Sprintf.c,605 :: 		
0x3388	0x0E80      	MOVLW       128
0x338A	0x19C5      	XORWF       _doprntf__val_L0+3, 0, 1
0x338C	0x6E00      	MOVWF       R0 
0x338E	0x0E80      	MOVLW       128
0x3390	0x5C00      	SUBWF       R0, 0 
0x3392	0xE108      	BNZ         L___doprntf350
0x3394	0x0E00      	MOVLW       0
0x3396	0x5DC4      	SUBWF       _doprntf__val_L0+2, 0, 1
0x3398	0xE105      	BNZ         L___doprntf350
0x339A	0x0E00      	MOVLW       0
0x339C	0x5DC3      	SUBWF       _doprntf__val_L0+1, 0, 1
0x339E	0xE102      	BNZ         L___doprntf350
0x33A0	0x0E00      	MOVLW       0
0x33A2	0x5DC2      	SUBWF       _doprntf__val_L0, 0, 1
L___doprntf350:
0x33A4	0xE218      	BC          L__doprntf210
;__Lib_Sprintf.c,606 :: 		
0x33A6	0x0E03      	MOVLW       3
0x33A8	0x13BA      	IORWF       _doprntf_flag_L0, 1, 1
0x33AA	0x0E00      	MOVLW       0
0x33AC	0x13BB      	IORWF       _doprntf_flag_L0+1, 1, 1
;__Lib_Sprintf.c,607 :: 		
0x33AE	0x6A00      	CLRF        R0 
0x33B0	0x6A01      	CLRF        R1 
0x33B2	0x6A02      	CLRF        R2 
0x33B4	0x6A03      	CLRF        R3 
0x33B6	0x51C2      	MOVF        _doprntf__val_L0, 0, 1
0x33B8	0x5E00      	SUBWF       R0, 1 
0x33BA	0x51C3      	MOVF        _doprntf__val_L0+1, 0, 1
0x33BC	0x5A01      	SUBWFB      R1, 1 
0x33BE	0x51C4      	MOVF        _doprntf__val_L0+2, 0, 1
0x33C0	0x5A02      	SUBWFB      R2, 1 
0x33C2	0x51C5      	MOVF        _doprntf__val_L0+3, 0, 1
0x33C4	0x5A03      	SUBWFB      R3, 1 
0x33C6	0xF0C2C000  	MOVFF       R0, _doprntf__val_L0
0x33CA	0xF0C3C001  	MOVFF       R1, _doprntf__val_L0+1
0x33CE	0xF0C4C002  	MOVFF       R2, _doprntf__val_L0+2
0x33D2	0xF0C5C003  	MOVFF       R3, _doprntf__val_L0+3
;__Lib_Sprintf.c,608 :: 		
L__doprntf210:
;__Lib_Sprintf.c,609 :: 		
0x33D6	0xD04E      	BRA         L__doprntf211
L__doprntf207:
;__Lib_Sprintf.c,612 :: 		
0x33D8	0xA9BA      	BTFSS       _doprntf_flag_L0, 4, 1
0x33DA	0xD027      	BRA         L__doprntf212
;__Lib_Sprintf.c,613 :: 		
0x33DC	0xFFE9C0AB  	MOVFF       FARG__doprntf_ap, FSR0L
0x33E0	0xFFEAC0AC  	MOVFF       FARG__doprntf_ap+1, FSR0H
0x33E4	0xF000CFEE  	MOVFF       POSTINC0, R0
0x33E8	0xF001CFEE  	MOVFF       POSTINC0, R1
0x33EC	0xFFE9C000  	MOVFF       R0, FSR0L
0x33F0	0xFFEAC001  	MOVFF       R1, FSR0H
0x33F4	0xF0C2CFEE  	MOVFF       POSTINC0, _doprntf__val_L0
0x33F8	0xF0C3CFEE  	MOVFF       POSTINC0, _doprntf__val_L0+1
0x33FC	0xF0C4CFEE  	MOVFF       POSTINC0, _doprntf__val_L0+2
0x3400	0xF0C5CFEE  	MOVFF       POSTINC0, _doprntf__val_L0+3
0x3404	0xFFE9C0AB  	MOVFF       FARG__doprntf_ap, FSR0L
0x3408	0xFFEAC0AC  	MOVFF       FARG__doprntf_ap+1, FSR0H
0x340C	0x0E04      	MOVLW       4
0x340E	0x24EE      	ADDWF       POSTINC0, 0 
0x3410	0x6E00      	MOVWF       R0 
0x3412	0x0E00      	MOVLW       0
0x3414	0x20EE      	ADDWFC      POSTINC0, 0 
0x3416	0x6E01      	MOVWF       R1 
0x3418	0xFFE1C0AB  	MOVFF       FARG__doprntf_ap, FSR1L
0x341C	0xFFE2C0AC  	MOVFF       FARG__doprntf_ap+1, FSR1H
0x3420	0xFFE6C000  	MOVFF       R0, POSTINC1
0x3424	0xFFE6C001  	MOVFF       R1, POSTINC1
0x3428	0xD025      	BRA         L__doprntf213
L__doprntf212:
;__Lib_Sprintf.c,616 :: 		
0x342A	0xFFE9C0AB  	MOVFF       FARG__doprntf_ap, FSR0L
0x342E	0xFFEAC0AC  	MOVFF       FARG__doprntf_ap+1, FSR0H
0x3432	0xF000CFEE  	MOVFF       POSTINC0, R0
0x3436	0xF001CFEE  	MOVFF       POSTINC0, R1
0x343A	0xFFE9C000  	MOVFF       R0, FSR0L
0x343E	0xFFEAC001  	MOVFF       R1, FSR0H
0x3442	0xF0C2CFEE  	MOVFF       POSTINC0, _doprntf__val_L0
0x3446	0xF0C3CFEE  	MOVFF       POSTINC0, _doprntf__val_L0+1
0x344A	0x0E00      	MOVLW       0
0x344C	0x6FC4      	MOVWF       _doprntf__val_L0+2, 1
0x344E	0x6FC5      	MOVWF       _doprntf__val_L0+3, 1
0x3450	0xFFE9C0AB  	MOVFF       FARG__doprntf_ap, FSR0L
0x3454	0xFFEAC0AC  	MOVFF       FARG__doprntf_ap+1, FSR0H
0x3458	0x0E02      	MOVLW       2
0x345A	0x24EE      	ADDWF       POSTINC0, 0 
0x345C	0x6E00      	MOVWF       R0 
0x345E	0x0E00      	MOVLW       0
0x3460	0x20EE      	ADDWFC      POSTINC0, 0 
0x3462	0x6E01      	MOVWF       R1 
0x3464	0xFFE1C0AB  	MOVFF       FARG__doprntf_ap, FSR1L
0x3468	0xFFE2C0AC  	MOVFF       FARG__doprntf_ap+1, FSR1H
0x346C	0xFFE6C000  	MOVFF       R0, POSTINC1
0x3470	0xFFE6C001  	MOVFF       R1, POSTINC1
L__doprntf213:
;__Lib_Sprintf.c,617 :: 		
L__doprntf211:
;__Lib_Sprintf.c,618 :: 		
0x3474	0x0E00      	MOVLW       0
0x3476	0x19B6      	XORWF       _doprntf_prec_L0+1, 0, 1
0x3478	0xE102      	BNZ         L___doprntf351
0x347A	0x0E00      	MOVLW       0
0x347C	0x19B5      	XORWF       _doprntf_prec_L0, 0, 1
L___doprntf351:
0x347E	0xE10F      	BNZ         L__doprntf216
0x3480	0x0E00      	MOVLW       0
0x3482	0x6E00      	MOVWF       R0 
0x3484	0x19C5      	XORWF       _doprntf__val_L0+3, 0, 1
0x3486	0xE108      	BNZ         L___doprntf352
0x3488	0x5000      	MOVF        R0, 0 
0x348A	0x19C4      	XORWF       _doprntf__val_L0+2, 0, 1
0x348C	0xE105      	BNZ         L___doprntf352
0x348E	0x5000      	MOVF        R0, 0 
0x3490	0x19C3      	XORWF       _doprntf__val_L0+1, 0, 1
0x3492	0xE102      	BNZ         L___doprntf352
0x3494	0x51C2      	MOVF        _doprntf__val_L0, 0, 1
0x3496	0x0A00      	XORLW       0
L___doprntf352:
0x3498	0xE102      	BNZ         L__doprntf216
L___doprntf301:
;__Lib_Sprintf.c,619 :: 		
0x349A	0x4BB5      	INFSNZ      _doprntf_prec_L0, 1, 1
0x349C	0x2BB6      	INCF        _doprntf_prec_L0+1, 1, 1
L__doprntf216:
;__Lib_Sprintf.c,620 :: 		
0x349E	0x0EC0      	MOVLW       192
0x34A0	0x15BA      	ANDWF       _doprntf_flag_L0, 0, 1
0x34A2	0x6E00      	MOVWF       R0 
0x34A4	0xF005C000  	MOVFF       R0, R5
0x34A8	0xD0AE      	BRA         L__doprntf217
;__Lib_Sprintf.c,621 :: 		
L__doprntf219:
;__Lib_Sprintf.c,622 :: 		
L__doprntf220:
;__Lib_Sprintf.c,623 :: 		
0x34AA	0x0E01      	MOVLW       1
0x34AC	0x6FB7      	MOVWF       _doprntf_c_L0, 1
L__doprntf221:
0x34AE	0x51B7      	MOVF        _doprntf_c_L0, 0, 1
0x34B0	0x0A0A      	XORLW       10
0x34B2	0xE034      	BZ          L__doprntf222
;__Lib_Sprintf.c,624 :: 		
0x34B4	0xF000C0B7  	MOVFF       _doprntf_c_L0, R0
0x34B8	0x0E00      	MOVLW       0
0x34BA	0x6E01      	MOVWF       R1 
0x34BC	0x6E02      	MOVWF       R2 
0x34BE	0x6E03      	MOVWF       R3 
0x34C0	0x3600      	RLCF        R0, 1 
0x34C2	0x9000      	BCF         R0, 0 
0x34C4	0x3601      	RLCF        R1, 1 
0x34C6	0x3602      	RLCF        R2, 1 
0x34C8	0x3603      	RLCF        R3, 1 
0x34CA	0x3600      	RLCF        R0, 1 
0x34CC	0x9000      	BCF         R0, 0 
0x34CE	0x3601      	RLCF        R1, 1 
0x34D0	0x3602      	RLCF        R2, 1 
0x34D2	0x3603      	RLCF        R3, 1 
0x34D4	0x0E15      	MOVLW       __Lib_Sprintf_dpowers
0x34D6	0x2400      	ADDWF       R0, 0 
0x34D8	0x6EF6      	MOVWF       TBLPTR 
0x34DA	0x0E46      	MOVLW       hi_addr(__Lib_Sprintf_dpowers)
0x34DC	0x2001      	ADDWFC      R1, 0 
0x34DE	0x6EF7      	MOVWF       TBLPTR+1 
0x34E0	0x0E00      	MOVLW       higher_addr(__Lib_Sprintf_dpowers)
0x34E2	0x2002      	ADDWFC      R2, 0 
0x34E4	0x6EF8      	MOVWF       TBLPTR+2 
0x34E6	0x0009      	TBLRD*+
0x34E8	0xF001CFF5  	MOVFF       TABLAT, R1
0x34EC	0x0009      	TBLRD*+
0x34EE	0xF002CFF5  	MOVFF       TABLAT, R2
0x34F2	0x0009      	TBLRD*+
0x34F4	0xF003CFF5  	MOVFF       TABLAT, R3
0x34F8	0x0009      	TBLRD*+
0x34FA	0xF004CFF5  	MOVFF       TABLAT, R4
0x34FE	0x5004      	MOVF        R4, 0 
0x3500	0x5DC5      	SUBWF       _doprntf__val_L0+3, 0, 1
0x3502	0xE108      	BNZ         L___doprntf353
0x3504	0x5003      	MOVF        R3, 0 
0x3506	0x5DC4      	SUBWF       _doprntf__val_L0+2, 0, 1
0x3508	0xE105      	BNZ         L___doprntf353
0x350A	0x5002      	MOVF        R2, 0 
0x350C	0x5DC3      	SUBWF       _doprntf__val_L0+1, 0, 1
0x350E	0xE102      	BNZ         L___doprntf353
0x3510	0x5001      	MOVF        R1, 0 
0x3512	0x5DC2      	SUBWF       _doprntf__val_L0, 0, 1
L___doprntf353:
0x3514	0xE201      	BC          L__doprntf224
;__Lib_Sprintf.c,625 :: 		
0x3516	0xD002      	BRA         L__doprntf222
L__doprntf224:
;__Lib_Sprintf.c,623 :: 		
0x3518	0x2BB7      	INCF        _doprntf_c_L0, 1, 1
;__Lib_Sprintf.c,625 :: 		
0x351A	0xD7C9      	BRA         L__doprntf221
L__doprntf222:
;__Lib_Sprintf.c,626 :: 		
0x351C	0xD082      	BRA         L__doprntf218
;__Lib_Sprintf.c,628 :: 		
L__doprntf225:
;__Lib_Sprintf.c,629 :: 		
0x351E	0x0E01      	MOVLW       1
0x3520	0x6FB7      	MOVWF       _doprntf_c_L0, 1
L__doprntf226:
0x3522	0x51B7      	MOVF        _doprntf_c_L0, 0, 1
0x3524	0x0A08      	XORLW       8
0x3526	0xE034      	BZ          L__doprntf227
;__Lib_Sprintf.c,630 :: 		
0x3528	0xF000C0B7  	MOVFF       _doprntf_c_L0, R0
0x352C	0x0E00      	MOVLW       0
0x352E	0x6E01      	MOVWF       R1 
0x3530	0x6E02      	MOVWF       R2 
0x3532	0x6E03      	MOVWF       R3 
0x3534	0x3600      	RLCF        R0, 1 
0x3536	0x9000      	BCF         R0, 0 
0x3538	0x3601      	RLCF        R1, 1 
0x353A	0x3602      	RLCF        R2, 1 
0x353C	0x3603      	RLCF        R3, 1 
0x353E	0x3600      	RLCF        R0, 1 
0x3540	0x9000      	BCF         R0, 0 
0x3542	0x3601      	RLCF        R1, 1 
0x3544	0x3602      	RLCF        R2, 1 
0x3546	0x3603      	RLCF        R3, 1 
0x3548	0x0E3D      	MOVLW       __Lib_Sprintf_hexpowers
0x354A	0x2400      	ADDWF       R0, 0 
0x354C	0x6EF6      	MOVWF       TBLPTR 
0x354E	0x0E46      	MOVLW       hi_addr(__Lib_Sprintf_hexpowers)
0x3550	0x2001      	ADDWFC      R1, 0 
0x3552	0x6EF7      	MOVWF       TBLPTR+1 
0x3554	0x0E00      	MOVLW       higher_addr(__Lib_Sprintf_hexpowers)
0x3556	0x2002      	ADDWFC      R2, 0 
0x3558	0x6EF8      	MOVWF       TBLPTR+2 
0x355A	0x0009      	TBLRD*+
0x355C	0xF001CFF5  	MOVFF       TABLAT, R1
0x3560	0x0009      	TBLRD*+
0x3562	0xF002CFF5  	MOVFF       TABLAT, R2
0x3566	0x0009      	TBLRD*+
0x3568	0xF003CFF5  	MOVFF       TABLAT, R3
0x356C	0x0009      	TBLRD*+
0x356E	0xF004CFF5  	MOVFF       TABLAT, R4
0x3572	0x5004      	MOVF        R4, 0 
0x3574	0x5DC5      	SUBWF       _doprntf__val_L0+3, 0, 1
0x3576	0xE108      	BNZ         L___doprntf354
0x3578	0x5003      	MOVF        R3, 0 
0x357A	0x5DC4      	SUBWF       _doprntf__val_L0+2, 0, 1
0x357C	0xE105      	BNZ         L___doprntf354
0x357E	0x5002      	MOVF        R2, 0 
0x3580	0x5DC3      	SUBWF       _doprntf__val_L0+1, 0, 1
0x3582	0xE102      	BNZ         L___doprntf354
0x3584	0x5001      	MOVF        R1, 0 
0x3586	0x5DC2      	SUBWF       _doprntf__val_L0, 0, 1
L___doprntf354:
0x3588	0xE201      	BC          L__doprntf229
;__Lib_Sprintf.c,631 :: 		
0x358A	0xD002      	BRA         L__doprntf227
L__doprntf229:
;__Lib_Sprintf.c,629 :: 		
0x358C	0x2BB7      	INCF        _doprntf_c_L0, 1, 1
;__Lib_Sprintf.c,631 :: 		
0x358E	0xD7C9      	BRA         L__doprntf226
L__doprntf227:
;__Lib_Sprintf.c,632 :: 		
0x3590	0xD048      	BRA         L__doprntf218
;__Lib_Sprintf.c,634 :: 		
L__doprntf230:
;__Lib_Sprintf.c,635 :: 		
0x3592	0x0E01      	MOVLW       1
0x3594	0x6FB7      	MOVWF       _doprntf_c_L0, 1
L__doprntf231:
0x3596	0x51B7      	MOVF        _doprntf_c_L0, 0, 1
0x3598	0x0A0C      	XORLW       12
0x359A	0xE034      	BZ          L__doprntf232
;__Lib_Sprintf.c,636 :: 		
0x359C	0xF000C0B7  	MOVFF       _doprntf_c_L0, R0
0x35A0	0x0E00      	MOVLW       0
0x35A2	0x6E01      	MOVWF       R1 
0x35A4	0x6E02      	MOVWF       R2 
0x35A6	0x6E03      	MOVWF       R3 
0x35A8	0x3600      	RLCF        R0, 1 
0x35AA	0x9000      	BCF         R0, 0 
0x35AC	0x3601      	RLCF        R1, 1 
0x35AE	0x3602      	RLCF        R2, 1 
0x35B0	0x3603      	RLCF        R3, 1 
0x35B2	0x3600      	RLCF        R0, 1 
0x35B4	0x9000      	BCF         R0, 0 
0x35B6	0x3601      	RLCF        R1, 1 
0x35B8	0x3602      	RLCF        R2, 1 
0x35BA	0x3603      	RLCF        R3, 1 
0x35BC	0x0EE5      	MOVLW       __Lib_Sprintf_octpowers
0x35BE	0x2400      	ADDWF       R0, 0 
0x35C0	0x6EF6      	MOVWF       TBLPTR 
0x35C2	0x0E45      	MOVLW       hi_addr(__Lib_Sprintf_octpowers)
0x35C4	0x2001      	ADDWFC      R1, 0 
0x35C6	0x6EF7      	MOVWF       TBLPTR+1 
0x35C8	0x0E00      	MOVLW       higher_addr(__Lib_Sprintf_octpowers)
0x35CA	0x2002      	ADDWFC      R2, 0 
0x35CC	0x6EF8      	MOVWF       TBLPTR+2 
0x35CE	0x0009      	TBLRD*+
0x35D0	0xF001CFF5  	MOVFF       TABLAT, R1
0x35D4	0x0009      	TBLRD*+
0x35D6	0xF002CFF5  	MOVFF       TABLAT, R2
0x35DA	0x0009      	TBLRD*+
0x35DC	0xF003CFF5  	MOVFF       TABLAT, R3
0x35E0	0x0009      	TBLRD*+
0x35E2	0xF004CFF5  	MOVFF       TABLAT, R4
0x35E6	0x5004      	MOVF        R4, 0 
0x35E8	0x5DC5      	SUBWF       _doprntf__val_L0+3, 0, 1
0x35EA	0xE108      	BNZ         L___doprntf355
0x35EC	0x5003      	MOVF        R3, 0 
0x35EE	0x5DC4      	SUBWF       _doprntf__val_L0+2, 0, 1
0x35F0	0xE105      	BNZ         L___doprntf355
0x35F2	0x5002      	MOVF        R2, 0 
0x35F4	0x5DC3      	SUBWF       _doprntf__val_L0+1, 0, 1
0x35F6	0xE102      	BNZ         L___doprntf355
0x35F8	0x5001      	MOVF        R1, 0 
0x35FA	0x5DC2      	SUBWF       _doprntf__val_L0, 0, 1
L___doprntf355:
0x35FC	0xE201      	BC          L__doprntf234
;__Lib_Sprintf.c,637 :: 		
0x35FE	0xD002      	BRA         L__doprntf232
L__doprntf234:
;__Lib_Sprintf.c,635 :: 		
0x3600	0x2BB7      	INCF        _doprntf_c_L0, 1, 1
;__Lib_Sprintf.c,637 :: 		
0x3602	0xD7C9      	BRA         L__doprntf231
L__doprntf232:
;__Lib_Sprintf.c,638 :: 		
0x3604	0xD00E      	BRA         L__doprntf218
;__Lib_Sprintf.c,639 :: 		
L__doprntf217:
0x3606	0x5005      	MOVF        R5, 0 
0x3608	0x0A00      	XORLW       0
0x360A	0xB4D8      	BTFSC       STATUS, 2 
0x360C	0xD74E      	BRA         L__doprntf219
0x360E	0x5005      	MOVF        R5, 0 
0x3610	0x0AC0      	XORLW       192
0x3612	0xB4D8      	BTFSC       STATUS, 2 
0x3614	0xD74A      	BRA         L__doprntf220
0x3616	0x5005      	MOVF        R5, 0 
0x3618	0x0A80      	XORLW       128
0x361A	0xE081      	BZ          L__doprntf225
0x361C	0x5005      	MOVF        R5, 0 
0x361E	0x0A40      	XORLW       64
0x3620	0xE0B8      	BZ          L__doprntf230
L__doprntf218:
;__Lib_Sprintf.c,640 :: 		
0x3622	0x0E80      	MOVLW       128
0x3624	0x6E00      	MOVWF       R0 
0x3626	0x0E80      	MOVLW       128
0x3628	0x19B6      	XORWF       _doprntf_prec_L0+1, 0, 1
0x362A	0x5C00      	SUBWF       R0, 0 
0x362C	0xE102      	BNZ         L___doprntf356
0x362E	0x51B5      	MOVF        _doprntf_prec_L0, 0, 1
0x3630	0x5DB7      	SUBWF       _doprntf_c_L0, 0, 1
L___doprntf356:
0x3632	0xE203      	BC          L__doprntf235
;__Lib_Sprintf.c,641 :: 		
0x3634	0xF0B7C0B5  	MOVFF       _doprntf_prec_L0, _doprntf_c_L0
0x3638	0xD00D      	BRA         L__doprntf236
L__doprntf235:
;__Lib_Sprintf.c,643 :: 		
0x363A	0x0E80      	MOVLW       128
0x363C	0x19B6      	XORWF       _doprntf_prec_L0+1, 0, 1
0x363E	0x6E00      	MOVWF       R0 
0x3640	0x0E80      	MOVLW       128
0x3642	0x5C00      	SUBWF       R0, 0 
0x3644	0xE102      	BNZ         L___doprntf357
0x3646	0x51B7      	MOVF        _doprntf_c_L0, 0, 1
0x3648	0x5DB5      	SUBWF       _doprntf_prec_L0, 0, 1
L___doprntf357:
0x364A	0xE204      	BC          L__doprntf237
;__Lib_Sprintf.c,644 :: 		
0x364C	0xF0B5C0B7  	MOVFF       _doprntf_c_L0, _doprntf_prec_L0
0x3650	0x0E00      	MOVLW       0
0x3652	0x6FB6      	MOVWF       _doprntf_prec_L0+1, 1
L__doprntf237:
L__doprntf236:
;__Lib_Sprintf.c,645 :: 		
0x3654	0x51B8      	MOVF        _doprntf_width_L0, 0, 1
0x3656	0x11B9      	IORWF       _doprntf_width_L0+1, 0, 1
0x3658	0xE00E      	BZ          L__doprntf240
0x365A	0x0E03      	MOVLW       3
0x365C	0x15BA      	ANDWF       _doprntf_flag_L0, 0, 1
0x365E	0x6E00      	MOVWF       R0 
0x3660	0xF001C0BB  	MOVFF       _doprntf_flag_L0+1, R1
0x3664	0x0E00      	MOVLW       0
0x3666	0x1601      	ANDWF       R1, 1 
0x3668	0x5000      	MOVF        R0, 0 
0x366A	0x1001      	IORWF       R1, 0 
0x366C	0xE004      	BZ          L__doprntf240
L___doprntf300:
;__Lib_Sprintf.c,646 :: 		
0x366E	0x0E01      	MOVLW       1
0x3670	0x5FB8      	SUBWF       _doprntf_width_L0, 1, 1
0x3672	0x0E00      	MOVLW       0
0x3674	0x5BB9      	SUBWFB      _doprntf_width_L0+1, 1, 1
L__doprntf240:
;__Lib_Sprintf.c,647 :: 		
0x3676	0x0E80      	MOVLW       128
0x3678	0x19B6      	XORWF       _doprntf_prec_L0+1, 0, 1
0x367A	0x6E00      	MOVWF       R0 
0x367C	0x0E80      	MOVLW       128
0x367E	0x19B9      	XORWF       _doprntf_width_L0+1, 0, 1
0x3680	0x5C00      	SUBWF       R0, 0 
0x3682	0xE102      	BNZ         L___doprntf358
0x3684	0x51B8      	MOVF        _doprntf_width_L0, 0, 1
0x3686	0x5DB5      	SUBWF       _doprntf_prec_L0, 0, 1
L___doprntf358:
0x3688	0xE205      	BC          L__doprntf241
;__Lib_Sprintf.c,648 :: 		
0x368A	0x51B5      	MOVF        _doprntf_prec_L0, 0, 1
0x368C	0x5FB8      	SUBWF       _doprntf_width_L0, 1, 1
0x368E	0x51B6      	MOVF        _doprntf_prec_L0+1, 0, 1
0x3690	0x5BB9      	SUBWFB      _doprntf_width_L0+1, 1, 1
0x3692	0xD002      	BRA         L__doprntf242
L__doprntf241:
;__Lib_Sprintf.c,650 :: 		
0x3694	0x6BB8      	CLRF        _doprntf_width_L0, 1
0x3696	0x6BB9      	CLRF        _doprntf_width_L0+1, 1
L__doprntf242:
;__Lib_Sprintf.c,651 :: 		
0x3698	0x0EC4      	MOVLW       196
0x369A	0x15BA      	ANDWF       _doprntf_flag_L0, 0, 1
0x369C	0x6E01      	MOVWF       R1 
0x369E	0x51BB      	MOVF        _doprntf_flag_L0+1, 0, 1
0x36A0	0x0B08      	ANDLW       8
0x36A2	0x6E02      	MOVWF       R2 
0x36A4	0x5002      	MOVF        R2, 0 
0x36A6	0x0A08      	XORLW       8
0x36A8	0xE102      	BNZ         L___doprntf359
0x36AA	0x0E40      	MOVLW       64
0x36AC	0x1801      	XORWF       R1, 0 
L___doprntf359:
0x36AE	0xE108      	BNZ         L__doprntf243
;__Lib_Sprintf.c,652 :: 		
0x36B0	0x51B8      	MOVF        _doprntf_width_L0, 0, 1
0x36B2	0x11B9      	IORWF       _doprntf_width_L0+1, 0, 1
0x36B4	0xE004      	BZ          L__doprntf244
;__Lib_Sprintf.c,653 :: 		
0x36B6	0x0E01      	MOVLW       1
0x36B8	0x5FB8      	SUBWF       _doprntf_width_L0, 1, 1
0x36BA	0x0E00      	MOVLW       0
0x36BC	0x5BB9      	SUBWFB      _doprntf_width_L0+1, 1, 1
L__doprntf244:
;__Lib_Sprintf.c,654 :: 		
0x36BE	0xD01C      	BRA         L__doprntf245
L__doprntf243:
;__Lib_Sprintf.c,656 :: 		
0x36C0	0x0EC0      	MOVLW       192
0x36C2	0x15BA      	ANDWF       _doprntf_flag_L0, 0, 1
0x36C4	0x6E01      	MOVWF       R1 
0x36C6	0x51BB      	MOVF        _doprntf_flag_L0+1, 0, 1
0x36C8	0x0B08      	ANDLW       8
0x36CA	0x6E02      	MOVWF       R2 
0x36CC	0x5002      	MOVF        R2, 0 
0x36CE	0x0A08      	XORLW       8
0x36D0	0xE102      	BNZ         L___doprntf360
0x36D2	0x0E80      	MOVLW       128
0x36D4	0x1801      	XORWF       R1, 0 
L___doprntf360:
0x36D6	0xE110      	BNZ         L__doprntf246
;__Lib_Sprintf.c,657 :: 		
0x36D8	0x0E80      	MOVLW       128
0x36DA	0x6E00      	MOVWF       R0 
0x36DC	0x0E80      	MOVLW       128
0x36DE	0x19B9      	XORWF       _doprntf_width_L0+1, 0, 1
0x36E0	0x5C00      	SUBWF       R0, 0 
0x36E2	0xE102      	BNZ         L___doprntf361
0x36E4	0x51B8      	MOVF        _doprntf_width_L0, 0, 1
0x36E6	0x0802      	SUBLW       2
L___doprntf361:
0x36E8	0xE205      	BC          L__doprntf247
;__Lib_Sprintf.c,658 :: 		
0x36EA	0x0E02      	MOVLW       2
0x36EC	0x5FB8      	SUBWF       _doprntf_width_L0, 1, 1
0x36EE	0x0E00      	MOVLW       0
0x36F0	0x5BB9      	SUBWFB      _doprntf_width_L0+1, 1, 1
0x36F2	0xD002      	BRA         L__doprntf248
L__doprntf247:
;__Lib_Sprintf.c,660 :: 		
0x36F4	0x6BB8      	CLRF        _doprntf_width_L0, 1
0x36F6	0x6BB9      	CLRF        _doprntf_width_L0+1, 1
L__doprntf248:
;__Lib_Sprintf.c,661 :: 		
L__doprntf246:
L__doprntf245:
;__Lib_Sprintf.c,662 :: 		
0x36F8	0xA5BA      	BTFSS       _doprntf_flag_L0, 2, 1
0x36FA	0xD05D      	BRA         L__doprntf249
;__Lib_Sprintf.c,663 :: 		
0x36FC	0xA3BA      	BTFSS       _doprntf_flag_L0, 1, 1
0x36FE	0xD012      	BRA         L__doprntf250
;__Lib_Sprintf.c,664 :: 		
0x3700	0xA1BA      	BTFSS       _doprntf_flag_L0, 0, 1
0x3702	0xD003      	BRA         L__doprntf251
0x3704	0x0E2D      	MOVLW       45
0x3706	0x6FB1      	MOVWF       ?FLOC____doprntfT672, 1
0x3708	0xD002      	BRA         L__doprntf252
L__doprntf251:
0x370A	0x0E2B      	MOVLW       43
0x370C	0x6FB1      	MOVWF       ?FLOC____doprntfT672, 1
L__doprntf252:
0x370E	0xFFE1C0A6  	MOVFF       FARG__doprntf_pb, FSR1L
0x3712	0xFFE2C0A7  	MOVFF       FARG__doprntf_pb+1, FSR1H
0x3716	0xFFE6C0B1  	MOVFF       ?FLOC____doprntfT672, POSTINC1
0x371A	0x4BA6      	INFSNZ      FARG__doprntf_pb, 1, 1
0x371C	0x2BA7      	INCF        FARG__doprntf_pb+1, 1, 1
0x371E	0x4BC6      	INFSNZ      _doprntf_ccnt_L0, 1, 1
0x3720	0x2BC7      	INCF        _doprntf_ccnt_L0+1, 1, 1
0x3722	0xD034      	BRA         L__doprntf253
L__doprntf250:
;__Lib_Sprintf.c,666 :: 		
0x3724	0xA1BA      	BTFSS       _doprntf_flag_L0, 0, 1
0x3726	0xD00B      	BRA         L__doprntf254
;__Lib_Sprintf.c,667 :: 		
0x3728	0xFFE1C0A6  	MOVFF       FARG__doprntf_pb, FSR1L
0x372C	0xFFE2C0A7  	MOVFF       FARG__doprntf_pb+1, FSR1H
0x3730	0x0E20      	MOVLW       32
0x3732	0x6EE6      	MOVWF       POSTINC1 
0x3734	0x4BA6      	INFSNZ      FARG__doprntf_pb, 1, 1
0x3736	0x2BA7      	INCF        FARG__doprntf_pb+1, 1, 1
0x3738	0x4BC6      	INFSNZ      _doprntf_ccnt_L0, 1, 1
0x373A	0x2BC7      	INCF        _doprntf_ccnt_L0+1, 1, 1
0x373C	0xD027      	BRA         L__doprntf255
L__doprntf254:
;__Lib_Sprintf.c,669 :: 		
0x373E	0x0EC0      	MOVLW       192
0x3740	0x15BA      	ANDWF       _doprntf_flag_L0, 0, 1
0x3742	0x6E01      	MOVWF       R1 
0x3744	0x51BB      	MOVF        _doprntf_flag_L0+1, 0, 1
0x3746	0x0B08      	ANDLW       8
0x3748	0x6E02      	MOVWF       R2 
0x374A	0x5002      	MOVF        R2, 0 
0x374C	0x0A08      	XORLW       8
0x374E	0xE102      	BNZ         L___doprntf362
0x3750	0x0E80      	MOVLW       128
0x3752	0x1801      	XORWF       R1, 0 
L___doprntf362:
0x3754	0xE11B      	BNZ         L__doprntf256
;__Lib_Sprintf.c,670 :: 		
0x3756	0xFFE1C0A6  	MOVFF       FARG__doprntf_pb, FSR1L
0x375A	0xFFE2C0A7  	MOVFF       FARG__doprntf_pb+1, FSR1H
0x375E	0x0E30      	MOVLW       48
0x3760	0x6EE6      	MOVWF       POSTINC1 
0x3762	0x4BA6      	INFSNZ      FARG__doprntf_pb, 1, 1
0x3764	0x2BA7      	INCF        FARG__doprntf_pb+1, 1, 1
0x3766	0x4BC6      	INFSNZ      _doprntf_ccnt_L0, 1, 1
0x3768	0x2BC7      	INCF        _doprntf_ccnt_L0+1, 1, 1
;__Lib_Sprintf.c,671 :: 		
0x376A	0xABBA      	BTFSS       _doprntf_flag_L0, 5, 1
0x376C	0xD003      	BRA         L__doprntf257
0x376E	0x0E58      	MOVLW       88
0x3770	0x6FB2      	MOVWF       ?FLOC____doprntfT683, 1
0x3772	0xD002      	BRA         L__doprntf258
L__doprntf257:
0x3774	0x0E78      	MOVLW       120
0x3776	0x6FB2      	MOVWF       ?FLOC____doprntfT683, 1
L__doprntf258:
0x3778	0xFFE1C0A6  	MOVFF       FARG__doprntf_pb, FSR1L
0x377C	0xFFE2C0A7  	MOVFF       FARG__doprntf_pb+1, FSR1H
0x3780	0xFFE6C0B2  	MOVFF       ?FLOC____doprntfT683, POSTINC1
0x3784	0x4BA6      	INFSNZ      FARG__doprntf_pb, 1, 1
0x3786	0x2BA7      	INCF        FARG__doprntf_pb+1, 1, 1
0x3788	0x4BC6      	INFSNZ      _doprntf_ccnt_L0, 1, 1
0x378A	0x2BC7      	INCF        _doprntf_ccnt_L0+1, 1, 1
;__Lib_Sprintf.c,672 :: 		
L__doprntf256:
L__doprntf255:
L__doprntf253:
;__Lib_Sprintf.c,673 :: 		
0x378C	0x51B8      	MOVF        _doprntf_width_L0, 0, 1
0x378E	0x11B9      	IORWF       _doprntf_width_L0+1, 0, 1
0x3790	0xE011      	BZ          L__doprntf259
;__Lib_Sprintf.c,674 :: 		
L__doprntf260:
;__Lib_Sprintf.c,675 :: 		
0x3792	0xFFE1C0A6  	MOVFF       FARG__doprntf_pb, FSR1L
0x3796	0xFFE2C0A7  	MOVFF       FARG__doprntf_pb+1, FSR1H
0x379A	0x0E30      	MOVLW       48
0x379C	0x6EE6      	MOVWF       POSTINC1 
0x379E	0x4BA6      	INFSNZ      FARG__doprntf_pb, 1, 1
0x37A0	0x2BA7      	INCF        FARG__doprntf_pb+1, 1, 1
0x37A2	0x4BC6      	INFSNZ      _doprntf_ccnt_L0, 1, 1
0x37A4	0x2BC7      	INCF        _doprntf_ccnt_L0+1, 1, 1
;__Lib_Sprintf.c,676 :: 		
0x37A6	0x0E01      	MOVLW       1
0x37A8	0x5FB8      	SUBWF       _doprntf_width_L0, 1, 1
0x37AA	0x0E00      	MOVLW       0
0x37AC	0x5BB9      	SUBWFB      _doprntf_width_L0+1, 1, 1
0x37AE	0x51B8      	MOVF        _doprntf_width_L0, 0, 1
0x37B0	0x11B9      	IORWF       _doprntf_width_L0+1, 0, 1
0x37B2	0xE1EF      	BNZ         L__doprntf260
L__doprntf259:
;__Lib_Sprintf.c,677 :: 		
0x37B4	0xD074      	BRA         L__doprntf263
L__doprntf249:
;__Lib_Sprintf.c,679 :: 		
0x37B6	0x51B8      	MOVF        _doprntf_width_L0, 0, 1
0x37B8	0x11B9      	IORWF       _doprntf_width_L0+1, 0, 1
0x37BA	0xE013      	BZ          L__doprntf266
0x37BC	0xB7BA      	BTFSC       _doprntf_flag_L0, 3, 1
0x37BE	0xD011      	BRA         L__doprntf266
L___doprntf299:
;__Lib_Sprintf.c,680 :: 		
L__doprntf267:
;__Lib_Sprintf.c,681 :: 		
0x37C0	0xFFE1C0A6  	MOVFF       FARG__doprntf_pb, FSR1L
0x37C4	0xFFE2C0A7  	MOVFF       FARG__doprntf_pb+1, FSR1H
0x37C8	0x0E20      	MOVLW       32
0x37CA	0x6EE6      	MOVWF       POSTINC1 
0x37CC	0x4BA6      	INFSNZ      FARG__doprntf_pb, 1, 1
0x37CE	0x2BA7      	INCF        FARG__doprntf_pb+1, 1, 1
0x37D0	0x4BC6      	INFSNZ      _doprntf_ccnt_L0, 1, 1
0x37D2	0x2BC7      	INCF        _doprntf_ccnt_L0+1, 1, 1
;__Lib_Sprintf.c,682 :: 		
0x37D4	0x0E01      	MOVLW       1
0x37D6	0x5FB8      	SUBWF       _doprntf_width_L0, 1, 1
0x37D8	0x0E00      	MOVLW       0
0x37DA	0x5BB9      	SUBWFB      _doprntf_width_L0+1, 1, 1
0x37DC	0x51B8      	MOVF        _doprntf_width_L0, 0, 1
0x37DE	0x11B9      	IORWF       _doprntf_width_L0+1, 0, 1
0x37E0	0xE1EF      	BNZ         L__doprntf267
L__doprntf266:
;__Lib_Sprintf.c,683 :: 		
0x37E2	0xA3BA      	BTFSS       _doprntf_flag_L0, 1, 1
0x37E4	0xD012      	BRA         L__doprntf270
;__Lib_Sprintf.c,684 :: 		
0x37E6	0xA1BA      	BTFSS       _doprntf_flag_L0, 0, 1
0x37E8	0xD003      	BRA         L__doprntf271
0x37EA	0x0E2D      	MOVLW       45
0x37EC	0x6FB3      	MOVWF       ?FLOC____doprntfT697, 1
0x37EE	0xD002      	BRA         L__doprntf272
L__doprntf271:
0x37F0	0x0E2B      	MOVLW       43
0x37F2	0x6FB3      	MOVWF       ?FLOC____doprntfT697, 1
L__doprntf272:
0x37F4	0xFFE1C0A6  	MOVFF       FARG__doprntf_pb, FSR1L
0x37F8	0xFFE2C0A7  	MOVFF       FARG__doprntf_pb+1, FSR1H
0x37FC	0xFFE6C0B3  	MOVFF       ?FLOC____doprntfT697, POSTINC1
0x3800	0x4BA6      	INFSNZ      FARG__doprntf_pb, 1, 1
0x3802	0x2BA7      	INCF        FARG__doprntf_pb+1, 1, 1
0x3804	0x4BC6      	INFSNZ      _doprntf_ccnt_L0, 1, 1
0x3806	0x2BC7      	INCF        _doprntf_ccnt_L0+1, 1, 1
0x3808	0xD00C      	BRA         L__doprntf273
L__doprntf270:
;__Lib_Sprintf.c,686 :: 		
0x380A	0xA1BA      	BTFSS       _doprntf_flag_L0, 0, 1
0x380C	0xD00A      	BRA         L__doprntf274
;__Lib_Sprintf.c,687 :: 		
0x380E	0xFFE1C0A6  	MOVFF       FARG__doprntf_pb, FSR1L
0x3812	0xFFE2C0A7  	MOVFF       FARG__doprntf_pb+1, FSR1H
0x3816	0x0E20      	MOVLW       32
0x3818	0x6EE6      	MOVWF       POSTINC1 
0x381A	0x4BA6      	INFSNZ      FARG__doprntf_pb, 1, 1
0x381C	0x2BA7      	INCF        FARG__doprntf_pb+1, 1, 1
0x381E	0x4BC6      	INFSNZ      _doprntf_ccnt_L0, 1, 1
0x3820	0x2BC7      	INCF        _doprntf_ccnt_L0+1, 1, 1
L__doprntf274:
L__doprntf273:
;__Lib_Sprintf.c,688 :: 		
0x3822	0x0EC0      	MOVLW       192
0x3824	0x15BA      	ANDWF       _doprntf_flag_L0, 0, 1
0x3826	0x6E01      	MOVWF       R1 
0x3828	0x51BB      	MOVF        _doprntf_flag_L0+1, 0, 1
0x382A	0x0B08      	ANDLW       8
0x382C	0x6E02      	MOVWF       R2 
0x382E	0x5002      	MOVF        R2, 0 
0x3830	0x0A08      	XORLW       8
0x3832	0xE102      	BNZ         L___doprntf363
0x3834	0x0E40      	MOVLW       64
0x3836	0x1801      	XORWF       R1, 0 
L___doprntf363:
0x3838	0xE10B      	BNZ         L__doprntf275
;__Lib_Sprintf.c,689 :: 		
0x383A	0xFFE1C0A6  	MOVFF       FARG__doprntf_pb, FSR1L
0x383E	0xFFE2C0A7  	MOVFF       FARG__doprntf_pb+1, FSR1H
0x3842	0x0E30      	MOVLW       48
0x3844	0x6EE6      	MOVWF       POSTINC1 
0x3846	0x4BA6      	INFSNZ      FARG__doprntf_pb, 1, 1
0x3848	0x2BA7      	INCF        FARG__doprntf_pb+1, 1, 1
0x384A	0x4BC6      	INFSNZ      _doprntf_ccnt_L0, 1, 1
0x384C	0x2BC7      	INCF        _doprntf_ccnt_L0+1, 1, 1
0x384E	0xD027      	BRA         L__doprntf276
L__doprntf275:
;__Lib_Sprintf.c,691 :: 		
0x3850	0x0EC0      	MOVLW       192
0x3852	0x15BA      	ANDWF       _doprntf_flag_L0, 0, 1
0x3854	0x6E01      	MOVWF       R1 
0x3856	0x51BB      	MOVF        _doprntf_flag_L0+1, 0, 1
0x3858	0x0B08      	ANDLW       8
0x385A	0x6E02      	MOVWF       R2 
0x385C	0x5002      	MOVF        R2, 0 
0x385E	0x0A08      	XORLW       8
0x3860	0xE102      	BNZ         L___doprntf364
0x3862	0x0E80      	MOVLW       128
0x3864	0x1801      	XORWF       R1, 0 
L___doprntf364:
0x3866	0xE11B      	BNZ         L__doprntf277
;__Lib_Sprintf.c,692 :: 		
0x3868	0xFFE1C0A6  	MOVFF       FARG__doprntf_pb, FSR1L
0x386C	0xFFE2C0A7  	MOVFF       FARG__doprntf_pb+1, FSR1H
0x3870	0x0E30      	MOVLW       48
0x3872	0x6EE6      	MOVWF       POSTINC1 
0x3874	0x4BA6      	INFSNZ      FARG__doprntf_pb, 1, 1
0x3876	0x2BA7      	INCF        FARG__doprntf_pb+1, 1, 1
0x3878	0x4BC6      	INFSNZ      _doprntf_ccnt_L0, 1, 1
0x387A	0x2BC7      	INCF        _doprntf_ccnt_L0+1, 1, 1
;__Lib_Sprintf.c,693 :: 		
0x387C	0xABBA      	BTFSS       _doprntf_flag_L0, 5, 1
0x387E	0xD003      	BRA         L__doprntf278
0x3880	0x0E58      	MOVLW       88
0x3882	0x6FB4      	MOVWF       ?FLOC____doprntfT712, 1
0x3884	0xD002      	BRA         L__doprntf279
L__doprntf278:
0x3886	0x0E78      	MOVLW       120
0x3888	0x6FB4      	MOVWF       ?FLOC____doprntfT712, 1
L__doprntf279:
0x388A	0xFFE1C0A6  	MOVFF       FARG__doprntf_pb, FSR1L
0x388E	0xFFE2C0A7  	MOVFF       FARG__doprntf_pb+1, FSR1H
0x3892	0xFFE6C0B4  	MOVFF       ?FLOC____doprntfT712, POSTINC1
0x3896	0x4BA6      	INFSNZ      FARG__doprntf_pb, 1, 1
0x3898	0x2BA7      	INCF        FARG__doprntf_pb+1, 1, 1
0x389A	0x4BC6      	INFSNZ      _doprntf_ccnt_L0, 1, 1
0x389C	0x2BC7      	INCF        _doprntf_ccnt_L0+1, 1, 1
;__Lib_Sprintf.c,694 :: 		
L__doprntf277:
L__doprntf276:
;__Lib_Sprintf.c,695 :: 		
L__doprntf263:
;__Lib_Sprintf.c,696 :: 		
L__doprntf280:
0x389E	0x0E80      	MOVLW       128
0x38A0	0x6E00      	MOVWF       R0 
0x38A2	0x0E80      	MOVLW       128
0x38A4	0x19B6      	XORWF       _doprntf_prec_L0+1, 0, 1
0x38A6	0x5C00      	SUBWF       R0, 0 
0x38A8	0xE102      	BNZ         L___doprntf365
0x38AA	0x51B5      	MOVF        _doprntf_prec_L0, 0, 1
0x38AC	0x5DB7      	SUBWF       _doprntf_c_L0, 0, 1
L___doprntf365:
0x38AE	0xE20B      	BC          L__doprntf281
;__Lib_Sprintf.c,697 :: 		
0x38B0	0xFFE1C0A6  	MOVFF       FARG__doprntf_pb, FSR1L
0x38B4	0xFFE2C0A7  	MOVFF       FARG__doprntf_pb+1, FSR1H
0x38B8	0x0E30      	MOVLW       48
0x38BA	0x6EE6      	MOVWF       POSTINC1 
0x38BC	0x4BA6      	INFSNZ      FARG__doprntf_pb, 1, 1
0x38BE	0x2BA7      	INCF        FARG__doprntf_pb+1, 1, 1
0x38C0	0x4BC6      	INFSNZ      _doprntf_ccnt_L0, 1, 1
0x38C2	0x2BC7      	INCF        _doprntf_ccnt_L0+1, 1, 1
0x38C4	0xD7EC      	BRA         L__doprntf280
L__doprntf281:
;__Lib_Sprintf.c,698 :: 		
L__doprntf282:
0x38C6	0xF000C0B5  	MOVFF       _doprntf_prec_L0, R0
0x38CA	0xF001C0B6  	MOVFF       _doprntf_prec_L0+1, R1
0x38CE	0x0E01      	MOVLW       1
0x38D0	0x5FB5      	SUBWF       _doprntf_prec_L0, 1, 1
0x38D2	0x0E00      	MOVLW       0
0x38D4	0x5BB6      	SUBWFB      _doprntf_prec_L0+1, 1, 1
0x38D6	0x5000      	MOVF        R0, 0 
0x38D8	0x1001      	IORWF       R1, 0 
0x38DA	0xB4D8      	BTFSC       STATUS, 2 
0x38DC	0xD12A      	BRA         L__doprntf283
;__Lib_Sprintf.c,699 :: 		
0x38DE	0x0EC0      	MOVLW       192
0x38E0	0x15BA      	ANDWF       _doprntf_flag_L0, 0, 1
0x38E2	0x6E00      	MOVWF       R0 
0x38E4	0xF0C8C000  	MOVFF       R0, FLOC___doprntf
0x38E8	0xD10A      	BRA         L__doprntf284
;__Lib_Sprintf.c,700 :: 		
L__doprntf286:
;__Lib_Sprintf.c,701 :: 		
L__doprntf287:
;__Lib_Sprintf.c,702 :: 		
0x38EA	0xF000C0B5  	MOVFF       _doprntf_prec_L0, R0
0x38EE	0xF001C0B6  	MOVFF       _doprntf_prec_L0+1, R1
0x38F2	0x0E00      	MOVLW       0
0x38F4	0xBFB6      	BTFSC       _doprntf_prec_L0+1, 7, 1
0x38F6	0x0EFF      	MOVLW       255
0x38F8	0x6E02      	MOVWF       R2 
0x38FA	0x6E03      	MOVWF       R3 
0x38FC	0x3600      	RLCF        R0, 1 
0x38FE	0x9000      	BCF         R0, 0 
0x3900	0x3601      	RLCF        R1, 1 
0x3902	0x3602      	RLCF        R2, 1 
0x3904	0x3603      	RLCF        R3, 1 
0x3906	0x3600      	RLCF        R0, 1 
0x3908	0x9000      	BCF         R0, 0 
0x390A	0x3601      	RLCF        R1, 1 
0x390C	0x3602      	RLCF        R2, 1 
0x390E	0x3603      	RLCF        R3, 1 
0x3910	0x0E15      	MOVLW       __Lib_Sprintf_dpowers
0x3912	0x2400      	ADDWF       R0, 0 
0x3914	0x6EF6      	MOVWF       TBLPTR 
0x3916	0x0E46      	MOVLW       hi_addr(__Lib_Sprintf_dpowers)
0x3918	0x2001      	ADDWFC      R1, 0 
0x391A	0x6EF7      	MOVWF       TBLPTR+1 
0x391C	0x0E00      	MOVLW       higher_addr(__Lib_Sprintf_dpowers)
0x391E	0x2002      	ADDWFC      R2, 0 
0x3920	0x6EF8      	MOVWF       TBLPTR+2 
0x3922	0x0009      	TBLRD*+
0x3924	0xF004CFF5  	MOVFF       TABLAT, R4
0x3928	0x0009      	TBLRD*+
0x392A	0xF005CFF5  	MOVFF       TABLAT, R5
0x392E	0x0009      	TBLRD*+
0x3930	0xF006CFF5  	MOVFF       TABLAT, R6
0x3934	0x0009      	TBLRD*+
0x3936	0xF007CFF5  	MOVFF       TABLAT, R7
0x393A	0xF000C0C2  	MOVFF       _doprntf__val_L0, R0
0x393E	0xF001C0C3  	MOVFF       _doprntf__val_L0+1, R1
0x3942	0xF002C0C4  	MOVFF       _doprntf__val_L0+2, R2
0x3946	0xF003C0C5  	MOVFF       _doprntf__val_L0+3, R3
0x394A	0xF004EC75  	CALL        _Div_32x32_U, 0
0x394E	0x0E0A      	MOVLW       10
0x3950	0x6E04      	MOVWF       R4 
0x3952	0x0E00      	MOVLW       0
0x3954	0x6E05      	MOVWF       R5 
0x3956	0x6E06      	MOVWF       R6 
0x3958	0x6E07      	MOVWF       R7 
0x395A	0xF004EC75  	CALL        _Div_32x32_U, 0
0x395E	0xF000C008  	MOVFF       R8, R0
0x3962	0xF001C009  	MOVFF       R9, R1
0x3966	0xF002C00A  	MOVFF       R10, R2
0x396A	0xF003C00B  	MOVFF       R11, R3
0x396E	0x0E30      	MOVLW       48
0x3970	0x2400      	ADDWF       R0, 0 
0x3972	0x6FB7      	MOVWF       _doprntf_c_L0, 1
;__Lib_Sprintf.c,703 :: 		
0x3974	0xD0D3      	BRA         L__doprntf285
;__Lib_Sprintf.c,705 :: 		
L__doprntf288:
;__Lib_Sprintf.c,706 :: 		
0x3976	0xABBA      	BTFSS       _doprntf_flag_L0, 5, 1
0x3978	0xD045      	BRA         L__doprntf289
;__Lib_Sprintf.c,707 :: 		
0x397A	0xF000C0B5  	MOVFF       _doprntf_prec_L0, R0
0x397E	0xF001C0B6  	MOVFF       _doprntf_prec_L0+1, R1
0x3982	0x0E00      	MOVLW       0
0x3984	0xBFB6      	BTFSC       _doprntf_prec_L0+1, 7, 1
0x3986	0x0EFF      	MOVLW       255
0x3988	0x6E02      	MOVWF       R2 
0x398A	0x6E03      	MOVWF       R3 
0x398C	0x3600      	RLCF        R0, 1 
0x398E	0x9000      	BCF         R0, 0 
0x3990	0x3601      	RLCF        R1, 1 
0x3992	0x3602      	RLCF        R2, 1 
0x3994	0x3603      	RLCF        R3, 1 
0x3996	0x3600      	RLCF        R0, 1 
0x3998	0x9000      	BCF         R0, 0 
0x399A	0x3601      	RLCF        R1, 1 
0x399C	0x3602      	RLCF        R2, 1 
0x399E	0x3603      	RLCF        R3, 1 
0x39A0	0x0E3D      	MOVLW       __Lib_Sprintf_hexpowers
0x39A2	0x2400      	ADDWF       R0, 0 
0x39A4	0x6EF6      	MOVWF       TBLPTR 
0x39A6	0x0E46      	MOVLW       hi_addr(__Lib_Sprintf_hexpowers)
0x39A8	0x2001      	ADDWFC      R1, 0 
0x39AA	0x6EF7      	MOVWF       TBLPTR+1 
0x39AC	0x0E00      	MOVLW       higher_addr(__Lib_Sprintf_hexpowers)
0x39AE	0x2002      	ADDWFC      R2, 0 
0x39B0	0x6EF8      	MOVWF       TBLPTR+2 
0x39B2	0x0009      	TBLRD*+
0x39B4	0xF004CFF5  	MOVFF       TABLAT, R4
0x39B8	0x0009      	TBLRD*+
0x39BA	0xF005CFF5  	MOVFF       TABLAT, R5
0x39BE	0x0009      	TBLRD*+
0x39C0	0xF006CFF5  	MOVFF       TABLAT, R6
0x39C4	0x0009      	TBLRD*+
0x39C6	0xF007CFF5  	MOVFF       TABLAT, R7
0x39CA	0xF000C0C2  	MOVFF       _doprntf__val_L0, R0
0x39CE	0xF001C0C3  	MOVFF       _doprntf__val_L0+1, R1
0x39D2	0xF002C0C4  	MOVFF       _doprntf__val_L0+2, R2
0x39D6	0xF003C0C5  	MOVFF       _doprntf__val_L0+3, R3
0x39DA	0xF004EC75  	CALL        _Div_32x32_U, 0
0x39DE	0x0E0F      	MOVLW       15
0x39E0	0x1600      	ANDWF       R0, 1 
0x39E2	0x0E00      	MOVLW       0
0x39E4	0x1601      	ANDWF       R1, 1 
0x39E6	0x1602      	ANDWF       R2, 1 
0x39E8	0x1603      	ANDWF       R3, 1 
0x39EA	0x0E71      	MOVLW       __Lib_Sprintf_hexb
0x39EC	0x2400      	ADDWF       R0, 0 
0x39EE	0x6EF6      	MOVWF       TBLPTR 
0x39F0	0x0E46      	MOVLW       hi_addr(__Lib_Sprintf_hexb)
0x39F2	0x2001      	ADDWFC      R1, 0 
0x39F4	0x6EF7      	MOVWF       TBLPTR+1 
0x39F6	0x0E00      	MOVLW       higher_addr(__Lib_Sprintf_hexb)
0x39F8	0x2002      	ADDWFC      R2, 0 
0x39FA	0x6EF8      	MOVWF       TBLPTR+2 
0x39FC	0x0009      	TBLRD*+
0x39FE	0xF0B7CFF5  	MOVFF       TABLAT, _doprntf_c_L0
0x3A02	0xD044      	BRA         L__doprntf290
L__doprntf289:
;__Lib_Sprintf.c,709 :: 		
0x3A04	0xF000C0B5  	MOVFF       _doprntf_prec_L0, R0
0x3A08	0xF001C0B6  	MOVFF       _doprntf_prec_L0+1, R1
0x3A0C	0x0E00      	MOVLW       0
0x3A0E	0xBFB6      	BTFSC       _doprntf_prec_L0+1, 7, 1
0x3A10	0x0EFF      	MOVLW       255
0x3A12	0x6E02      	MOVWF       R2 
0x3A14	0x6E03      	MOVWF       R3 
0x3A16	0x3600      	RLCF        R0, 1 
0x3A18	0x9000      	BCF         R0, 0 
0x3A1A	0x3601      	RLCF        R1, 1 
0x3A1C	0x3602      	RLCF        R2, 1 
0x3A1E	0x3603      	RLCF        R3, 1 
0x3A20	0x3600      	RLCF        R0, 1 
0x3A22	0x9000      	BCF         R0, 0 
0x3A24	0x3601      	RLCF        R1, 1 
0x3A26	0x3602      	RLCF        R2, 1 
0x3A28	0x3603      	RLCF        R3, 1 
0x3A2A	0x0E3D      	MOVLW       __Lib_Sprintf_hexpowers
0x3A2C	0x2400      	ADDWF       R0, 0 
0x3A2E	0x6EF6      	MOVWF       TBLPTR 
0x3A30	0x0E46      	MOVLW       hi_addr(__Lib_Sprintf_hexpowers)
0x3A32	0x2001      	ADDWFC      R1, 0 
0x3A34	0x6EF7      	MOVWF       TBLPTR+1 
0x3A36	0x0E00      	MOVLW       higher_addr(__Lib_Sprintf_hexpowers)
0x3A38	0x2002      	ADDWFC      R2, 0 
0x3A3A	0x6EF8      	MOVWF       TBLPTR+2 
0x3A3C	0x0009      	TBLRD*+
0x3A3E	0xF004CFF5  	MOVFF       TABLAT, R4
0x3A42	0x0009      	TBLRD*+
0x3A44	0xF005CFF5  	MOVFF       TABLAT, R5
0x3A48	0x0009      	TBLRD*+
0x3A4A	0xF006CFF5  	MOVFF       TABLAT, R6
0x3A4E	0x0009      	TBLRD*+
0x3A50	0xF007CFF5  	MOVFF       TABLAT, R7
0x3A54	0xF000C0C2  	MOVFF       _doprntf__val_L0, R0
0x3A58	0xF001C0C3  	MOVFF       _doprntf__val_L0+1, R1
0x3A5C	0xF002C0C4  	MOVFF       _doprntf__val_L0+2, R2
0x3A60	0xF003C0C5  	MOVFF       _doprntf__val_L0+3, R3
0x3A64	0xF004EC75  	CALL        _Div_32x32_U, 0
0x3A68	0x0E0F      	MOVLW       15
0x3A6A	0x1600      	ANDWF       R0, 1 
0x3A6C	0x0E00      	MOVLW       0
0x3A6E	0x1601      	ANDWF       R1, 1 
0x3A70	0x1602      	ANDWF       R2, 1 
0x3A72	0x1603      	ANDWF       R3, 1 
0x3A74	0x0E82      	MOVLW       __Lib_Sprintf_hexs
0x3A76	0x2400      	ADDWF       R0, 0 
0x3A78	0x6EF6      	MOVWF       TBLPTR 
0x3A7A	0x0E46      	MOVLW       hi_addr(__Lib_Sprintf_hexs)
0x3A7C	0x2001      	ADDWFC      R1, 0 
0x3A7E	0x6EF7      	MOVWF       TBLPTR+1 
0x3A80	0x0E00      	MOVLW       higher_addr(__Lib_Sprintf_hexs)
0x3A82	0x2002      	ADDWFC      R2, 0 
0x3A84	0x6EF8      	MOVWF       TBLPTR+2 
0x3A86	0x0009      	TBLRD*+
0x3A88	0xF0B7CFF5  	MOVFF       TABLAT, _doprntf_c_L0
L__doprntf290:
;__Lib_Sprintf.c,710 :: 		
0x3A8C	0xD047      	BRA         L__doprntf285
;__Lib_Sprintf.c,712 :: 		
L__doprntf291:
;__Lib_Sprintf.c,713 :: 		
0x3A8E	0xF000C0B5  	MOVFF       _doprntf_prec_L0, R0
0x3A92	0xF001C0B6  	MOVFF       _doprntf_prec_L0+1, R1
0x3A96	0x0E00      	MOVLW       0
0x3A98	0xBFB6      	BTFSC       _doprntf_prec_L0+1, 7, 1
0x3A9A	0x0EFF      	MOVLW       255
0x3A9C	0x6E02      	MOVWF       R2 
0x3A9E	0x6E03      	MOVWF       R3 
0x3AA0	0x3600      	RLCF        R0, 1 
0x3AA2	0x9000      	BCF         R0, 0 
0x3AA4	0x3601      	RLCF        R1, 1 
0x3AA6	0x3602      	RLCF        R2, 1 
0x3AA8	0x3603      	RLCF        R3, 1 
0x3AAA	0x3600      	RLCF        R0, 1 
0x3AAC	0x9000      	BCF         R0, 0 
0x3AAE	0x3601      	RLCF        R1, 1 
0x3AB0	0x3602      	RLCF        R2, 1 
0x3AB2	0x3603      	RLCF        R3, 1 
0x3AB4	0x0EE5      	MOVLW       __Lib_Sprintf_octpowers
0x3AB6	0x2400      	ADDWF       R0, 0 
0x3AB8	0x6EF6      	MOVWF       TBLPTR 
0x3ABA	0x0E45      	MOVLW       hi_addr(__Lib_Sprintf_octpowers)
0x3ABC	0x2001      	ADDWFC      R1, 0 
0x3ABE	0x6EF7      	MOVWF       TBLPTR+1 
0x3AC0	0x0E00      	MOVLW       higher_addr(__Lib_Sprintf_octpowers)
0x3AC2	0x2002      	ADDWFC      R2, 0 
0x3AC4	0x6EF8      	MOVWF       TBLPTR+2 
0x3AC6	0x0009      	TBLRD*+
0x3AC8	0xF004CFF5  	MOVFF       TABLAT, R4
0x3ACC	0x0009      	TBLRD*+
0x3ACE	0xF005CFF5  	MOVFF       TABLAT, R5
0x3AD2	0x0009      	TBLRD*+
0x3AD4	0xF006CFF5  	MOVFF       TABLAT, R6
0x3AD8	0x0009      	TBLRD*+
0x3ADA	0xF007CFF5  	MOVFF       TABLAT, R7
0x3ADE	0xF000C0C2  	MOVFF       _doprntf__val_L0, R0
0x3AE2	0xF001C0C3  	MOVFF       _doprntf__val_L0+1, R1
0x3AE6	0xF002C0C4  	MOVFF       _doprntf__val_L0+2, R2
0x3AEA	0xF003C0C5  	MOVFF       _doprntf__val_L0+3, R3
0x3AEE	0xF004EC75  	CALL        _Div_32x32_U, 0
0x3AF2	0x0E07      	MOVLW       7
0x3AF4	0x1400      	ANDWF       R0, 0 
0x3AF6	0x6FB7      	MOVWF       _doprntf_c_L0, 1
0x3AF8	0x0E30      	MOVLW       48
0x3AFA	0x27B7      	ADDWF       _doprntf_c_L0, 1, 1
;__Lib_Sprintf.c,714 :: 		
0x3AFC	0xD00F      	BRA         L__doprntf285
;__Lib_Sprintf.c,715 :: 		
L__doprntf284:
0x3AFE	0x51C8      	MOVF        FLOC___doprntf, 0, 1
0x3B00	0x0A00      	XORLW       0
0x3B02	0xB4D8      	BTFSC       STATUS, 2 
0x3B04	0xD6F2      	BRA         L__doprntf286
0x3B06	0x51C8      	MOVF        FLOC___doprntf, 0, 1
0x3B08	0x0AC0      	XORLW       192
0x3B0A	0xB4D8      	BTFSC       STATUS, 2 
0x3B0C	0xD6EE      	BRA         L__doprntf287
0x3B0E	0x51C8      	MOVF        FLOC___doprntf, 0, 1
0x3B10	0x0A80      	XORLW       128
0x3B12	0xB4D8      	BTFSC       STATUS, 2 
0x3B14	0xD730      	BRA         L__doprntf288
0x3B16	0x51C8      	MOVF        FLOC___doprntf, 0, 1
0x3B18	0x0A40      	XORLW       64
0x3B1A	0xE0B9      	BZ          L__doprntf291
L__doprntf285:
;__Lib_Sprintf.c,716 :: 		
0x3B1C	0xFFE1C0A6  	MOVFF       FARG__doprntf_pb, FSR1L
0x3B20	0xFFE2C0A7  	MOVFF       FARG__doprntf_pb+1, FSR1H
0x3B24	0xFFE6C0B7  	MOVFF       _doprntf_c_L0, POSTINC1
0x3B28	0x4BA6      	INFSNZ      FARG__doprntf_pb, 1, 1
0x3B2A	0x2BA7      	INCF        FARG__doprntf_pb+1, 1, 1
0x3B2C	0x4BC6      	INFSNZ      _doprntf_ccnt_L0, 1, 1
0x3B2E	0x2BC7      	INCF        _doprntf_ccnt_L0+1, 1, 1
;__Lib_Sprintf.c,717 :: 		
0x3B30	0xD6CA      	BRA         L__doprntf282
L__doprntf283:
;__Lib_Sprintf.c,718 :: 		
0x3B32	0xA7BA      	BTFSS       _doprntf_flag_L0, 3, 1
0x3B34	0xD01A      	BRA         L__doprntf294
0x3B36	0x0E80      	MOVLW       128
0x3B38	0x6E00      	MOVWF       R0 
0x3B3A	0x0E80      	MOVLW       128
0x3B3C	0x19B9      	XORWF       _doprntf_width_L0+1, 0, 1
0x3B3E	0x5C00      	SUBWF       R0, 0 
0x3B40	0xE102      	BNZ         L___doprntf366
0x3B42	0x51B8      	MOVF        _doprntf_width_L0, 0, 1
0x3B44	0x0800      	SUBLW       0
L___doprntf366:
0x3B46	0xE211      	BC          L__doprntf294
L___doprntf298:
;__Lib_Sprintf.c,719 :: 		
L__doprntf295:
;__Lib_Sprintf.c,720 :: 		
0x3B48	0xFFE1C0A6  	MOVFF       FARG__doprntf_pb, FSR1L
0x3B4C	0xFFE2C0A7  	MOVFF       FARG__doprntf_pb+1, FSR1H
0x3B50	0x0E20      	MOVLW       32
0x3B52	0x6EE6      	MOVWF       POSTINC1 
0x3B54	0x4BA6      	INFSNZ      FARG__doprntf_pb, 1, 1
0x3B56	0x2BA7      	INCF        FARG__doprntf_pb+1, 1, 1
0x3B58	0x4BC6      	INFSNZ      _doprntf_ccnt_L0, 1, 1
0x3B5A	0x2BC7      	INCF        _doprntf_ccnt_L0+1, 1, 1
;__Lib_Sprintf.c,721 :: 		
0x3B5C	0x0E01      	MOVLW       1
0x3B5E	0x5FB8      	SUBWF       _doprntf_width_L0, 1, 1
0x3B60	0x0E00      	MOVLW       0
0x3B62	0x5BB9      	SUBWFB      _doprntf_width_L0+1, 1, 1
0x3B64	0x51B8      	MOVF        _doprntf_width_L0, 0, 1
0x3B66	0x11B9      	IORWF       _doprntf_width_L0+1, 0, 1
0x3B68	0xE1EF      	BNZ         L__doprntf295
L__doprntf294:
;__Lib_Sprintf.c,722 :: 		
0x3B6A	0xF00DEFB2  	GOTO        L__doprntf10
L__doprntf11:
;__Lib_Sprintf.c,723 :: 		
0x3B6E	0xF000C0C6  	MOVFF       _doprntf_ccnt_L0, R0
0x3B72	0xF001C0C7  	MOVFF       _doprntf_ccnt_L0+1, R1
;__Lib_Sprintf.c,725 :: 		
L_end__doprntf:
0x3B76	0x0012      	RETURN      0
; end of __doprntf
_Lcd_Chr_CP:
;__Lib_Lcd.c,50 :: 		
;__Lib_Lcd.c,52 :: 		
0x3B78	0x0100      	MOVLB       0
0x3B7A	0x9188      	BCF         __Lib_Lcd_cmd_status, BitPos(__Lib_Lcd_cmd_status+0), 1
;__Lib_Lcd.c,53 :: 		
0x3B7C	0xF0CEC0A6  	MOVFF       FARG_Lcd_Chr_CP_out_char, FARG_Lcd_Cmd_out_char
0x3B80	0xF008EC24  	CALL        _Lcd_Cmd, 0
;__Lib_Lcd.c,54 :: 		
0x3B84	0x8188      	BSF         __Lib_Lcd_cmd_status, BitPos(__Lib_Lcd_cmd_status+0), 1
;__Lib_Lcd.c,55 :: 		
L_end_Lcd_Chr_CP:
0x3B86	0x0012      	RETURN      0
; end of _Lcd_Chr_CP
_Mul_32x32_U:
;__Lib_Math.c,1616 :: 		
;__Lib_Math.c,1631 :: 		
0x3B88	0x0E22      	MOVLW       34
;__Lib_Math.c,1632 :: 		
0x3B8A	0x6E0C      	MOVWF       R12, 0
;__Lib_Math.c,1633 :: 		
0x3B8C	0x6A08      	CLRF        R8, 0
;__Lib_Math.c,1634 :: 		
0x3B8E	0x6A09      	CLRF        R9, 0
;__Lib_Math.c,1635 :: 		
0x3B90	0x6A0A      	CLRF        R10, 0
;__Lib_Math.c,1636 :: 		
0x3B92	0x6A0B      	CLRF        R11, 0
;__Lib_Math.c,1638 :: 		
_NEXT:
;__Lib_Math.c,1642 :: 		
0x3B94	0x060C      	DECF        R12, 1, 0
;__Lib_Math.c,1643 :: 		
0x3B96	0xB4D8      	BTFSC       STATUS, 2, 0
;__Lib_Math.c,1644 :: 		
0x3B98	0xD01F      	BRA         _EXIT2
;__Lib_Math.c,1645 :: 		
0x3B9A	0x90D8      	BCF         STATUS, 0, 0
;__Lib_Math.c,1647 :: 		
_LOOP:
;__Lib_Math.c,1656 :: 		
0x3B9C	0x320B      	RRCF        R11, 1, 0
;__Lib_Math.c,1657 :: 		
0x3B9E	0x320A      	RRCF        R10, 1, 0
;__Lib_Math.c,1658 :: 		
0x3BA0	0x3209      	RRCF        R9, 1, 0
;__Lib_Math.c,1659 :: 		
0x3BA2	0x3208      	RRCF        R8, 1, 0
;__Lib_Math.c,1660 :: 		
0x3BA4	0x3203      	RRCF        R3, 1, 0
;__Lib_Math.c,1661 :: 		
0x3BA6	0x3202      	RRCF        R2, 1, 0
;__Lib_Math.c,1662 :: 		
0x3BA8	0x3201      	RRCF        R1, 1, 0
;__Lib_Math.c,1663 :: 		
0x3BAA	0x3200      	RRCF        R0, 1, 0
;__Lib_Math.c,1668 :: 		
0x3BAC	0xA0D8      	BTFSS       STATUS, 0, 0
;__Lib_Math.c,1669 :: 		
0x3BAE	0xD7F2      	BRA         _NEXT
;__Lib_Math.c,1670 :: 		
0x3BB0	0x060C      	DECF        R12, 1, 0
;__Lib_Math.c,1671 :: 		
0x3BB2	0xB4D8      	BTFSC       STATUS, 2, 0
;__Lib_Math.c,1672 :: 		
0x3BB4	0xD009      	BRA         _EXIT1
;__Lib_Math.c,1679 :: 		
0x3BB6	0x5004      	MOVF        R4, 0, 0
;__Lib_Math.c,1680 :: 		
0x3BB8	0x2608      	ADDWF       R8, 1, 0
;__Lib_Math.c,1681 :: 		
0x3BBA	0x5005      	MOVF        R5, 0, 0
;__Lib_Math.c,1684 :: 		
0x3BBC	0x2209      	ADDWFC      R9, 1, 0
;__Lib_Math.c,1685 :: 		
0x3BBE	0x5006      	MOVF        R6, 0, 0
;__Lib_Math.c,1688 :: 		
0x3BC0	0x220A      	ADDWFC      R10, 1, 0
;__Lib_Math.c,1689 :: 		
0x3BC2	0x5007      	MOVF        R7, 0, 0
;__Lib_Math.c,1692 :: 		
0x3BC4	0x220B      	ADDWFC      R11, 1, 0
;__Lib_Math.c,1694 :: 		
0x3BC6	0xD7EA      	BRA         _LOOP
;__Lib_Math.c,1696 :: 		
_EXIT1:
;__Lib_Math.c,1701 :: 		
0x3BC8	0x5004      	MOVF        R4, 0, 0
;__Lib_Math.c,1702 :: 		
0x3BCA	0x2608      	ADDWF       R8, 1, 0
;__Lib_Math.c,1703 :: 		
0x3BCC	0x5005      	MOVF        R5, 0, 0
;__Lib_Math.c,1706 :: 		
0x3BCE	0x2209      	ADDWFC      R9, 1, 0
;__Lib_Math.c,1707 :: 		
0x3BD0	0x5006      	MOVF        R6, 0, 0
;__Lib_Math.c,1710 :: 		
0x3BD2	0x220A      	ADDWFC      R10, 1, 0
;__Lib_Math.c,1711 :: 		
0x3BD4	0x5007      	MOVF        R7, 0, 0
;__Lib_Math.c,1714 :: 		
0x3BD6	0x220B      	ADDWFC      R11, 1, 0
;__Lib_Math.c,1717 :: 		
_EXIT2:
;__Lib_Math.c,1719 :: 		
L_end_Mul_32x32_U:
0x3BD8	0x0012      	RETURN      0
; end of _Mul_32x32_U
_sprintf:
;__Lib_Sprintf.c,728 :: 		
;__Lib_Sprintf.c,733 :: 		
0x3BDA	0x0E9D      	MOVLW       FARG_sprintf_f+3
0x3BDC	0x0100      	MOVLB       0
0x3BDE	0x6FA4      	MOVWF       sprintf_ap_L0, 1
0x3BE0	0x0E00      	MOVLW       hi_addr(FARG_sprintf_f+3)
0x3BE2	0x6FA5      	MOVWF       sprintf_ap_L0+1, 1
;__Lib_Sprintf.c,734 :: 		
0x3BE4	0xF0A6C098  	MOVFF       FARG_sprintf_wh, FARG__doprntf_pb
0x3BE8	0xF0A7C099  	MOVFF       FARG_sprintf_wh+1, FARG__doprntf_pb+1
0x3BEC	0xF0A8C09A  	MOVFF       FARG_sprintf_f, FARG__doprntf_f
0x3BF0	0xF0A9C09B  	MOVFF       FARG_sprintf_f+1, FARG__doprntf_f+1
0x3BF4	0xF0AAC09C  	MOVFF       FARG_sprintf_f+2, FARG__doprntf_f+2
0x3BF8	0x0EA4      	MOVLW       sprintf_ap_L0
0x3BFA	0x6FAB      	MOVWF       FARG__doprntf_ap, 1
0x3BFC	0x0E00      	MOVLW       hi_addr(sprintf_ap_L0)
0x3BFE	0x6FAC      	MOVWF       FARG__doprntf_ap+1, 1
0x3C00	0xF00DECAD  	CALL        __doprntf, 0
0x3C04	0xF0A2C000  	MOVFF       R0, sprintf_cnt_L0
0x3C08	0xF0A3C001  	MOVFF       R1, sprintf_cnt_L0+1
;__Lib_Sprintf.c,735 :: 		
0x3C0C	0x5000      	MOVF        R0, 0 
0x3C0E	0x2598      	ADDWF       FARG_sprintf_wh, 0, 1
0x3C10	0x6EE1      	MOVWF       FSR1L 
0x3C12	0x5001      	MOVF        R1, 0 
0x3C14	0x2199      	ADDWFC      FARG_sprintf_wh+1, 0, 1
0x3C16	0x6EE2      	MOVWF       FSR1L+1 
0x3C18	0x6AE6      	CLRF        POSTINC1 
;__Lib_Sprintf.c,736 :: 		
0x3C1A	0xF000C0A2  	MOVFF       sprintf_cnt_L0, R0
0x3C1E	0xF001C0A3  	MOVFF       sprintf_cnt_L0+1, R1
;__Lib_Sprintf.c,737 :: 		
L_end_sprintf:
0x3C22	0x0012      	RETURN      0
; end of _sprintf
_Lcd_Out:
;__Lib_Lcd.c,184 :: 		
;__Lib_Lcd.c,187 :: 		
0x3C24	0xD010      	BRA         L_Lcd_Out11
;__Lib_Lcd.c,188 :: 		
L_Lcd_Out13:
0x3C26	0x0E80      	MOVLW       128
0x3C28	0x0100      	MOVLB       0
0x3C2A	0x6F98      	MOVWF       FARG_Lcd_Out_row, 1
0x3C2C	0xD01A      	BRA         L_Lcd_Out12
;__Lib_Lcd.c,189 :: 		
L_Lcd_Out14:
0x3C2E	0x0EC0      	MOVLW       192
0x3C30	0x6F98      	MOVWF       FARG_Lcd_Out_row, 1
0x3C32	0xD017      	BRA         L_Lcd_Out12
;__Lib_Lcd.c,190 :: 		
L_Lcd_Out15:
0x3C34	0x0E94      	MOVLW       148
0x3C36	0x6F98      	MOVWF       FARG_Lcd_Out_row, 1
0x3C38	0xD014      	BRA         L_Lcd_Out12
;__Lib_Lcd.c,191 :: 		
L_Lcd_Out16:
0x3C3A	0x0ED4      	MOVLW       212
0x3C3C	0x6F98      	MOVWF       FARG_Lcd_Out_row, 1
0x3C3E	0xD011      	BRA         L_Lcd_Out12
;__Lib_Lcd.c,192 :: 		
L_Lcd_Out17:
0x3C40	0x0E80      	MOVLW       128
0x3C42	0x6F98      	MOVWF       FARG_Lcd_Out_row, 1
;__Lib_Lcd.c,193 :: 		
0x3C44	0xD00E      	BRA         L_Lcd_Out12
L_Lcd_Out11:
0x3C46	0x0100      	MOVLB       0
0x3C48	0x5198      	MOVF        FARG_Lcd_Out_row, 0, 1
0x3C4A	0x0A01      	XORLW       1
0x3C4C	0xE0EC      	BZ          L_Lcd_Out13
0x3C4E	0x5198      	MOVF        FARG_Lcd_Out_row, 0, 1
0x3C50	0x0A02      	XORLW       2
0x3C52	0xE0ED      	BZ          L_Lcd_Out14
0x3C54	0x5198      	MOVF        FARG_Lcd_Out_row, 0, 1
0x3C56	0x0A03      	XORLW       3
0x3C58	0xE0ED      	BZ          L_Lcd_Out15
0x3C5A	0x5198      	MOVF        FARG_Lcd_Out_row, 0, 1
0x3C5C	0x0A04      	XORLW       4
0x3C5E	0xE0ED      	BZ          L_Lcd_Out16
0x3C60	0xD7EF      	BRA         L_Lcd_Out17
L_Lcd_Out12:
;__Lib_Lcd.c,194 :: 		
0x3C62	0x0599      	DECF        FARG_Lcd_Out_column, 0, 1
0x3C64	0x6E00      	MOVWF       R0 
0x3C66	0x5198      	MOVF        FARG_Lcd_Out_row, 0, 1
0x3C68	0x2600      	ADDWF       R0, 1 
0x3C6A	0xF098C000  	MOVFF       R0, FARG_Lcd_Out_row
;__Lib_Lcd.c,196 :: 		
0x3C6E	0xF0CEC000  	MOVFF       R0, FARG_Lcd_Cmd_out_char
0x3C72	0xF008EC24  	CALL        _Lcd_Cmd, 0
;__Lib_Lcd.c,197 :: 		
0x3C76	0x9188      	BCF         __Lib_Lcd_cmd_status, BitPos(__Lib_Lcd_cmd_status+0), 1
;__Lib_Lcd.c,198 :: 		
0x3C78	0x6B9C      	CLRF        Lcd_Out_i_L0, 1
;__Lib_Lcd.c,199 :: 		
L_Lcd_Out18:
0x3C7A	0x519C      	MOVF        Lcd_Out_i_L0, 0, 1
0x3C7C	0x259A      	ADDWF       FARG_Lcd_Out_text, 0, 1
0x3C7E	0x6EE9      	MOVWF       FSR0L 
0x3C80	0x0E00      	MOVLW       0
0x3C82	0x219B      	ADDWFC      FARG_Lcd_Out_text+1, 0, 1
0x3C84	0x6EEA      	MOVWF       FSR0L+1 
0x3C86	0x52EE      	MOVF        POSTINC0, 1 
0x3C88	0xE00B      	BZ          L_Lcd_Out19
;__Lib_Lcd.c,200 :: 		
0x3C8A	0x519C      	MOVF        Lcd_Out_i_L0, 0, 1
0x3C8C	0x259A      	ADDWF       FARG_Lcd_Out_text, 0, 1
0x3C8E	0x6EE9      	MOVWF       FSR0L 
0x3C90	0x0E00      	MOVLW       0
0x3C92	0x219B      	ADDWFC      FARG_Lcd_Out_text+1, 0, 1
0x3C94	0x6EEA      	MOVWF       FSR0L+1 
0x3C96	0xF0A6CFEE  	MOVFF       POSTINC0, FARG_Lcd_Chr_CP_out_char
0x3C9A	0xDF6E      	RCALL       _Lcd_Chr_CP
0x3C9C	0x2B9C      	INCF        Lcd_Out_i_L0, 1, 1
0x3C9E	0xD7ED      	BRA         L_Lcd_Out18
L_Lcd_Out19:
;__Lib_Lcd.c,201 :: 		
0x3CA0	0x8188      	BSF         __Lib_Lcd_cmd_status, BitPos(__Lib_Lcd_cmd_status+0), 1
;__Lib_Lcd.c,202 :: 		
L_end_Lcd_Out:
0x3CA2	0x0012      	RETURN      0
; end of _Lcd_Out
_ADC_Read:
;__Lib_ADC_K22_B.c,70 :: 		
;__Lib_ADC_K22_B.c,73 :: 		
0x3CA4	0x6AC2      	CLRF        ADCON0 
;__Lib_ADC_K22_B.c,74 :: 		
0x3CA6	0x0100      	MOVLB       0
0x3CA8	0x1D65      	COMF        _vref_mask, 0, 1
0x3CAA	0x6E00      	MOVWF       R0 
0x3CAC	0x5000      	MOVF        R0, 0 
0x3CAE	0x16C1      	ANDWF       ADCON1, 1 
;__Lib_ADC_K22_B.c,75 :: 		
0x3CB0	0x0E0F      	MOVLW       15
0x3CB2	0x12C0      	IORWF       ADCON2, 1 
;__Lib_ADC_K22_B.c,76 :: 		
0x3CB4	0x8EC0      	BSF         ADCON2, 7 
;__Lib_ADC_K22_B.c,77 :: 		
0x3CB6	0xF000C098  	MOVFF       FARG_ADC_Read_channel, R0
0x3CBA	0x3600      	RLCF        R0, 1 
0x3CBC	0x9000      	BCF         R0, 0 
0x3CBE	0x3600      	RLCF        R0, 1 
0x3CC0	0x9000      	BCF         R0, 0 
0x3CC2	0x5000      	MOVF        R0, 0 
0x3CC4	0x12C2      	IORWF       ADCON0, 1 
;__Lib_ADC_K22_B.c,78 :: 		
0x3CC6	0x80C2      	BSF         ADCON0, 0 
;__Lib_ADC_K22_B.c,79 :: 		
0x3CC8	0xF00DECA7  	CALL        _Delay_22us, 0
;__Lib_ADC_K22_B.c,80 :: 		
0x3CCC	0x82C2      	BSF         ADCON0, 1 
;__Lib_ADC_K22_B.c,81 :: 		
L_ADC_Read7:
0x3CCE	0xA2C2      	BTFSS       ADCON0, 1 
0x3CD0	0xD001      	BRA         L_ADC_Read8
;__Lib_ADC_K22_B.c,82 :: 		
0x3CD2	0xD7FD      	BRA         L_ADC_Read7
L_ADC_Read8:
;__Lib_ADC_K22_B.c,83 :: 		
0x3CD4	0xF001CFC4  	MOVFF       ADRESH, R1
0x3CD8	0x6A00      	CLRF        R0 
0x3CDA	0xF099C000  	MOVFF       R0, ADC_Read_rslt_L0
0x3CDE	0xF09AC001  	MOVFF       R1, ADC_Read_rslt_L0+1
;__Lib_ADC_K22_B.c,84 :: 		
0x3CE2	0x50C3      	MOVF        ADRESL, 0 
0x3CE4	0x1200      	IORWF       R0, 1 
0x3CE6	0x0E00      	MOVLW       0
0x3CE8	0x1201      	IORWF       R1, 1 
0x3CEA	0xF099C000  	MOVFF       R0, ADC_Read_rslt_L0
0x3CEE	0xF09AC001  	MOVFF       R1, ADC_Read_rslt_L0+1
;__Lib_ADC_K22_B.c,85 :: 		
0x3CF2	0x90C2      	BCF         ADCON0, 0 
;__Lib_ADC_K22_B.c,86 :: 		
0x3CF4	0x0E00      	MOVLW       0
0x3CF6	0x1400      	ANDWF       R0, 0 
0x3CF8	0x6E02      	MOVWF       R2 
0x3CFA	0x5001      	MOVF        R1, 0 
0x3CFC	0x0B80      	ANDLW       128
0x3CFE	0x6E03      	MOVWF       R3 
0x3D00	0x0E00      	MOVLW       0
0x3D02	0x1803      	XORWF       R3, 0 
0x3D04	0xE102      	BNZ         L__ADC_Read15
0x3D06	0x0E00      	MOVLW       0
0x3D08	0x1802      	XORWF       R2, 0 
L__ADC_Read15:
0x3D0A	0xE002      	BZ          L_ADC_Read9
;__Lib_ADC_K22_B.c,87 :: 		
0x3D0C	0x6B99      	CLRF        ADC_Read_rslt_L0, 1
0x3D0E	0x6B9A      	CLRF        ADC_Read_rslt_L0+1, 1
L_ADC_Read9:
;__Lib_ADC_K22_B.c,88 :: 		
0x3D10	0xF000C099  	MOVFF       ADC_Read_rslt_L0, R0
0x3D14	0xF001C09A  	MOVFF       ADC_Read_rslt_L0+1, R1
;__Lib_ADC_K22_B.c,89 :: 		
L_end_ADC_Read:
0x3D18	0x0012      	RETURN      0
; end of _ADC_Read
_afficher_lcd:
;Ascenseur.c,45 :: 		void afficher_lcd() {
;Ascenseur.c,46 :: 		if (en_mouvement) {
0x3D1A	0x525D      	MOVF        _en_mouvement, 1 
0x3D1C	0xE02F      	BZ          L_afficher_lcd6
;Ascenseur.c,47 :: 		l1[0]='E'; l1[1]='T'; l1[2]=':';
0x3D1E	0x0E45      	MOVLW       69
0x3D20	0x0100      	MOVLB       0
0x3D22	0x6F77      	MOVWF       _l1, 1
0x3D24	0x0E54      	MOVLW       84
0x3D26	0x6F78      	MOVWF       _l1+1, 1
0x3D28	0x0E3A      	MOVLW       58
0x3D2A	0x6F79      	MOVWF       _l1+2, 1
;Ascenseur.c,48 :: 		l1[3]=(char)('0'+etage_actuel);
0x3D2C	0x5057      	MOVF        _etage_actuel, 0 
0x3D2E	0x0F30      	ADDLW       48
0x3D30	0x6F7A      	MOVWF       _l1+3, 1
;Ascenseur.c,49 :: 		l1[4]='-'; l1[5]='>';
0x3D32	0x0E2D      	MOVLW       45
0x3D34	0x6F7B      	MOVWF       _l1+4, 1
0x3D36	0x0E3E      	MOVLW       62
0x3D38	0x6F7C      	MOVWF       _l1+5, 1
;Ascenseur.c,50 :: 		l1[6]=(char)('0'+etage_cible);
0x3D3A	0x5055      	MOVF        _etage_cible, 0 
0x3D3C	0x0F30      	ADDLW       48
0x3D3E	0x6F7D      	MOVWF       _l1+6, 1
;Ascenseur.c,51 :: 		l1[7]=' '; l1[8]='D'; l1[9]='I'; l1[10]='R'; l1[11]=':';
0x3D40	0x0E20      	MOVLW       32
0x3D42	0x6F7E      	MOVWF       _l1+7, 1
0x3D44	0x0E44      	MOVLW       68
0x3D46	0x6F7F      	MOVWF       _l1+8, 1
0x3D48	0x0E49      	MOVLW       73
0x3D4A	0x6F80      	MOVWF       _l1+9, 1
0x3D4C	0x0E52      	MOVLW       82
0x3D4E	0x6F81      	MOVWF       _l1+10, 1
0x3D50	0x0E3A      	MOVLW       58
0x3D52	0x6F82      	MOVWF       _l1+11, 1
;Ascenseur.c,52 :: 		if (direction=='U') { l1[12]='U'; l1[13]='P'; l1[14]=' '; }
0x3D54	0x5056      	MOVF        _direction, 0 
0x3D56	0x0A55      	XORLW       85
0x3D58	0xE107      	BNZ         L_afficher_lcd7
0x3D5A	0x0E55      	MOVLW       85
0x3D5C	0x6F83      	MOVWF       _l1+12, 1
0x3D5E	0x0E50      	MOVLW       80
0x3D60	0x6F84      	MOVWF       _l1+13, 1
0x3D62	0x0E20      	MOVLW       32
0x3D64	0x6F85      	MOVWF       _l1+14, 1
0x3D66	0xD006      	BRA         L_afficher_lcd8
L_afficher_lcd7:
;Ascenseur.c,53 :: 		else                { l1[12]='D'; l1[13]='W'; l1[14]='N'; }
0x3D68	0x0E44      	MOVLW       68
0x3D6A	0x6F83      	MOVWF       _l1+12, 1
0x3D6C	0x0E57      	MOVLW       87
0x3D6E	0x6F84      	MOVWF       _l1+13, 1
0x3D70	0x0E4E      	MOVLW       78
0x3D72	0x6F85      	MOVWF       _l1+14, 1
L_afficher_lcd8:
;Ascenseur.c,54 :: 		l1[15]=' '; l1[16]=0;
0x3D74	0x0E20      	MOVLW       32
0x3D76	0x6F86      	MOVWF       _l1+15, 1
0x3D78	0x6B87      	CLRF        _l1+16, 1
;Ascenseur.c,55 :: 		} else {
0x3D7A	0xD023      	BRA         L_afficher_lcd9
L_afficher_lcd6:
0x3D7C	0x0100      	MOVLB       0
;Ascenseur.c,56 :: 		l1[0]='E'; l1[1]='T'; l1[2]=':';
0x3D7E	0x0E45      	MOVLW       69
0x3D80	0x6F77      	MOVWF       _l1, 1
0x3D82	0x0E54      	MOVLW       84
0x3D84	0x6F78      	MOVWF       _l1+1, 1
0x3D86	0x0E3A      	MOVLW       58
0x3D88	0x6F79      	MOVWF       _l1+2, 1
;Ascenseur.c,57 :: 		l1[3]=(char)('0'+etage_actuel);
0x3D8A	0x5057      	MOVF        _etage_actuel, 0 
0x3D8C	0x0F30      	ADDLW       48
0x3D8E	0x6F7A      	MOVWF       _l1+3, 1
;Ascenseur.c,58 :: 		l1[4]=' '; l1[5]=' '; l1[6]=' ';
0x3D90	0x0E20      	MOVLW       32
0x3D92	0x6F7B      	MOVWF       _l1+4, 1
0x3D94	0x0E20      	MOVLW       32
0x3D96	0x6F7C      	MOVWF       _l1+5, 1
0x3D98	0x0E20      	MOVLW       32
0x3D9A	0x6F7D      	MOVWF       _l1+6, 1
;Ascenseur.c,59 :: 		l1[7]=' '; l1[8]='D'; l1[9]='I'; l1[10]='R'; l1[11]=':';
0x3D9C	0x0E20      	MOVLW       32
0x3D9E	0x6F7E      	MOVWF       _l1+7, 1
0x3DA0	0x0E44      	MOVLW       68
0x3DA2	0x6F7F      	MOVWF       _l1+8, 1
0x3DA4	0x0E49      	MOVLW       73
0x3DA6	0x6F80      	MOVWF       _l1+9, 1
0x3DA8	0x0E52      	MOVLW       82
0x3DAA	0x6F81      	MOVWF       _l1+10, 1
0x3DAC	0x0E3A      	MOVLW       58
0x3DAE	0x6F82      	MOVWF       _l1+11, 1
;Ascenseur.c,60 :: 		l1[12]='-'; l1[13]='-'; l1[14]='-';
0x3DB0	0x0E2D      	MOVLW       45
0x3DB2	0x6F83      	MOVWF       _l1+12, 1
0x3DB4	0x0E2D      	MOVLW       45
0x3DB6	0x6F84      	MOVWF       _l1+13, 1
0x3DB8	0x0E2D      	MOVLW       45
0x3DBA	0x6F85      	MOVWF       _l1+14, 1
;Ascenseur.c,61 :: 		l1[15]=' '; l1[16]=0;
0x3DBC	0x0E20      	MOVLW       32
0x3DBE	0x6F86      	MOVWF       _l1+15, 1
0x3DC0	0x6B87      	CLRF        _l1+16, 1
;Ascenseur.c,62 :: 		}
L_afficher_lcd9:
;Ascenseur.c,63 :: 		Lcd_Out(1, 1, l1);
0x3DC2	0x0E01      	MOVLW       1
0x3DC4	0x6F98      	MOVWF       FARG_Lcd_Out_row, 1
0x3DC6	0x0E01      	MOVLW       1
0x3DC8	0x6F99      	MOVWF       FARG_Lcd_Out_column, 1
0x3DCA	0x0E77      	MOVLW       _l1
0x3DCC	0x6F9A      	MOVWF       FARG_Lcd_Out_text, 1
0x3DCE	0x0E00      	MOVLW       hi_addr(_l1)
0x3DD0	0x6F9B      	MOVWF       FARG_Lcd_Out_text+1, 1
0x3DD2	0xDF28      	RCALL       _Lcd_Out
;Ascenseur.c,64 :: 		sprintf(l2, "P:%3dkg IR:%c %c%c ",
0x3DD4	0x0E66      	MOVLW       _l2
0x3DD6	0x6F98      	MOVWF       FARG_sprintf_wh, 1
0x3DD8	0x0E00      	MOVLW       hi_addr(_l2)
0x3DDA	0x6F99      	MOVWF       FARG_sprintf_wh+1, 1
0x3DDC	0x0E5D      	MOVLW       ?lstr_1_Ascenseur
0x3DDE	0x6F9A      	MOVWF       FARG_sprintf_f, 1
0x3DE0	0x0E46      	MOVLW       hi_addr(?lstr_1_Ascenseur)
0x3DE2	0x6F9B      	MOVWF       FARG_sprintf_f+1, 1
0x3DE4	0x0E00      	MOVLW       higher_addr(?lstr_1_Ascenseur)
0x3DE6	0x6F9C      	MOVWF       FARG_sprintf_f+2, 1
;Ascenseur.c,65 :: 		(int)poids_kg,
0x3DE8	0xF09DC053  	MOVFF       _poids_kg, FARG_sprintf_wh+5
0x3DEC	0xF09EC054  	MOVFF       _poids_kg+1, FARG_sprintf_wh+6
;Ascenseur.c,66 :: 		ir_porte ? '1' : '0',
0x3DF0	0x5258      	MOVF        _ir_porte, 1 
0x3DF2	0xE003      	BZ          L_afficher_lcd10
0x3DF4	0x0E31      	MOVLW       49
0x3DF6	0x6F95      	MOVWF       ?FLOC___afficher_lcdT58, 1
0x3DF8	0xD002      	BRA         L_afficher_lcd11
L_afficher_lcd10:
0x3DFA	0x0E30      	MOVLW       48
0x3DFC	0x6F95      	MOVWF       ?FLOC___afficher_lcdT58, 1
L_afficher_lcd11:
0x3DFE	0xF09FC095  	MOVFF       ?FLOC___afficher_lcdT58, FARG_sprintf_wh+7
;Ascenseur.c,67 :: 		LED1 ? 'V' : '-',
0x3E02	0xA489      	BTFSS       LATA2_bit, BitPos(LATA2_bit+0) 
0x3E04	0xD003      	BRA         L_afficher_lcd12
0x3E06	0x0E56      	MOVLW       86
0x3E08	0x6F96      	MOVWF       ?FLOC___afficher_lcdT59, 1
0x3E0A	0xD002      	BRA         L_afficher_lcd13
L_afficher_lcd12:
0x3E0C	0x0E2D      	MOVLW       45
0x3E0E	0x6F96      	MOVWF       ?FLOC___afficher_lcdT59, 1
L_afficher_lcd13:
0x3E10	0xF0A0C096  	MOVFF       ?FLOC___afficher_lcdT59, FARG_sprintf_wh+8
;Ascenseur.c,68 :: 		LED2 ? 'A' : '-');
0x3E14	0xA689      	BTFSS       LATA3_bit, BitPos(LATA3_bit+0) 
0x3E16	0xD003      	BRA         L_afficher_lcd14
0x3E18	0x0E41      	MOVLW       65
0x3E1A	0x6F97      	MOVWF       ?FLOC___afficher_lcdT60, 1
0x3E1C	0xD002      	BRA         L_afficher_lcd15
L_afficher_lcd14:
0x3E1E	0x0E2D      	MOVLW       45
0x3E20	0x6F97      	MOVWF       ?FLOC___afficher_lcdT60, 1
L_afficher_lcd15:
0x3E22	0xF0A1C097  	MOVFF       ?FLOC___afficher_lcdT60, FARG_sprintf_wh+9
0x3E26	0xDED9      	RCALL       _sprintf
;Ascenseur.c,69 :: 		Lcd_Out(2, 1, l2);
0x3E28	0x0E02      	MOVLW       2
0x3E2A	0x6F98      	MOVWF       FARG_Lcd_Out_row, 1
0x3E2C	0x0E01      	MOVLW       1
0x3E2E	0x6F99      	MOVWF       FARG_Lcd_Out_column, 1
0x3E30	0x0E66      	MOVLW       _l2
0x3E32	0x6F9A      	MOVWF       FARG_Lcd_Out_text, 1
0x3E34	0x0E00      	MOVLW       hi_addr(_l2)
0x3E36	0x6F9B      	MOVWF       FARG_Lcd_Out_text+1, 1
0x3E38	0xDEF5      	RCALL       _Lcd_Out
;Ascenseur.c,70 :: 		}
L_end_afficher_lcd:
0x3E3A	0x0012      	RETURN      0
; end of _afficher_lcd
_lire_capteurs:
;Ascenseur.c,35 :: 		void lire_capteurs() {
;Ascenseur.c,36 :: 		ir_porte = PORTA.F0;
0x3E3C	0x0E00      	MOVLW       0
0x3E3E	0xB080      	BTFSC       PORTA, 0 
0x3E40	0x0E01      	MOVLW       1
0x3E42	0x6E58      	MOVWF       _ir_porte 
;Ascenseur.c,37 :: 		poids_kg = (unsigned int)((ADC_Read(1) * 900UL) / 1023UL);
0x3E44	0x0E01      	MOVLW       1
0x3E46	0x0100      	MOVLB       0
0x3E48	0x6F98      	MOVWF       FARG_ADC_Read_channel, 1
0x3E4A	0xDF2C      	RCALL       _ADC_Read
0x3E4C	0x0E00      	MOVLW       0
0x3E4E	0x6E02      	MOVWF       R2 
0x3E50	0x6E03      	MOVWF       R3 
0x3E52	0x0E84      	MOVLW       132
0x3E54	0x6E04      	MOVWF       R4 
0x3E56	0x0E03      	MOVLW       3
0x3E58	0x6E05      	MOVWF       R5 
0x3E5A	0x0E00      	MOVLW       0
0x3E5C	0x6E06      	MOVWF       R6 
0x3E5E	0x0E00      	MOVLW       0
0x3E60	0x6E07      	MOVWF       R7 
0x3E62	0xDE92      	RCALL       _Mul_32x32_U
0x3E64	0x0EFF      	MOVLW       255
0x3E66	0x6E04      	MOVWF       R4 
0x3E68	0x0E03      	MOVLW       3
0x3E6A	0x6E05      	MOVWF       R5 
0x3E6C	0x0E00      	MOVLW       0
0x3E6E	0x6E06      	MOVWF       R6 
0x3E70	0x0E00      	MOVLW       0
0x3E72	0x6E07      	MOVWF       R7 
0x3E74	0xF004EC75  	CALL        _Div_32x32_U, 0
0x3E78	0xF053C000  	MOVFF       R0, _poids_kg
0x3E7C	0xF054C001  	MOVFF       R1, _poids_kg+1
;Ascenseur.c,38 :: 		}
L_end_lire_capteurs:
0x3E80	0x0012      	RETURN      0
; end of _lire_capteurs
_gerer_leds:
;Ascenseur.c,40 :: 		void gerer_leds() {
;Ascenseur.c,41 :: 		LED1 = (!en_mouvement && ir_porte == 0) ? 1 : 0;
0x3E82	0x525D      	MOVF        _en_mouvement, 1 
0x3E84	0xE106      	BNZ         L_gerer_leds2
0x3E86	0x5058      	MOVF        _ir_porte, 0 
0x3E88	0x0A00      	XORLW       0
0x3E8A	0xE103      	BNZ         L_gerer_leds2
L__gerer_leds97:
0x3E8C	0x0E01      	MOVLW       1
0x3E8E	0x6E01      	MOVWF       R1 
0x3E90	0xD001      	BRA         L_gerer_leds3
L_gerer_leds2:
0x3E92	0x6A01      	CLRF        R1 
L_gerer_leds3:
0x3E94	0xB001      	BTFSC       R1, 0 
0x3E96	0xD002      	BRA         L__gerer_leds100
0x3E98	0x9489      	BCF         LATA2_bit, BitPos(LATA2_bit+0) 
0x3E9A	0xD001      	BRA         L__gerer_leds101
L__gerer_leds100:
0x3E9C	0x8489      	BSF         LATA2_bit, BitPos(LATA2_bit+0) 
L__gerer_leds101:
;Ascenseur.c,42 :: 		LED2 = (poids_kg >= SEUIL_SURCHARGE)    ? 1 : 0;
0x3E9E	0x0E02      	MOVLW       2
0x3EA0	0x5C54      	SUBWF       _poids_kg+1, 0 
0x3EA2	0xE102      	BNZ         L__gerer_leds102
0x3EA4	0x0EB5      	MOVLW       181
0x3EA6	0x5C53      	SUBWF       _poids_kg, 0 
L__gerer_leds102:
0x3EA8	0xE303      	BNC         L_gerer_leds4
0x3EAA	0x0E01      	MOVLW       1
0x3EAC	0x6E02      	MOVWF       R2 
0x3EAE	0xD001      	BRA         L_gerer_leds5
L_gerer_leds4:
0x3EB0	0x6A02      	CLRF        R2 
L_gerer_leds5:
0x3EB2	0xB002      	BTFSC       R2, 0 
0x3EB4	0xD002      	BRA         L__gerer_leds103
0x3EB6	0x9689      	BCF         LATA3_bit, BitPos(LATA3_bit+0) 
0x3EB8	0xD001      	BRA         L__gerer_leds104
L__gerer_leds103:
0x3EBA	0x8689      	BSF         LATA3_bit, BitPos(LATA3_bit+0) 
L__gerer_leds104:
;Ascenseur.c,43 :: 		}
L_end_gerer_leds:
0x3EBC	0x0012      	RETURN      0
; end of _gerer_leds
_Lcd_Chr:
;__Lib_Lcd.c,65 :: 		
;__Lib_Lcd.c,66 :: 		
0x3EBE	0xD010      	BRA         L_Lcd_Chr4
;__Lib_Lcd.c,67 :: 		
L_Lcd_Chr6:
0x3EC0	0x0E80      	MOVLW       128
0x3EC2	0x0100      	MOVLB       0
0x3EC4	0x6F95      	MOVWF       FARG_Lcd_Chr_row, 1
0x3EC6	0xD01A      	BRA         L_Lcd_Chr5
;__Lib_Lcd.c,68 :: 		
L_Lcd_Chr7:
0x3EC8	0x0EC0      	MOVLW       192
0x3ECA	0x6F95      	MOVWF       FARG_Lcd_Chr_row, 1
0x3ECC	0xD017      	BRA         L_Lcd_Chr5
;__Lib_Lcd.c,69 :: 		
L_Lcd_Chr8:
0x3ECE	0x0E94      	MOVLW       148
0x3ED0	0x6F95      	MOVWF       FARG_Lcd_Chr_row, 1
0x3ED2	0xD014      	BRA         L_Lcd_Chr5
;__Lib_Lcd.c,70 :: 		
L_Lcd_Chr9:
0x3ED4	0x0ED4      	MOVLW       212
0x3ED6	0x6F95      	MOVWF       FARG_Lcd_Chr_row, 1
0x3ED8	0xD011      	BRA         L_Lcd_Chr5
;__Lib_Lcd.c,71 :: 		
L_Lcd_Chr10:
0x3EDA	0x0E80      	MOVLW       128
0x3EDC	0x6F95      	MOVWF       FARG_Lcd_Chr_row, 1
;__Lib_Lcd.c,72 :: 		
0x3EDE	0xD00E      	BRA         L_Lcd_Chr5
L_Lcd_Chr4:
0x3EE0	0x0100      	MOVLB       0
0x3EE2	0x5195      	MOVF        FARG_Lcd_Chr_row, 0, 1
0x3EE4	0x0A01      	XORLW       1
0x3EE6	0xE0EC      	BZ          L_Lcd_Chr6
0x3EE8	0x5195      	MOVF        FARG_Lcd_Chr_row, 0, 1
0x3EEA	0x0A02      	XORLW       2
0x3EEC	0xE0ED      	BZ          L_Lcd_Chr7
0x3EEE	0x5195      	MOVF        FARG_Lcd_Chr_row, 0, 1
0x3EF0	0x0A03      	XORLW       3
0x3EF2	0xE0ED      	BZ          L_Lcd_Chr8
0x3EF4	0x5195      	MOVF        FARG_Lcd_Chr_row, 0, 1
0x3EF6	0x0A04      	XORLW       4
0x3EF8	0xE0ED      	BZ          L_Lcd_Chr9
0x3EFA	0xD7EF      	BRA         L_Lcd_Chr10
L_Lcd_Chr5:
;__Lib_Lcd.c,74 :: 		
0x3EFC	0x0596      	DECF        FARG_Lcd_Chr_column, 0, 1
0x3EFE	0x6E00      	MOVWF       R0 
0x3F00	0x5195      	MOVF        FARG_Lcd_Chr_row, 0, 1
0x3F02	0x2600      	ADDWF       R0, 1 
0x3F04	0xF095C000  	MOVFF       R0, FARG_Lcd_Chr_row
;__Lib_Lcd.c,76 :: 		
0x3F08	0x8188      	BSF         __Lib_Lcd_cmd_status, BitPos(__Lib_Lcd_cmd_status+0), 1
;__Lib_Lcd.c,77 :: 		
0x3F0A	0xF0CEC000  	MOVFF       R0, FARG_Lcd_Cmd_out_char
0x3F0E	0xF008EC24  	CALL        _Lcd_Cmd, 0
;__Lib_Lcd.c,79 :: 		
0x3F12	0x9188      	BCF         __Lib_Lcd_cmd_status, BitPos(__Lib_Lcd_cmd_status+0), 1
;__Lib_Lcd.c,80 :: 		
0x3F14	0xF0CEC097  	MOVFF       FARG_Lcd_Chr_out_char, FARG_Lcd_Cmd_out_char
0x3F18	0xF008EC24  	CALL        _Lcd_Cmd, 0
;__Lib_Lcd.c,81 :: 		
0x3F1C	0x8188      	BSF         __Lib_Lcd_cmd_status, BitPos(__Lib_Lcd_cmd_status+0), 1
;__Lib_Lcd.c,82 :: 		
L_end_Lcd_Chr:
0x3F1E	0x0012      	RETURN      0
; end of _Lcd_Chr
_Lcd_Init:
;__Lib_Lcd.c,84 :: 		
;__Lib_Lcd.c,86 :: 		
0x3F20	0x9A93      	BCF         LCD_EN_Direction, BitPos(LCD_EN_Direction+0) 
;__Lib_Lcd.c,87 :: 		
0x3F22	0x9893      	BCF         LCD_RS_Direction, BitPos(LCD_RS_Direction+0) 
;__Lib_Lcd.c,88 :: 		
0x3F24	0x9093      	BCF         LCD_D4_Direction, BitPos(LCD_D4_Direction+0) 
;__Lib_Lcd.c,89 :: 		
0x3F26	0x9293      	BCF         LCD_D5_Direction, BitPos(LCD_D5_Direction+0) 
;__Lib_Lcd.c,90 :: 		
0x3F28	0x9493      	BCF         LCD_D6_Direction, BitPos(LCD_D6_Direction+0) 
;__Lib_Lcd.c,91 :: 		
0x3F2A	0x9693      	BCF         LCD_D7_Direction, BitPos(LCD_D7_Direction+0) 
;__Lib_Lcd.c,93 :: 		
0x3F2C	0x9A81      	BCF         LCD_EN, BitPos(LCD_EN+0) 
;__Lib_Lcd.c,94 :: 		
0x3F2E	0x9881      	BCF         LCD_RS, BitPos(LCD_RS+0) 
;__Lib_Lcd.c,95 :: 		
0x3F30	0x9681      	BCF         LCD_D7, BitPos(LCD_D7+0) 
;__Lib_Lcd.c,96 :: 		
0x3F32	0x9481      	BCF         LCD_D6, BitPos(LCD_D6+0) 
;__Lib_Lcd.c,97 :: 		
0x3F34	0x9281      	BCF         LCD_D5, BitPos(LCD_D5+0) 
;__Lib_Lcd.c,98 :: 		
0x3F36	0x9081      	BCF         LCD_D4, BitPos(LCD_D4+0) 
;__Lib_Lcd.c,100 :: 		
0x3F38	0xF004EC33  	CALL        _Delay_5500us, 0
;__Lib_Lcd.c,101 :: 		
0x3F3C	0xF004EC33  	CALL        _Delay_5500us, 0
;__Lib_Lcd.c,102 :: 		
0x3F40	0xF004EC33  	CALL        _Delay_5500us, 0
;__Lib_Lcd.c,105 :: 		
0x3F44	0x8281      	BSF         LCD_D5, BitPos(LCD_D5+0) 
;__Lib_Lcd.c,106 :: 		
0x3F46	0x8081      	BSF         LCD_D4, BitPos(LCD_D4+0) 
;__Lib_Lcd.c,107 :: 		
0x3F48	0x8A81      	BSF         LCD_EN, BitPos(LCD_EN+0) 
;__Lib_Lcd.c,108 :: 		
0x3F4A	0xF004EC6F  	CALL        _Delay_1us, 0
;__Lib_Lcd.c,109 :: 		
0x3F4E	0x9A81      	BCF         LCD_EN, BitPos(LCD_EN+0) 
;__Lib_Lcd.c,110 :: 		
0x3F50	0xF004EC33  	CALL        _Delay_5500us, 0
;__Lib_Lcd.c,112 :: 		
0x3F54	0x8A81      	BSF         LCD_EN, BitPos(LCD_EN+0) 
;__Lib_Lcd.c,113 :: 		
0x3F56	0xF004EC6F  	CALL        _Delay_1us, 0
;__Lib_Lcd.c,114 :: 		
0x3F5A	0x9A81      	BCF         LCD_EN, BitPos(LCD_EN+0) 
;__Lib_Lcd.c,115 :: 		
0x3F5C	0xF004EC33  	CALL        _Delay_5500us, 0
;__Lib_Lcd.c,117 :: 		
0x3F60	0x8A81      	BSF         LCD_EN, BitPos(LCD_EN+0) 
;__Lib_Lcd.c,118 :: 		
0x3F62	0xF004EC6F  	CALL        _Delay_1us, 0
;__Lib_Lcd.c,119 :: 		
0x3F66	0x9A81      	BCF         LCD_EN, BitPos(LCD_EN+0) 
;__Lib_Lcd.c,120 :: 		
0x3F68	0xF004EC33  	CALL        _Delay_5500us, 0
;__Lib_Lcd.c,123 :: 		
0x3F6C	0x9081      	BCF         LCD_D4, BitPos(LCD_D4+0) 
;__Lib_Lcd.c,124 :: 		
0x3F6E	0x8A81      	BSF         LCD_EN, BitPos(LCD_EN+0) 
;__Lib_Lcd.c,125 :: 		
0x3F70	0xF004EC6F  	CALL        _Delay_1us, 0
;__Lib_Lcd.c,126 :: 		
0x3F74	0x9A81      	BCF         LCD_EN, BitPos(LCD_EN+0) 
;__Lib_Lcd.c,127 :: 		
0x3F76	0xF004EC33  	CALL        _Delay_5500us, 0
;__Lib_Lcd.c,130 :: 		
0x3F7A	0x8A81      	BSF         LCD_EN, BitPos(LCD_EN+0) 
;__Lib_Lcd.c,131 :: 		
0x3F7C	0xF004EC6F  	CALL        _Delay_1us, 0
;__Lib_Lcd.c,132 :: 		
0x3F80	0x9A81      	BCF         LCD_EN, BitPos(LCD_EN+0) 
;__Lib_Lcd.c,134 :: 		
0x3F82	0x9281      	BCF         LCD_D5, BitPos(LCD_D5+0) 
;__Lib_Lcd.c,135 :: 		
0x3F84	0x8681      	BSF         LCD_D7, BitPos(LCD_D7+0) 
;__Lib_Lcd.c,136 :: 		
0x3F86	0x8A81      	BSF         LCD_EN, BitPos(LCD_EN+0) 
;__Lib_Lcd.c,137 :: 		
0x3F88	0xF004EC6F  	CALL        _Delay_1us, 0
;__Lib_Lcd.c,138 :: 		
0x3F8C	0x9A81      	BCF         LCD_EN, BitPos(LCD_EN+0) 
;__Lib_Lcd.c,139 :: 		
0x3F8E	0xF004EC33  	CALL        _Delay_5500us, 0
;__Lib_Lcd.c,142 :: 		
0x3F92	0x9681      	BCF         LCD_D7, BitPos(LCD_D7+0) 
;__Lib_Lcd.c,143 :: 		
0x3F94	0x8081      	BSF         LCD_D4, BitPos(LCD_D4+0) 
;__Lib_Lcd.c,144 :: 		
0x3F96	0x8A81      	BSF         LCD_EN, BitPos(LCD_EN+0) 
;__Lib_Lcd.c,145 :: 		
0x3F98	0xF004EC6F  	CALL        _Delay_1us, 0
;__Lib_Lcd.c,146 :: 		
0x3F9C	0x9A81      	BCF         LCD_EN, BitPos(LCD_EN+0) 
;__Lib_Lcd.c,148 :: 		
0x3F9E	0x9081      	BCF         LCD_D4, BitPos(LCD_D4+0) 
;__Lib_Lcd.c,149 :: 		
0x3FA0	0x8A81      	BSF         LCD_EN, BitPos(LCD_EN+0) 
;__Lib_Lcd.c,150 :: 		
0x3FA2	0xF004EC6F  	CALL        _Delay_1us, 0
;__Lib_Lcd.c,151 :: 		
0x3FA6	0x9A81      	BCF         LCD_EN, BitPos(LCD_EN+0) 
;__Lib_Lcd.c,152 :: 		
0x3FA8	0xF004EC33  	CALL        _Delay_5500us, 0
;__Lib_Lcd.c,155 :: 		
0x3FAC	0x8A81      	BSF         LCD_EN, BitPos(LCD_EN+0) 
;__Lib_Lcd.c,156 :: 		
0x3FAE	0xF004EC6F  	CALL        _Delay_1us, 0
;__Lib_Lcd.c,157 :: 		
0x3FB2	0x9A81      	BCF         LCD_EN, BitPos(LCD_EN+0) 
;__Lib_Lcd.c,159 :: 		
0x3FB4	0x8081      	BSF         LCD_D4, BitPos(LCD_D4+0) 
;__Lib_Lcd.c,160 :: 		
0x3FB6	0x8A81      	BSF         LCD_EN, BitPos(LCD_EN+0) 
;__Lib_Lcd.c,161 :: 		
0x3FB8	0xF004EC6F  	CALL        _Delay_1us, 0
;__Lib_Lcd.c,162 :: 		
0x3FBC	0x9A81      	BCF         LCD_EN, BitPos(LCD_EN+0) 
;__Lib_Lcd.c,163 :: 		
0x3FBE	0xF004EC33  	CALL        _Delay_5500us, 0
;__Lib_Lcd.c,166 :: 		
0x3FC2	0x9081      	BCF         LCD_D4, BitPos(LCD_D4+0) 
;__Lib_Lcd.c,167 :: 		
0x3FC4	0x8A81      	BSF         LCD_EN, BitPos(LCD_EN+0) 
;__Lib_Lcd.c,168 :: 		
0x3FC6	0xF004EC6F  	CALL        _Delay_1us, 0
;__Lib_Lcd.c,169 :: 		
0x3FCA	0x9A81      	BCF         LCD_EN, BitPos(LCD_EN+0) 
;__Lib_Lcd.c,171 :: 		
0x3FCC	0x8681      	BSF         LCD_D7, BitPos(LCD_D7+0) 
;__Lib_Lcd.c,172 :: 		
0x3FCE	0x8481      	BSF         LCD_D6, BitPos(LCD_D6+0) 
;__Lib_Lcd.c,173 :: 		
0x3FD0	0x8281      	BSF         LCD_D5, BitPos(LCD_D5+0) 
;__Lib_Lcd.c,174 :: 		
0x3FD2	0x8081      	BSF         LCD_D4, BitPos(LCD_D4+0) 
;__Lib_Lcd.c,175 :: 		
0x3FD4	0x8A81      	BSF         LCD_EN, BitPos(LCD_EN+0) 
;__Lib_Lcd.c,176 :: 		
0x3FD6	0xF004EC6F  	CALL        _Delay_1us, 0
;__Lib_Lcd.c,177 :: 		
0x3FDA	0x9A81      	BCF         LCD_EN, BitPos(LCD_EN+0) 
;__Lib_Lcd.c,179 :: 		
0x3FDC	0xF004EC33  	CALL        _Delay_5500us, 0
;__Lib_Lcd.c,181 :: 		
0x3FE0	0x0100      	MOVLB       0
0x3FE2	0x8188      	BSF         __Lib_Lcd_cmd_status, BitPos(__Lib_Lcd_cmd_status+0), 1
;__Lib_Lcd.c,182 :: 		
L_end_Lcd_Init:
0x3FE4	0x0012      	RETURN      0
; end of _Lcd_Init
_ADC_Init:
;__Lib_ADC_K22_B.c,23 :: 		
;__Lib_ADC_K22_B.c,24 :: 		
0x3FE6	0x0EFF      	MOVLW       _ADC_Get_Sample
0x3FE8	0x0100      	MOVLB       0
0x3FEA	0x6F89      	MOVWF       _ADC_Get_Sample_Ptr, 1
0x3FEC	0x0EFF      	MOVLW       hi_addr(_ADC_Get_Sample)
0x3FEE	0x6F8A      	MOVWF       _ADC_Get_Sample_Ptr+1, 1
0x3FF0	0x0EFF      	MOVLW       FARG_ADC_Get_Sample_channel
0x3FF2	0x6F8B      	MOVWF       _ADC_Get_Sample_Ptr+2, 1
0x3FF4	0x0EFF      	MOVLW       hi_addr(FARG_ADC_Get_Sample_channel)
0x3FF6	0x6F8C      	MOVWF       _ADC_Get_Sample_Ptr+3, 1
;__Lib_ADC_K22_B.c,26 :: 		
0x3FF8	0x6AC2      	CLRF        ADCON0 
;__Lib_ADC_K22_B.c,27 :: 		
0x3FFA	0x1D65      	COMF        _vref_mask, 0, 1
0x3FFC	0x6E00      	MOVWF       R0 
0x3FFE	0x5000      	MOVF        R0, 0 
0x4000	0x16C1      	ANDWF       ADCON1, 1 
;__Lib_ADC_K22_B.c,28 :: 		
0x4002	0x0E0F      	MOVLW       15
0x4004	0x12C0      	IORWF       ADCON2, 1 
;__Lib_ADC_K22_B.c,29 :: 		
0x4006	0x8EC0      	BSF         ADCON2, 7 
;__Lib_ADC_K22_B.c,30 :: 		
0x4008	0x80C2      	BSF         ADCON0, 0 
;__Lib_ADC_K22_B.c,31 :: 		
L_end_ADC_Init:
0x400A	0x0012      	RETURN      0
; end of _ADC_Init
___CC2DW:
;__Lib_System.c,21 :: 		
;__Lib_System.c,23 :: 		
_CC2DL_Loop1:
;__Lib_System.c,24 :: 		
0x400C	0x0009      	TBLRD*+
;__Lib_System.c,25 :: 		
0x400E	0xFFE6CFF5  	MOVFF       TABLAT, POSTINC1
;__Lib_System.c,26 :: 		
0x4012	0x0600      	DECF        R0, 1, 0
;__Lib_System.c,27 :: 		
0x4014	0xE1FB      	BNZ         _CC2DL_Loop1
;__Lib_System.c,28 :: 		
0x4016	0x0601      	DECF        R1, 1, 0
;__Lib_System.c,29 :: 		
0x4018	0xE1F9      	BNZ         _CC2DL_Loop1
;__Lib_System.c,31 :: 		
L_end___CC2DW:
0x401A	0x0012      	RETURN      0
; end of ___CC2DW
_deplacer_vers:
;Ascenseur.c,79 :: 		void deplacer_vers(unsigned char cible) {
;Ascenseur.c,84 :: 		if (cible == etage_actuel) return;
0x401C	0x0100      	MOVLB       0
0x401E	0x518E      	MOVF        FARG_deplacer_vers_cible, 0, 1
0x4020	0x1857      	XORWF       _etage_actuel, 0 
0x4022	0xE101      	BNZ         L_deplacer_vers20
0x4024	0xD0E3      	BRA         L_end_deplacer_vers
L_deplacer_vers20:
;Ascenseur.c,86 :: 		sens         = (cible > etage_actuel) ? 'U' : 'D';
0x4026	0x518E      	MOVF        FARG_deplacer_vers_cible, 0, 1
0x4028	0x5C57      	SUBWF       _etage_actuel, 0 
0x402A	0xE203      	BC          L_deplacer_vers21
0x402C	0x0E55      	MOVLW       85
0x402E	0x6F8F      	MOVWF       ?FLOC___deplacer_versT72, 1
0x4030	0xD002      	BRA         L_deplacer_vers22
L_deplacer_vers21:
0x4032	0x0E44      	MOVLW       68
0x4034	0x6F8F      	MOVWF       ?FLOC___deplacer_versT72, 1
L_deplacer_vers22:
0x4036	0xF092C08F  	MOVFF       ?FLOC___deplacer_versT72, deplacer_vers_sens_L0
;Ascenseur.c,87 :: 		direction    = sens;
0x403A	0xF056C08F  	MOVFF       ?FLOC___deplacer_versT72, _direction
;Ascenseur.c,88 :: 		etage_cible  = cible;
0x403E	0xF055C08E  	MOVFF       FARG_deplacer_vers_cible, _etage_cible
;Ascenseur.c,89 :: 		en_mouvement = 1;
0x4042	0x0E01      	MOVLW       1
0x4044	0x6E5D      	MOVWF       _en_mouvement 
;Ascenseur.c,90 :: 		LED1         = 0;
0x4046	0x9489      	BCF         LATA2_bit, BitPos(LATA2_bit+0) 
;Ascenseur.c,93 :: 		? (cible - etage_actuel)
0x4048	0x518E      	MOVF        FARG_deplacer_vers_cible, 0, 1
0x404A	0x5C57      	SUBWF       _etage_actuel, 0 
0x404C	0xE206      	BC          L_deplacer_vers23
0x404E	0x5057      	MOVF        _etage_actuel, 0 
0x4050	0x5D8E      	SUBWF       FARG_deplacer_vers_cible, 0, 1
0x4052	0x6F90      	MOVWF       ?FLOC___deplacer_versT75, 1
0x4054	0x0E00      	MOVLW       0
0x4056	0x6F91      	MOVWF       ?FLOC___deplacer_versT75+1, 1
;Ascenseur.c,94 :: 		: (etage_actuel - cible);
0x4058	0xD005      	BRA         L_deplacer_vers24
L_deplacer_vers23:
0x405A	0x518E      	MOVF        FARG_deplacer_vers_cible, 0, 1
0x405C	0x5C57      	SUBWF       _etage_actuel, 0 
0x405E	0x6F90      	MOVWF       ?FLOC___deplacer_versT75, 1
0x4060	0x0E00      	MOVLW       0
0x4062	0x6F91      	MOVWF       ?FLOC___deplacer_versT75+1, 1
L_deplacer_vers24:
0x4064	0xF093C090  	MOVFF       ?FLOC___deplacer_versT75, deplacer_vers_nb_etages_L0
;Ascenseur.c,97 :: 		afficher_lcd();
0x4068	0xDE58      	RCALL       _afficher_lcd
;Ascenseur.c,98 :: 		Delay_ms(MS_FERMETURE);
0x406A	0x0E04      	MOVLW       4
0x406C	0x6E0B      	MOVWF       R11, 0
0x406E	0x0E0C      	MOVLW       12
0x4070	0x6E0C      	MOVWF       R12, 0
0x4072	0x0E33      	MOVLW       51
0x4074	0x6E0D      	MOVWF       R13, 0
L_deplacer_vers25:
0x4076	0x2E0D      	DECFSZ      R13, 1, 0
0x4078	0xD7FE      	BRA         L_deplacer_vers25
0x407A	0x2E0C      	DECFSZ      R12, 1, 0
0x407C	0xD7FC      	BRA         L_deplacer_vers25
0x407E	0x2E0B      	DECFSZ      R11, 1, 0
0x4080	0xD7FA      	BRA         L_deplacer_vers25
0x4082	0x0000      	NOP
0x4084	0x0000      	NOP
;Ascenseur.c,99 :: 		MOTEUR_ON();
0x4086	0x9494      	BCF         TRISC2_bit, BitPos(TRISC2_bit+0) 
0x4088	0x848B      	BSF         LATC2_bit, BitPos(LATC2_bit+0) 
;Ascenseur.c,100 :: 		for (i = 0; i < nb_etages - 1; i++) {
0x408A	0x6B94      	CLRF        deplacer_vers_i_L0, 1
L_deplacer_vers29:
0x408C	0x0593      	DECF        deplacer_vers_nb_etages_L0, 0, 1
0x408E	0x6E01      	MOVWF       R1 
0x4090	0x6A02      	CLRF        R2 
0x4092	0x0E00      	MOVLW       0
0x4094	0x5A02      	SUBWFB      R2, 1 
0x4096	0x0E80      	MOVLW       128
0x4098	0x6E00      	MOVWF       R0 
0x409A	0x0E80      	MOVLW       128
0x409C	0x1802      	XORWF       R2, 0 
0x409E	0x5C00      	SUBWF       R0, 0 
0x40A0	0xE102      	BNZ         L__deplacer_vers108
0x40A2	0x5001      	MOVF        R1, 0 
0x40A4	0x5D94      	SUBWF       deplacer_vers_i_L0, 0, 1
L__deplacer_vers108:
0x40A6	0xE26C      	BC          L_deplacer_vers30
;Ascenseur.c,102 :: 		Delay_ms(MS_PAR_ETAGE);
0x40A8	0x0E1A      	MOVLW       26
0x40AA	0x6E0B      	MOVWF       R11, 0
0x40AC	0x0E5E      	MOVLW       94
0x40AE	0x6E0C      	MOVWF       R12, 0
0x40B0	0x0E6E      	MOVLW       110
0x40B2	0x6E0D      	MOVWF       R13, 0
L_deplacer_vers32:
0x40B4	0x2E0D      	DECFSZ      R13, 1, 0
0x40B6	0xD7FE      	BRA         L_deplacer_vers32
0x40B8	0x2E0C      	DECFSZ      R12, 1, 0
0x40BA	0xD7FC      	BRA         L_deplacer_vers32
0x40BC	0x2E0B      	DECFSZ      R11, 1, 0
0x40BE	0xD7FA      	BRA         L_deplacer_vers32
0x40C0	0x0000      	NOP
;Ascenseur.c,104 :: 		if (sens == 'U') etage_actuel++;
0x40C2	0x5192      	MOVF        deplacer_vers_sens_L0, 0, 1
0x40C4	0x0A55      	XORLW       85
0x40C6	0xE102      	BNZ         L_deplacer_vers33
0x40C8	0x2A57      	INCF        _etage_actuel, 1 
0x40CA	0xD001      	BRA         L_deplacer_vers34
L_deplacer_vers33:
;Ascenseur.c,105 :: 		else             etage_actuel--;
0x40CC	0x0657      	DECF        _etage_actuel, 1 
L_deplacer_vers34:
;Ascenseur.c,108 :: 		if (req[etage_actuel]) {
0x40CE	0x0E59      	MOVLW       _req
0x40D0	0x6EE9      	MOVWF       FSR0L 
0x40D2	0x0E00      	MOVLW       hi_addr(_req)
0x40D4	0x6EEA      	MOVWF       FSR0L+1 
0x40D6	0x5057      	MOVF        _etage_actuel, 0 
0x40D8	0x26E9      	ADDWF       FSR0L, 1 
0x40DA	0xB0D8      	BTFSC       STATUS, 0 
0x40DC	0x2AEA      	INCF        FSR0L+1, 1 
0x40DE	0x52EE      	MOVF        POSTINC0, 1 
0x40E0	0xE045      	BZ          L_deplacer_vers35
;Ascenseur.c,109 :: 		req[etage_actuel] = 0;
0x40E2	0x0E59      	MOVLW       _req
0x40E4	0x6EE1      	MOVWF       FSR1L 
0x40E6	0x0E00      	MOVLW       hi_addr(_req)
0x40E8	0x6EE2      	MOVWF       FSR1L+1 
0x40EA	0x5057      	MOVF        _etage_actuel, 0 
0x40EC	0x26E1      	ADDWF       FSR1L, 1 
0x40EE	0xB0D8      	BTFSC       STATUS, 0 
0x40F0	0x2AE2      	INCF        FSR1L+1, 1 
0x40F2	0x6AE6      	CLRF        POSTINC1 
;Ascenseur.c,112 :: 		MOTEUR_OFF();
0x40F4	0x9494      	BCF         TRISC2_bit, BitPos(TRISC2_bit+0) 
0x40F6	0x948B      	BCF         LATC2_bit, BitPos(LATC2_bit+0) 
;Ascenseur.c,113 :: 		Delay_ms(MS_DECEL);
0x40F8	0x0E05      	MOVLW       5
0x40FA	0x6E0B      	MOVWF       R11, 0
0x40FC	0x0E0F      	MOVLW       15
0x40FE	0x6E0C      	MOVWF       R12, 0
0x4100	0x0EF1      	MOVLW       241
0x4102	0x6E0D      	MOVWF       R13, 0
L_deplacer_vers39:
0x4104	0x2E0D      	DECFSZ      R13, 1, 0
0x4106	0xD7FE      	BRA         L_deplacer_vers39
0x4108	0x2E0C      	DECFSZ      R12, 1, 0
0x410A	0xD7FC      	BRA         L_deplacer_vers39
0x410C	0x2E0B      	DECFSZ      R11, 1, 0
0x410E	0xD7FA      	BRA         L_deplacer_vers39
;Ascenseur.c,114 :: 		en_mouvement = 0;
0x4110	0x6A5D      	CLRF        _en_mouvement 
;Ascenseur.c,115 :: 		direction    = 'S';
0x4112	0x0E53      	MOVLW       83
0x4114	0x6E56      	MOVWF       _direction 
;Ascenseur.c,116 :: 		etage_cible  = etage_actuel;
0x4116	0xF055C057  	MOVFF       _etage_actuel, _etage_cible
;Ascenseur.c,117 :: 		lire_capteurs();
0x411A	0xDE90      	RCALL       _lire_capteurs
;Ascenseur.c,118 :: 		gerer_leds();
0x411C	0xDEB2      	RCALL       _gerer_leds
;Ascenseur.c,119 :: 		afficher_lcd();
0x411E	0xDDFD      	RCALL       _afficher_lcd
;Ascenseur.c,120 :: 		Delay_ms(MS_OUVERTURE);
0x4120	0x0E07      	MOVLW       7
0x4122	0x6E0B      	MOVWF       R11, 0
0x4124	0x0E17      	MOVLW       23
0x4126	0x6E0C      	MOVWF       R12, 0
0x4128	0x0E6A      	MOVLW       106
0x412A	0x6E0D      	MOVWF       R13, 0
L_deplacer_vers40:
0x412C	0x2E0D      	DECFSZ      R13, 1, 0
0x412E	0xD7FE      	BRA         L_deplacer_vers40
0x4130	0x2E0C      	DECFSZ      R12, 1, 0
0x4132	0xD7FC      	BRA         L_deplacer_vers40
0x4134	0x2E0B      	DECFSZ      R11, 1, 0
0x4136	0xD7FA      	BRA         L_deplacer_vers40
0x4138	0x0000      	NOP
;Ascenseur.c,123 :: 		direction    = sens;
0x413A	0xF056C092  	MOVFF       deplacer_vers_sens_L0, _direction
;Ascenseur.c,124 :: 		etage_cible  = cible;
0x413E	0xF055C08E  	MOVFF       FARG_deplacer_vers_cible, _etage_cible
;Ascenseur.c,125 :: 		en_mouvement = 1;
0x4142	0x0E01      	MOVLW       1
0x4144	0x6E5D      	MOVWF       _en_mouvement 
;Ascenseur.c,126 :: 		LED1         = 0;
0x4146	0x9489      	BCF         LATA2_bit, BitPos(LATA2_bit+0) 
;Ascenseur.c,127 :: 		afficher_lcd();
0x4148	0xDDE8      	RCALL       _afficher_lcd
;Ascenseur.c,128 :: 		Delay_ms(MS_FERMETURE);
0x414A	0x0E04      	MOVLW       4
0x414C	0x6E0B      	MOVWF       R11, 0
0x414E	0x0E0C      	MOVLW       12
0x4150	0x6E0C      	MOVWF       R12, 0
0x4152	0x0E33      	MOVLW       51
0x4154	0x6E0D      	MOVWF       R13, 0
L_deplacer_vers41:
0x4156	0x2E0D      	DECFSZ      R13, 1, 0
0x4158	0xD7FE      	BRA         L_deplacer_vers41
0x415A	0x2E0C      	DECFSZ      R12, 1, 0
0x415C	0xD7FC      	BRA         L_deplacer_vers41
0x415E	0x2E0B      	DECFSZ      R11, 1, 0
0x4160	0xD7FA      	BRA         L_deplacer_vers41
0x4162	0x0000      	NOP
0x4164	0x0000      	NOP
;Ascenseur.c,129 :: 		MOTEUR_ON();
0x4166	0x9494      	BCF         TRISC2_bit, BitPos(TRISC2_bit+0) 
0x4168	0x848B      	BSF         LATC2_bit, BitPos(LATC2_bit+0) 
;Ascenseur.c,130 :: 		} else {
0x416A	0xD008      	BRA         L_deplacer_vers45
L_deplacer_vers35:
;Ascenseur.c,132 :: 		Lcd_Chr(1, 4, (char)('0' + etage_actuel));
0x416C	0x0E01      	MOVLW       1
0x416E	0x6F95      	MOVWF       FARG_Lcd_Chr_row, 1
0x4170	0x0E04      	MOVLW       4
0x4172	0x6F96      	MOVWF       FARG_Lcd_Chr_column, 1
0x4174	0x5057      	MOVF        _etage_actuel, 0 
0x4176	0x0F30      	ADDLW       48
0x4178	0x6F97      	MOVWF       FARG_Lcd_Chr_out_char, 1
0x417A	0xDEA1      	RCALL       _Lcd_Chr
;Ascenseur.c,133 :: 		}
L_deplacer_vers45:
;Ascenseur.c,100 :: 		for (i = 0; i < nb_etages - 1; i++) {
0x417C	0x2B94      	INCF        deplacer_vers_i_L0, 1, 1
;Ascenseur.c,134 :: 		}
0x417E	0xD786      	BRA         L_deplacer_vers29
L_deplacer_vers30:
;Ascenseur.c,136 :: 		Delay_ms(MS_PAR_ETAGE);
0x4180	0x0E1A      	MOVLW       26
0x4182	0x6E0B      	MOVWF       R11, 0
0x4184	0x0E5E      	MOVLW       94
0x4186	0x6E0C      	MOVWF       R12, 0
0x4188	0x0E6E      	MOVLW       110
0x418A	0x6E0D      	MOVWF       R13, 0
L_deplacer_vers46:
0x418C	0x2E0D      	DECFSZ      R13, 1, 0
0x418E	0xD7FE      	BRA         L_deplacer_vers46
0x4190	0x2E0C      	DECFSZ      R12, 1, 0
0x4192	0xD7FC      	BRA         L_deplacer_vers46
0x4194	0x2E0B      	DECFSZ      R11, 1, 0
0x4196	0xD7FA      	BRA         L_deplacer_vers46
0x4198	0x0000      	NOP
;Ascenseur.c,138 :: 		MOTEUR_OFF();
0x419A	0x9494      	BCF         TRISC2_bit, BitPos(TRISC2_bit+0) 
0x419C	0x948B      	BCF         LATC2_bit, BitPos(LATC2_bit+0) 
;Ascenseur.c,139 :: 		Delay_ms(MS_DECEL);
0x419E	0x0E05      	MOVLW       5
0x41A0	0x6E0B      	MOVWF       R11, 0
0x41A2	0x0E0F      	MOVLW       15
0x41A4	0x6E0C      	MOVWF       R12, 0
0x41A6	0x0EF1      	MOVLW       241
0x41A8	0x6E0D      	MOVWF       R13, 0
L_deplacer_vers50:
0x41AA	0x2E0D      	DECFSZ      R13, 1, 0
0x41AC	0xD7FE      	BRA         L_deplacer_vers50
0x41AE	0x2E0C      	DECFSZ      R12, 1, 0
0x41B0	0xD7FC      	BRA         L_deplacer_vers50
0x41B2	0x2E0B      	DECFSZ      R11, 1, 0
0x41B4	0xD7FA      	BRA         L_deplacer_vers50
;Ascenseur.c,141 :: 		if (sens == 'U') etage_actuel++;
0x41B6	0x5192      	MOVF        deplacer_vers_sens_L0, 0, 1
0x41B8	0x0A55      	XORLW       85
0x41BA	0xE102      	BNZ         L_deplacer_vers51
0x41BC	0x2A57      	INCF        _etage_actuel, 1 
0x41BE	0xD001      	BRA         L_deplacer_vers52
L_deplacer_vers51:
;Ascenseur.c,142 :: 		else             etage_actuel--;
0x41C0	0x0657      	DECF        _etage_actuel, 1 
L_deplacer_vers52:
;Ascenseur.c,144 :: 		en_mouvement = 0;
0x41C2	0x6A5D      	CLRF        _en_mouvement 
;Ascenseur.c,145 :: 		direction    = 'S';
0x41C4	0x0E53      	MOVLW       83
0x41C6	0x6E56      	MOVWF       _direction 
;Ascenseur.c,146 :: 		etage_cible  = etage_actuel;
0x41C8	0xF055C057  	MOVFF       _etage_actuel, _etage_cible
;Ascenseur.c,147 :: 		lire_capteurs();
0x41CC	0xDE37      	RCALL       _lire_capteurs
;Ascenseur.c,148 :: 		gerer_leds();
0x41CE	0xDE59      	RCALL       _gerer_leds
;Ascenseur.c,149 :: 		afficher_lcd();
0x41D0	0xDDA4      	RCALL       _afficher_lcd
;Ascenseur.c,150 :: 		Delay_ms(MS_OUVERTURE);
0x41D2	0x0E07      	MOVLW       7
0x41D4	0x6E0B      	MOVWF       R11, 0
0x41D6	0x0E17      	MOVLW       23
0x41D8	0x6E0C      	MOVWF       R12, 0
0x41DA	0x0E6A      	MOVLW       106
0x41DC	0x6E0D      	MOVWF       R13, 0
L_deplacer_vers53:
0x41DE	0x2E0D      	DECFSZ      R13, 1, 0
0x41E0	0xD7FE      	BRA         L_deplacer_vers53
0x41E2	0x2E0C      	DECFSZ      R12, 1, 0
0x41E4	0xD7FC      	BRA         L_deplacer_vers53
0x41E6	0x2E0B      	DECFSZ      R11, 1, 0
0x41E8	0xD7FA      	BRA         L_deplacer_vers53
0x41EA	0x0000      	NOP
;Ascenseur.c,151 :: 		}
L_end_deplacer_vers:
0x41EC	0x0012      	RETURN      0
; end of _deplacer_vers
_prochain_req:
;Ascenseur.c,153 :: 		unsigned char prochain_req() {
;Ascenseur.c,157 :: 		req[etage_actuel] = 0;
0x41EE	0x0E59      	MOVLW       _req
0x41F0	0x6EE1      	MOVWF       FSR1L 
0x41F2	0x0E00      	MOVLW       hi_addr(_req)
0x41F4	0x6EE2      	MOVWF       FSR1L+1 
0x41F6	0x5057      	MOVF        _etage_actuel, 0 
0x41F8	0x26E1      	ADDWF       FSR1L, 1 
0x41FA	0xB0D8      	BTFSC       STATUS, 0 
0x41FC	0x2AE2      	INCF        FSR1L+1, 1 
0x41FE	0x6AE6      	CLRF        POSTINC1 
;Ascenseur.c,159 :: 		if (direction == 'U') {
0x4200	0x5056      	MOVF        _direction, 0 
0x4202	0x0A55      	XORLW       85
0x4204	0xE13B      	BNZ         L_prochain_req54
;Ascenseur.c,160 :: 		for (i = etage_actuel+1; i <= 3; i++)
0x4206	0x5057      	MOVF        _etage_actuel, 0 
0x4208	0x0F01      	ADDLW       1
0x420A	0x6E04      	MOVWF       R4 
L_prochain_req55:
0x420C	0x5004      	MOVF        R4, 0 
0x420E	0x0803      	SUBLW       3
0x4210	0xE318      	BNC         L_prochain_req56
;Ascenseur.c,161 :: 		if (req[i]) { req[i]=0; return i; }
0x4212	0x0E59      	MOVLW       _req
0x4214	0x6EE9      	MOVWF       FSR0L 
0x4216	0x0E00      	MOVLW       hi_addr(_req)
0x4218	0x6EEA      	MOVWF       FSR0L+1 
0x421A	0x5004      	MOVF        R4, 0 
0x421C	0x26E9      	ADDWF       FSR0L, 1 
0x421E	0xB0D8      	BTFSC       STATUS, 0 
0x4220	0x2AEA      	INCF        FSR0L+1, 1 
0x4222	0x52EE      	MOVF        POSTINC0, 1 
0x4224	0xE00C      	BZ          L_prochain_req58
0x4226	0x0E59      	MOVLW       _req
0x4228	0x6EE1      	MOVWF       FSR1L 
0x422A	0x0E00      	MOVLW       hi_addr(_req)
0x422C	0x6EE2      	MOVWF       FSR1L+1 
0x422E	0x5004      	MOVF        R4, 0 
0x4230	0x26E1      	ADDWF       FSR1L, 1 
0x4232	0xB0D8      	BTFSC       STATUS, 0 
0x4234	0x2AE2      	INCF        FSR1L+1, 1 
0x4236	0x6AE6      	CLRF        POSTINC1 
0x4238	0xF000C004  	MOVFF       R4, R0
0x423C	0xD0AE      	BRA         L_end_prochain_req
L_prochain_req58:
;Ascenseur.c,160 :: 		for (i = etage_actuel+1; i <= 3; i++)
0x423E	0x2A04      	INCF        R4, 1 
;Ascenseur.c,161 :: 		if (req[i]) { req[i]=0; return i; }
0x4240	0xD7E5      	BRA         L_prochain_req55
L_prochain_req56:
;Ascenseur.c,162 :: 		for (i = 0; i < etage_actuel; i++)
0x4242	0x6A04      	CLRF        R4 
L_prochain_req59:
0x4244	0x5057      	MOVF        _etage_actuel, 0 
0x4246	0x5C04      	SUBWF       R4, 0 
0x4248	0xE218      	BC          L_prochain_req60
;Ascenseur.c,163 :: 		if (req[i]) { req[i]=0; return i; }
0x424A	0x0E59      	MOVLW       _req
0x424C	0x6EE9      	MOVWF       FSR0L 
0x424E	0x0E00      	MOVLW       hi_addr(_req)
0x4250	0x6EEA      	MOVWF       FSR0L+1 
0x4252	0x5004      	MOVF        R4, 0 
0x4254	0x26E9      	ADDWF       FSR0L, 1 
0x4256	0xB0D8      	BTFSC       STATUS, 0 
0x4258	0x2AEA      	INCF        FSR0L+1, 1 
0x425A	0x52EE      	MOVF        POSTINC0, 1 
0x425C	0xE00C      	BZ          L_prochain_req62
0x425E	0x0E59      	MOVLW       _req
0x4260	0x6EE1      	MOVWF       FSR1L 
0x4262	0x0E00      	MOVLW       hi_addr(_req)
0x4264	0x6EE2      	MOVWF       FSR1L+1 
0x4266	0x5004      	MOVF        R4, 0 
0x4268	0x26E1      	ADDWF       FSR1L, 1 
0x426A	0xB0D8      	BTFSC       STATUS, 0 
0x426C	0x2AE2      	INCF        FSR1L+1, 1 
0x426E	0x6AE6      	CLRF        POSTINC1 
0x4270	0xF000C004  	MOVFF       R4, R0
0x4274	0xD092      	BRA         L_end_prochain_req
L_prochain_req62:
;Ascenseur.c,162 :: 		for (i = 0; i < etage_actuel; i++)
0x4276	0x2A04      	INCF        R4, 1 
;Ascenseur.c,163 :: 		if (req[i]) { req[i]=0; return i; }
0x4278	0xD7E5      	BRA         L_prochain_req59
L_prochain_req60:
;Ascenseur.c,164 :: 		} else if (direction == 'D') {
0x427A	0xD08D      	BRA         L_prochain_req63
L_prochain_req54:
0x427C	0x5056      	MOVF        _direction, 0 
0x427E	0x0A44      	XORLW       68
0x4280	0xE142      	BNZ         L_prochain_req64
;Ascenseur.c,165 :: 		for (i = etage_actuel; i > 0; i--)
0x4282	0xF004C057  	MOVFF       _etage_actuel, R4
L_prochain_req65:
0x4286	0x5004      	MOVF        R4, 0 
0x4288	0x0800      	SUBLW       0
0x428A	0xE21E      	BC          L_prochain_req66
;Ascenseur.c,166 :: 		if (req[i-1]) { req[i-1]=0; return i-1; }
0x428C	0x0404      	DECF        R4, 0 
0x428E	0x6E00      	MOVWF       R0 
0x4290	0x6A01      	CLRF        R1 
0x4292	0x0E00      	MOVLW       0
0x4294	0x5A01      	SUBWFB      R1, 1 
0x4296	0x0E59      	MOVLW       _req
0x4298	0x2400      	ADDWF       R0, 0 
0x429A	0x6EE9      	MOVWF       FSR0L 
0x429C	0x0E00      	MOVLW       hi_addr(_req)
0x429E	0x2001      	ADDWFC      R1, 0 
0x42A0	0x6EEA      	MOVWF       FSR0L+1 
0x42A2	0x52EE      	MOVF        POSTINC0, 1 
0x42A4	0xE00F      	BZ          L_prochain_req68
0x42A6	0x0404      	DECF        R4, 0 
0x42A8	0x6E00      	MOVWF       R0 
0x42AA	0x6A01      	CLRF        R1 
0x42AC	0x0E00      	MOVLW       0
0x42AE	0x5A01      	SUBWFB      R1, 1 
0x42B0	0x0E59      	MOVLW       _req
0x42B2	0x2400      	ADDWF       R0, 0 
0x42B4	0x6EE1      	MOVWF       FSR1L 
0x42B6	0x0E00      	MOVLW       hi_addr(_req)
0x42B8	0x2001      	ADDWFC      R1, 0 
0x42BA	0x6EE2      	MOVWF       FSR1L+1 
0x42BC	0x6AE6      	CLRF        POSTINC1 
0x42BE	0x0404      	DECF        R4, 0 
0x42C0	0x6E00      	MOVWF       R0 
0x42C2	0xD06B      	BRA         L_end_prochain_req
L_prochain_req68:
;Ascenseur.c,165 :: 		for (i = etage_actuel; i > 0; i--)
0x42C4	0x0604      	DECF        R4, 1 
;Ascenseur.c,166 :: 		if (req[i-1]) { req[i-1]=0; return i-1; }
0x42C6	0xD7DF      	BRA         L_prochain_req65
L_prochain_req66:
;Ascenseur.c,167 :: 		for (i = etage_actuel+1; i <= 3; i++)
0x42C8	0x5057      	MOVF        _etage_actuel, 0 
0x42CA	0x0F01      	ADDLW       1
0x42CC	0x6E04      	MOVWF       R4 
L_prochain_req69:
0x42CE	0x5004      	MOVF        R4, 0 
0x42D0	0x0803      	SUBLW       3
0x42D2	0xE318      	BNC         L_prochain_req70
;Ascenseur.c,168 :: 		if (req[i]) { req[i]=0; return i; }
0x42D4	0x0E59      	MOVLW       _req
0x42D6	0x6EE9      	MOVWF       FSR0L 
0x42D8	0x0E00      	MOVLW       hi_addr(_req)
0x42DA	0x6EEA      	MOVWF       FSR0L+1 
0x42DC	0x5004      	MOVF        R4, 0 
0x42DE	0x26E9      	ADDWF       FSR0L, 1 
0x42E0	0xB0D8      	BTFSC       STATUS, 0 
0x42E2	0x2AEA      	INCF        FSR0L+1, 1 
0x42E4	0x52EE      	MOVF        POSTINC0, 1 
0x42E6	0xE00C      	BZ          L_prochain_req72
0x42E8	0x0E59      	MOVLW       _req
0x42EA	0x6EE1      	MOVWF       FSR1L 
0x42EC	0x0E00      	MOVLW       hi_addr(_req)
0x42EE	0x6EE2      	MOVWF       FSR1L+1 
0x42F0	0x5004      	MOVF        R4, 0 
0x42F2	0x26E1      	ADDWF       FSR1L, 1 
0x42F4	0xB0D8      	BTFSC       STATUS, 0 
0x42F6	0x2AE2      	INCF        FSR1L+1, 1 
0x42F8	0x6AE6      	CLRF        POSTINC1 
0x42FA	0xF000C004  	MOVFF       R4, R0
0x42FE	0xD04D      	BRA         L_end_prochain_req
L_prochain_req72:
;Ascenseur.c,167 :: 		for (i = etage_actuel+1; i <= 3; i++)
0x4300	0x2A04      	INCF        R4, 1 
;Ascenseur.c,168 :: 		if (req[i]) { req[i]=0; return i; }
0x4302	0xD7E5      	BRA         L_prochain_req69
L_prochain_req70:
;Ascenseur.c,169 :: 		} else {
0x4304	0xD048      	BRA         L_prochain_req73
L_prochain_req64:
;Ascenseur.c,170 :: 		nearest=0xFF; min_d=10;
0x4306	0x0EFF      	MOVLW       255
0x4308	0x6E05      	MOVWF       R5 
0x430A	0x0E0A      	MOVLW       10
0x430C	0x6E08      	MOVWF       R8 
0x430E	0x0E00      	MOVLW       0
0x4310	0x6E09      	MOVWF       R9 
;Ascenseur.c,171 :: 		for (i=0; i<=3; i++) {
0x4312	0x6A04      	CLRF        R4 
L_prochain_req74:
0x4314	0x5004      	MOVF        R4, 0 
0x4316	0x0803      	SUBLW       3
0x4318	0xE32F      	BNC         L_prochain_req75
;Ascenseur.c,172 :: 		if (!req[i]) continue;
0x431A	0x0E59      	MOVLW       _req
0x431C	0x6EE9      	MOVWF       FSR0L 
0x431E	0x0E00      	MOVLW       hi_addr(_req)
0x4320	0x6EEA      	MOVWF       FSR0L+1 
0x4322	0x5004      	MOVF        R4, 0 
0x4324	0x26E9      	ADDWF       FSR0L, 1 
0x4326	0xB0D8      	BTFSC       STATUS, 0 
0x4328	0x2AEA      	INCF        FSR0L+1, 1 
0x432A	0xF000CFEE  	MOVFF       POSTINC0, R0
0x432E	0x5200      	MOVF        R0, 1 
0x4330	0xE101      	BNZ         L_prochain_req77
0x4332	0xD020      	BRA         L_prochain_req76
L_prochain_req77:
;Ascenseur.c,173 :: 		d = (i>=etage_actuel) ? i-etage_actuel : etage_actuel-i;
0x4334	0x5057      	MOVF        _etage_actuel, 0 
0x4336	0x5C04      	SUBWF       R4, 0 
0x4338	0xE307      	BNC         L_prochain_req78
0x433A	0x5057      	MOVF        _etage_actuel, 0 
0x433C	0x5C04      	SUBWF       R4, 0 
0x433E	0x6E02      	MOVWF       R2 
0x4340	0x6A03      	CLRF        R3 
0x4342	0x0E00      	MOVLW       0
0x4344	0x5A03      	SUBWFB      R3, 1 
0x4346	0xD006      	BRA         L_prochain_req79
L_prochain_req78:
0x4348	0x5004      	MOVF        R4, 0 
0x434A	0x5C57      	SUBWF       _etage_actuel, 0 
0x434C	0x6E02      	MOVWF       R2 
0x434E	0x6A03      	CLRF        R3 
0x4350	0x0E00      	MOVLW       0
0x4352	0x5A03      	SUBWFB      R3, 1 
L_prochain_req79:
0x4354	0xF006C002  	MOVFF       R2, R6
0x4358	0xF007C003  	MOVFF       R3, R7
;Ascenseur.c,174 :: 		if (d<min_d) { min_d=d; nearest=i; }
0x435C	0x5009      	MOVF        R9, 0 
0x435E	0x5C03      	SUBWF       R3, 0 
0x4360	0xE102      	BNZ         L__prochain_req110
0x4362	0x5008      	MOVF        R8, 0 
0x4364	0x5C02      	SUBWF       R2, 0 
L__prochain_req110:
0x4366	0xE206      	BC          L_prochain_req80
0x4368	0xF008C006  	MOVFF       R6, R8
0x436C	0xF009C007  	MOVFF       R7, R9
0x4370	0xF005C004  	MOVFF       R4, R5
L_prochain_req80:
;Ascenseur.c,175 :: 		}
L_prochain_req76:
;Ascenseur.c,171 :: 		for (i=0; i<=3; i++) {
0x4374	0x2A04      	INCF        R4, 1 
;Ascenseur.c,175 :: 		}
0x4376	0xD7CE      	BRA         L_prochain_req74
L_prochain_req75:
;Ascenseur.c,176 :: 		if (nearest!=0xFF) { req[nearest]=0; return nearest; }
0x4378	0x5005      	MOVF        R5, 0 
0x437A	0x0AFF      	XORLW       255
0x437C	0xE00C      	BZ          L_prochain_req81
0x437E	0x0E59      	MOVLW       _req
0x4380	0x6EE1      	MOVWF       FSR1L 
0x4382	0x0E00      	MOVLW       hi_addr(_req)
0x4384	0x6EE2      	MOVWF       FSR1L+1 
0x4386	0x5005      	MOVF        R5, 0 
0x4388	0x26E1      	ADDWF       FSR1L, 1 
0x438A	0xB0D8      	BTFSC       STATUS, 0 
0x438C	0x2AE2      	INCF        FSR1L+1, 1 
0x438E	0x6AE6      	CLRF        POSTINC1 
0x4390	0xF000C005  	MOVFF       R5, R0
0x4394	0xD002      	BRA         L_end_prochain_req
L_prochain_req81:
;Ascenseur.c,177 :: 		}
L_prochain_req73:
L_prochain_req63:
;Ascenseur.c,178 :: 		return 0xFF;
0x4396	0x0EFF      	MOVLW       255
0x4398	0x6E00      	MOVWF       R0 
;Ascenseur.c,179 :: 		}
L_end_prochain_req:
0x439A	0x0012      	RETURN      0
; end of _prochain_req
_scanner_req:
;Ascenseur.c,72 :: 		void scanner_req() {
;Ascenseur.c,73 :: 		if (PORTD.F0) req[0] = 1;
0x439C	0xA083      	BTFSS       PORTD, 0 
0x439E	0xD002      	BRA         L_scanner_req16
0x43A0	0x0E01      	MOVLW       1
0x43A2	0x6E59      	MOVWF       _req 
L_scanner_req16:
;Ascenseur.c,74 :: 		if (PORTD.F1) req[1] = 1;
0x43A4	0xA283      	BTFSS       PORTD, 1 
0x43A6	0xD002      	BRA         L_scanner_req17
0x43A8	0x0E01      	MOVLW       1
0x43AA	0x6E5A      	MOVWF       _req+1 
L_scanner_req17:
;Ascenseur.c,75 :: 		if (PORTD.F2) req[2] = 1;
0x43AC	0xA483      	BTFSS       PORTD, 2 
0x43AE	0xD002      	BRA         L_scanner_req18
0x43B0	0x0E01      	MOVLW       1
0x43B2	0x6E5B      	MOVWF       _req+2 
L_scanner_req18:
;Ascenseur.c,76 :: 		if (PORTD.F3) req[3] = 1;
0x43B4	0xA683      	BTFSS       PORTD, 3 
0x43B6	0xD002      	BRA         L_scanner_req19
0x43B8	0x0E01      	MOVLW       1
0x43BA	0x6E5C      	MOVWF       _req+3 
L_scanner_req19:
;Ascenseur.c,77 :: 		}
L_end_scanner_req:
0x43BC	0x0012      	RETURN      0
; end of _scanner_req
_main:
0x43BE	0xF023EC4A  	CALL        18068, 0
;Ascenseur.c,180 :: 		void main() {
;Ascenseur.c,183 :: 		CCP1CON    = 0x00;
0x43C2	0x6ABD      	CLRF        CCP1CON 
;Ascenseur.c,184 :: 		TRISC2_bit = 0;
0x43C4	0x9494      	BCF         TRISC2_bit, BitPos(TRISC2_bit+0) 
;Ascenseur.c,185 :: 		LATC2_bit  = 0;
0x43C6	0x948B      	BCF         LATC2_bit, BitPos(LATC2_bit+0) 
;Ascenseur.c,187 :: 		ANSELA = 0x02;
0x43C8	0x0E02      	MOVLW       2
0x43CA	0x010F      	MOVLB       15
0x43CC	0x6F38      	MOVWF       ANSELA, 1
;Ascenseur.c,188 :: 		ANSELB = 0x00;
0x43CE	0x6B39      	CLRF        ANSELB, 1
;Ascenseur.c,189 :: 		ANSELC = 0x00;
0x43D0	0x6B3A      	CLRF        ANSELC, 1
;Ascenseur.c,190 :: 		ANSELD = 0x00;
0x43D2	0x6B3B      	CLRF        ANSELD, 1
;Ascenseur.c,192 :: 		TRISA0_bit = 1;
0x43D4	0x8092      	BSF         TRISA0_bit, BitPos(TRISA0_bit+0) 
;Ascenseur.c,193 :: 		TRISA1_bit = 1;
0x43D6	0x8292      	BSF         TRISA1_bit, BitPos(TRISA1_bit+0) 
;Ascenseur.c,194 :: 		TRISA2_bit = 0;
0x43D8	0x9492      	BCF         TRISA2_bit, BitPos(TRISA2_bit+0) 
;Ascenseur.c,195 :: 		TRISA3_bit = 0;
0x43DA	0x9692      	BCF         TRISA3_bit, BitPos(TRISA3_bit+0) 
;Ascenseur.c,196 :: 		TRISC2_bit = 0;
0x43DC	0x9494      	BCF         TRISC2_bit, BitPos(TRISC2_bit+0) 
;Ascenseur.c,197 :: 		TRISC3_bit = 0;
0x43DE	0x9694      	BCF         TRISC3_bit, BitPos(TRISC3_bit+0) 
;Ascenseur.c,198 :: 		TRISC4_bit = 1;
0x43E0	0x8894      	BSF         TRISC4_bit, BitPos(TRISC4_bit+0) 
;Ascenseur.c,199 :: 		TRISC6_bit = 0;
0x43E2	0x9C94      	BCF         TRISC6_bit, BitPos(TRISC6_bit+0) 
;Ascenseur.c,200 :: 		TRISC7_bit = 1;
0x43E4	0x8E94      	BSF         TRISC7_bit, BitPos(TRISC7_bit+0) 
;Ascenseur.c,201 :: 		TRISD0_bit = 1;
0x43E6	0x8095      	BSF         TRISD0_bit, BitPos(TRISD0_bit+0) 
;Ascenseur.c,202 :: 		TRISD1_bit = 1;
0x43E8	0x8295      	BSF         TRISD1_bit, BitPos(TRISD1_bit+0) 
;Ascenseur.c,203 :: 		TRISD2_bit = 1;
0x43EA	0x8495      	BSF         TRISD2_bit, BitPos(TRISD2_bit+0) 
;Ascenseur.c,204 :: 		TRISD3_bit = 1;
0x43EC	0x8695      	BSF         TRISD3_bit, BitPos(TRISD3_bit+0) 
;Ascenseur.c,205 :: 		TRISD4_bit = 1;
0x43EE	0x8895      	BSF         TRISD4_bit, BitPos(TRISD4_bit+0) 
;Ascenseur.c,206 :: 		TRISB6_bit = 1;
0x43F0	0x8C93      	BSF         TRISB6_bit, BitPos(TRISB6_bit+0) 
;Ascenseur.c,207 :: 		TRISB7_bit = 1;
0x43F2	0x8E93      	BSF         TRISB7_bit, BitPos(TRISB7_bit+0) 
;Ascenseur.c,209 :: 		LATA = 0x00;
0x43F4	0x6A89      	CLRF        LATA 
;Ascenseur.c,210 :: 		LATC = 0x00;
0x43F6	0x6A8B      	CLRF        LATC 
;Ascenseur.c,212 :: 		ADC_Init();
0x43F8	0xDDF6      	RCALL       _ADC_Init
;Ascenseur.c,213 :: 		ANSELA     = 0x02;
0x43FA	0x0E02      	MOVLW       2
0x43FC	0x010F      	MOVLB       15
0x43FE	0x6F38      	MOVWF       ANSELA, 1
;Ascenseur.c,214 :: 		TRISA0_bit = 1;
0x4400	0x8092      	BSF         TRISA0_bit, BitPos(TRISA0_bit+0) 
;Ascenseur.c,216 :: 		Lcd_Init();
0x4402	0xDD8E      	RCALL       _Lcd_Init
;Ascenseur.c,217 :: 		Lcd_Cmd(_LCD_CLEAR);
0x4404	0x0E01      	MOVLW       1
0x4406	0x6FCE      	MOVWF       FARG_Lcd_Cmd_out_char, 1
0x4408	0xF008EC24  	CALL        _Lcd_Cmd, 0
;Ascenseur.c,218 :: 		Lcd_Cmd(_LCD_CURSOR_OFF);
0x440C	0x0E0C      	MOVLW       12
0x440E	0x6FCE      	MOVWF       FARG_Lcd_Cmd_out_char, 1
0x4410	0xF008EC24  	CALL        _Lcd_Cmd, 0
;Ascenseur.c,219 :: 		Lcd_Out(1, 1, " ASCENSEUR 4ET ");
0x4414	0x0E01      	MOVLW       1
0x4416	0x6F98      	MOVWF       FARG_Lcd_Out_row, 1
0x4418	0x0E01      	MOVLW       1
0x441A	0x6F99      	MOVWF       FARG_Lcd_Out_column, 1
0x441C	0x0E15      	MOVLW       ?lstr2_Ascenseur
0x441E	0x6F9A      	MOVWF       FARG_Lcd_Out_text, 1
0x4420	0x0E00      	MOVLW       hi_addr(?lstr2_Ascenseur)
0x4422	0x6F9B      	MOVWF       FARG_Lcd_Out_text+1, 1
0x4424	0xF01EEC12  	CALL        _Lcd_Out, 0
;Ascenseur.c,220 :: 		Lcd_Out(2, 1, "  Pret - ET:0  ");
0x4428	0x0E02      	MOVLW       2
0x442A	0x6F98      	MOVWF       FARG_Lcd_Out_row, 1
0x442C	0x0E01      	MOVLW       1
0x442E	0x6F99      	MOVWF       FARG_Lcd_Out_column, 1
0x4430	0x0E43      	MOVLW       ?lstr3_Ascenseur
0x4432	0x6F9A      	MOVWF       FARG_Lcd_Out_text, 1
0x4434	0x0E00      	MOVLW       hi_addr(?lstr3_Ascenseur)
0x4436	0x6F9B      	MOVWF       FARG_Lcd_Out_text+1, 1
0x4438	0xF01EEC12  	CALL        _Lcd_Out, 0
;Ascenseur.c,221 :: 		Delay_ms(1500);
0x443C	0x0E10      	MOVLW       16
0x443E	0x6E0B      	MOVWF       R11, 0
0x4440	0x0E39      	MOVLW       57
0x4442	0x6E0C      	MOVWF       R12, 0
0x4444	0x0E0D      	MOVLW       13
0x4446	0x6E0D      	MOVWF       R13, 0
L_main82:
0x4448	0x2E0D      	DECFSZ      R13, 1, 0
0x444A	0xD7FE      	BRA         L_main82
0x444C	0x2E0C      	DECFSZ      R12, 1, 0
0x444E	0xD7FC      	BRA         L_main82
0x4450	0x2E0B      	DECFSZ      R11, 1, 0
0x4452	0xD7FA      	BRA         L_main82
0x4454	0x0000      	NOP
0x4456	0x0000      	NOP
;Ascenseur.c,222 :: 		Lcd_Cmd(_LCD_CLEAR);
0x4458	0x0E01      	MOVLW       1
0x445A	0x6FCE      	MOVWF       FARG_Lcd_Cmd_out_char, 1
0x445C	0xF008EC24  	CALL        _Lcd_Cmd, 0
;Ascenseur.c,224 :: 		lire_capteurs();
0x4460	0xDCED      	RCALL       _lire_capteurs
;Ascenseur.c,225 :: 		gerer_leds();
0x4462	0xDD0F      	RCALL       _gerer_leds
;Ascenseur.c,226 :: 		afficher_lcd();
0x4464	0xDC5A      	RCALL       _afficher_lcd
;Ascenseur.c,228 :: 		while (1) {
L_main83:
;Ascenseur.c,229 :: 		lire_capteurs();
0x4466	0xDCEA      	RCALL       _lire_capteurs
;Ascenseur.c,230 :: 		gerer_leds();
0x4468	0xDD0C      	RCALL       _gerer_leds
;Ascenseur.c,231 :: 		scanner_req();
0x446A	0xDF98      	RCALL       _scanner_req
;Ascenseur.c,233 :: 		prochain = prochain_req();
0x446C	0xDEC0      	RCALL       _prochain_req
0x446E	0xF08DC000  	MOVFF       R0, main_prochain_L0
;Ascenseur.c,235 :: 		if (prochain != 0xFF) {
0x4472	0x5000      	MOVF        R0, 0 
0x4474	0x0AFF      	XORLW       255
0x4476	0xE04D      	BZ          L_main85
;Ascenseur.c,236 :: 		if (poids_kg >= SEUIL_SURCHARGE) {
0x4478	0x0E02      	MOVLW       2
0x447A	0x5C54      	SUBWF       _poids_kg+1, 0 
0x447C	0xE102      	BNZ         L__main112
0x447E	0x0EB5      	MOVLW       181
0x4480	0x5C53      	SUBWF       _poids_kg, 0 
L__main112:
0x4482	0xE32F      	BNC         L_main86
;Ascenseur.c,237 :: 		LED2 = 1;
0x4484	0x8689      	BSF         LATA3_bit, BitPos(LATA3_bit+0) 
;Ascenseur.c,238 :: 		MOTEUR_OFF();
0x4486	0x9494      	BCF         TRISC2_bit, BitPos(TRISC2_bit+0) 
0x4488	0x948B      	BCF         LATC2_bit, BitPos(LATC2_bit+0) 
;Ascenseur.c,239 :: 		Lcd_Cmd(_LCD_CLEAR);
0x448A	0x0E01      	MOVLW       1
0x448C	0x0100      	MOVLB       0
0x448E	0x6FCE      	MOVWF       FARG_Lcd_Cmd_out_char, 1
0x4490	0xF008EC24  	CALL        _Lcd_Cmd, 0
;Ascenseur.c,240 :: 		Lcd_Out(1, 1, "  SURCHARGE!  ");
0x4494	0x0E01      	MOVLW       1
0x4496	0x6F98      	MOVWF       FARG_Lcd_Out_row, 1
0x4498	0x0E01      	MOVLW       1
0x449A	0x6F99      	MOVWF       FARG_Lcd_Out_column, 1
0x449C	0x0E34      	MOVLW       ?lstr4_Ascenseur
0x449E	0x6F9A      	MOVWF       FARG_Lcd_Out_text, 1
0x44A0	0x0E00      	MOVLW       hi_addr(?lstr4_Ascenseur)
0x44A2	0x6F9B      	MOVWF       FARG_Lcd_Out_text+1, 1
0x44A4	0xF01EEC12  	CALL        _Lcd_Out, 0
;Ascenseur.c,241 :: 		Lcd_Out(2, 1, " MAX: 630 kg  ");
0x44A8	0x0E02      	MOVLW       2
0x44AA	0x6F98      	MOVWF       FARG_Lcd_Out_row, 1
0x44AC	0x0E01      	MOVLW       1
0x44AE	0x6F99      	MOVWF       FARG_Lcd_Out_column, 1
0x44B0	0x0E25      	MOVLW       ?lstr5_Ascenseur
0x44B2	0x6F9A      	MOVWF       FARG_Lcd_Out_text, 1
0x44B4	0x0E00      	MOVLW       hi_addr(?lstr5_Ascenseur)
0x44B6	0x6F9B      	MOVWF       FARG_Lcd_Out_text+1, 1
0x44B8	0xF01EEC12  	CALL        _Lcd_Out, 0
;Ascenseur.c,242 :: 		Delay_ms(2000);
0x44BC	0x0E15      	MOVLW       21
0x44BE	0x6E0B      	MOVWF       R11, 0
0x44C0	0x0E4B      	MOVLW       75
0x44C2	0x6E0C      	MOVWF       R12, 0
0x44C4	0x0EBE      	MOVLW       190
0x44C6	0x6E0D      	MOVWF       R13, 0
L_main90:
0x44C8	0x2E0D      	DECFSZ      R13, 1, 0
0x44CA	0xD7FE      	BRA         L_main90
0x44CC	0x2E0C      	DECFSZ      R12, 1, 0
0x44CE	0xD7FC      	BRA         L_main90
0x44D0	0x2E0B      	DECFSZ      R11, 1, 0
0x44D2	0xD7FA      	BRA         L_main90
0x44D4	0x0000      	NOP
;Ascenseur.c,243 :: 		Lcd_Cmd(_LCD_CLEAR);
0x44D6	0x0E01      	MOVLW       1
0x44D8	0x6FCE      	MOVWF       FARG_Lcd_Cmd_out_char, 1
0x44DA	0xF008EC24  	CALL        _Lcd_Cmd, 0
;Ascenseur.c,244 :: 		afficher_lcd();
0x44DE	0xDC1D      	RCALL       _afficher_lcd
;Ascenseur.c,245 :: 		} else {
0x44E0	0xD018      	BRA         L_main91
L_main86:
;Ascenseur.c,246 :: 		deplacer_vers(prochain);
0x44E2	0xF08EC08D  	MOVFF       main_prochain_L0, FARG_deplacer_vers_cible
0x44E6	0xDD9A      	RCALL       _deplacer_vers
;Ascenseur.c,247 :: 		while (1) {
L_main92:
;Ascenseur.c,248 :: 		lire_capteurs();
0x44E8	0xDCA9      	RCALL       _lire_capteurs
;Ascenseur.c,249 :: 		prochain = prochain_req();
0x44EA	0xDE81      	RCALL       _prochain_req
0x44EC	0xF08DC000  	MOVFF       R0, main_prochain_L0
;Ascenseur.c,250 :: 		if (prochain == 0xFF) break;
0x44F0	0x5000      	MOVF        R0, 0 
0x44F2	0x0AFF      	XORLW       255
0x44F4	0xE101      	BNZ         L_main94
0x44F6	0xD00B      	BRA         L_main93
L_main94:
;Ascenseur.c,251 :: 		if (poids_kg >= SEUIL_SURCHARGE) break;
0x44F8	0x0E02      	MOVLW       2
0x44FA	0x5C54      	SUBWF       _poids_kg+1, 0 
0x44FC	0xE102      	BNZ         L__main113
0x44FE	0x0EB5      	MOVLW       181
0x4500	0x5C53      	SUBWF       _poids_kg, 0 
L__main113:
0x4502	0xE301      	BNC         L_main95
0x4504	0xD004      	BRA         L_main93
L_main95:
;Ascenseur.c,252 :: 		deplacer_vers(prochain);
0x4506	0xF08EC08D  	MOVFF       main_prochain_L0, FARG_deplacer_vers_cible
0x450A	0xDD88      	RCALL       _deplacer_vers
;Ascenseur.c,253 :: 		}
0x450C	0xD7ED      	BRA         L_main92
L_main93:
;Ascenseur.c,254 :: 		direction = 'S';
0x450E	0x0E53      	MOVLW       83
0x4510	0x6E56      	MOVWF       _direction 
;Ascenseur.c,255 :: 		}
L_main91:
;Ascenseur.c,256 :: 		}
L_main85:
;Ascenseur.c,257 :: 		afficher_lcd();
0x4512	0xDC03      	RCALL       _afficher_lcd
;Ascenseur.c,258 :: 		Delay_ms(50);
0x4514	0x0E82      	MOVLW       130
0x4516	0x6E0C      	MOVWF       R12, 0
0x4518	0x0EDD      	MOVLW       221
0x451A	0x6E0D      	MOVWF       R13, 0
L_main96:
0x451C	0x2E0D      	DECFSZ      R13, 1, 0
0x451E	0xD7FE      	BRA         L_main96
0x4520	0x2E0C      	DECFSZ      R12, 1, 0
0x4522	0xD7FC      	BRA         L_main96
0x4524	0x0000      	NOP
0x4526	0x0000      	NOP
;Ascenseur.c,259 :: 		}
0x4528	0xD79E      	BRA         L_main83
;Ascenseur.c,260 :: 		}
L_end_main:
0x452A	0xD7FF      	BRA         $+0
; end of _main
0x4694	0xF015EE10  	LFSR        1, 21
0x4698	0x0E51      	MOVLW       81
0x469A	0x6E00      	MOVWF       R0 
0x469C	0x0E01      	MOVLW       1
0x469E	0x6E01      	MOVWF       R1 
0x46A0	0x0E2C      	MOVLW       44
0x46A2	0x6EF6      	MOVWF       TBLPTR 
0x46A4	0x0E45      	MOVLW       69
0x46A6	0x6EF7      	MOVWF       TBLPTRH 
0x46A8	0x0E00      	MOVLW       0
0x46AA	0x6EF8      	MOVWF       TBLPTRU 
0x46AC	0xF020EC06  	CALL        16396, 0
0x46B0	0x0012      	RETURN      0
;Ascenseur.c,0 :: ?ICS?lstr2_Ascenseur
0x452C	0x4120 ;?ICS?lstr2_Ascenseur+0
0x452E	0x4353 ;?ICS?lstr2_Ascenseur+2
0x4530	0x4E45 ;?ICS?lstr2_Ascenseur+4
0x4532	0x4553 ;?ICS?lstr2_Ascenseur+6
0x4534	0x5255 ;?ICS?lstr2_Ascenseur+8
0x4536	0x3420 ;?ICS?lstr2_Ascenseur+10
0x4538	0x5445 ;?ICS?lstr2_Ascenseur+12
0x453A	0x0020 ;?ICS?lstr2_Ascenseur+14
; end of ?ICS?lstr2_Ascenseur
;Ascenseur.c,0 :: ?ICS?lstr5_Ascenseur
0x453C	0x4D20 ;?ICS?lstr5_Ascenseur+0
0x453E	0x5841 ;?ICS?lstr5_Ascenseur+2
0x4540	0x203A ;?ICS?lstr5_Ascenseur+4
0x4542	0x3336 ;?ICS?lstr5_Ascenseur+6
0x4544	0x2030 ;?ICS?lstr5_Ascenseur+8
0x4546	0x676B ;?ICS?lstr5_Ascenseur+10
0x4548	0x2020 ;?ICS?lstr5_Ascenseur+12
0x454A	0x00 ;?ICS?lstr5_Ascenseur+14
; end of ?ICS?lstr5_Ascenseur
;Ascenseur.c,0 :: ?ICS?lstr4_Ascenseur
0x454B	0x2020 ;?ICS?lstr4_Ascenseur+0
0x454D	0x5553 ;?ICS?lstr4_Ascenseur+2
0x454F	0x4352 ;?ICS?lstr4_Ascenseur+4
0x4551	0x4148 ;?ICS?lstr4_Ascenseur+6
0x4553	0x4752 ;?ICS?lstr4_Ascenseur+8
0x4555	0x2145 ;?ICS?lstr4_Ascenseur+10
0x4557	0x2020 ;?ICS?lstr4_Ascenseur+12
0x4559	0x00 ;?ICS?lstr4_Ascenseur+14
; end of ?ICS?lstr4_Ascenseur
;Ascenseur.c,0 :: ?ICS?lstr3_Ascenseur
0x455A	0x2020 ;?ICS?lstr3_Ascenseur+0
0x455C	0x7250 ;?ICS?lstr3_Ascenseur+2
0x455E	0x7465 ;?ICS?lstr3_Ascenseur+4
0x4560	0x2D20 ;?ICS?lstr3_Ascenseur+6
0x4562	0x4520 ;?ICS?lstr3_Ascenseur+8
0x4564	0x3A54 ;?ICS?lstr3_Ascenseur+10
0x4566	0x2030 ;?ICS?lstr3_Ascenseur+12
0x4568	0x0020 ;?ICS?lstr3_Ascenseur+14
; end of ?ICS?lstr3_Ascenseur
;Ascenseur.c,0 :: ?ICS_poids_kg
0x456A	0x0000 ;?ICS_poids_kg+0
; end of ?ICS_poids_kg
;Ascenseur.c,0 :: ?ICS_etage_cible
0x456C	0x00 ;?ICS_etage_cible+0
; end of ?ICS_etage_cible
;Ascenseur.c,0 :: ?ICS_direction
0x456D	0x53 ;?ICS_direction+0
; end of ?ICS_direction
;Ascenseur.c,0 :: ?ICS_etage_actuel
0x456E	0x00 ;?ICS_etage_actuel+0
; end of ?ICS_etage_actuel
;Ascenseur.c,0 :: ?ICS_ir_porte
0x456F	0x00 ;?ICS_ir_porte+0
; end of ?ICS_ir_porte
;Ascenseur.c,0 :: ?ICS_req
0x4570	0x0000 ;?ICS_req+0
0x4572	0x0000 ;?ICS_req+2
; end of ?ICS_req
;Ascenseur.c,0 :: ?ICS_en_mouvement
0x4574	0x00 ;?ICS_en_mouvement+0
; end of ?ICS_en_mouvement
;__Lib_Sprintf.c,0 :: ?ICS?lstr1___Lib_Sprintf
0x4575	0x6E28 ;?ICS?lstr1___Lib_Sprintf+0
0x4577	0x6C75 ;?ICS?lstr1___Lib_Sprintf+2
0x4579	0x296C ;?ICS?lstr1___Lib_Sprintf+4
0x457B	0x00 ;?ICS?lstr1___Lib_Sprintf+6
; end of ?ICS?lstr1___Lib_Sprintf
;__Lib_ADC_K22_B.c,0 :: ?ICS_vref_mask
0x457C	0x0F ;?ICS_vref_mask+0
; end of ?ICS_vref_mask
;__Lib_Sprintf.c,66 :: __Lib_Sprintf__powers_
0x457D	0x0000 ;__Lib_Sprintf__powers_+0
0x457F	0x7F00 ;__Lib_Sprintf__powers_+2
0x4581	0x0000 ;__Lib_Sprintf__powers_+4
0x4583	0x8220 ;__Lib_Sprintf__powers_+6
0x4585	0x0000 ;__Lib_Sprintf__powers_+8
0x4587	0x8548 ;__Lib_Sprintf__powers_+10
0x4589	0x0000 ;__Lib_Sprintf__powers_+12
0x458B	0x887A ;__Lib_Sprintf__powers_+14
0x458D	0x4000 ;__Lib_Sprintf__powers_+16
0x458F	0x8C1C ;__Lib_Sprintf__powers_+18
0x4591	0x5000 ;__Lib_Sprintf__powers_+20
0x4593	0x8F43 ;__Lib_Sprintf__powers_+22
0x4595	0x2400 ;__Lib_Sprintf__powers_+24
0x4597	0x9274 ;__Lib_Sprintf__powers_+26
0x4599	0x9680 ;__Lib_Sprintf__powers_+28
0x459B	0x9618 ;__Lib_Sprintf__powers_+30
0x459D	0xBC20 ;__Lib_Sprintf__powers_+32
0x459F	0x993E ;__Lib_Sprintf__powers_+34
0x45A1	0x6B28 ;__Lib_Sprintf__powers_+36
0x45A3	0x9C6E ;__Lib_Sprintf__powers_+38
0x45A5	0x02F9 ;__Lib_Sprintf__powers_+40
0x45A7	0xA015 ;__Lib_Sprintf__powers_+42
0x45A9	0x78EC ;__Lib_Sprintf__powers_+44
0x45AB	0xC12D ;__Lib_Sprintf__powers_+46
0x45AD	0xF2CA ;__Lib_Sprintf__powers_+48
0x45AF	0xE249 ;__Lib_Sprintf__powers_+50
; end of __Lib_Sprintf__powers_
;__Lib_Sprintf.c,83 :: __Lib_Sprintf__npowers_
0x45B1	0x0000 ;__Lib_Sprintf__npowers_+0
0x45B3	0x7F00 ;__Lib_Sprintf__npowers_+2
0x45B5	0xCCCD ;__Lib_Sprintf__npowers_+4
0x45B7	0x7B4C ;__Lib_Sprintf__npowers_+6
0x45B9	0xD70A ;__Lib_Sprintf__npowers_+8
0x45BB	0x7823 ;__Lib_Sprintf__npowers_+10
0x45BD	0x126F ;__Lib_Sprintf__npowers_+12
0x45BF	0x7503 ;__Lib_Sprintf__npowers_+14
0x45C1	0xB717 ;__Lib_Sprintf__npowers_+16
0x45C3	0x7151 ;__Lib_Sprintf__npowers_+18
0x45C5	0xC5AC ;__Lib_Sprintf__npowers_+20
0x45C7	0x6E27 ;__Lib_Sprintf__npowers_+22
0x45C9	0x37BD ;__Lib_Sprintf__npowers_+24
0x45CB	0x6B06 ;__Lib_Sprintf__npowers_+26
0x45CD	0xBF95 ;__Lib_Sprintf__npowers_+28
0x45CF	0x6756 ;__Lib_Sprintf__npowers_+30
0x45D1	0xCC77 ;__Lib_Sprintf__npowers_+32
0x45D3	0x642B ;__Lib_Sprintf__npowers_+34
0x45D5	0x705F ;__Lib_Sprintf__npowers_+36
0x45D7	0x6109 ;__Lib_Sprintf__npowers_+38
0x45D9	0xE6FF ;__Lib_Sprintf__npowers_+40
0x45DB	0x5D5B ;__Lib_Sprintf__npowers_+42
0x45DD	0xE508 ;__Lib_Sprintf__npowers_+44
0x45DF	0x3C3C ;__Lib_Sprintf__npowers_+46
0x45E1	0x4260 ;__Lib_Sprintf__npowers_+48
0x45E3	0x1B22 ;__Lib_Sprintf__npowers_+50
; end of __Lib_Sprintf__npowers_
;__Lib_Sprintf.c,115 :: __Lib_Sprintf_octpowers
0x45E5	0x0001 ;__Lib_Sprintf_octpowers+0
0x45E7	0x0000 ;__Lib_Sprintf_octpowers+2
0x45E9	0x0008 ;__Lib_Sprintf_octpowers+4
0x45EB	0x0000 ;__Lib_Sprintf_octpowers+6
0x45ED	0x0040 ;__Lib_Sprintf_octpowers+8
0x45EF	0x0000 ;__Lib_Sprintf_octpowers+10
0x45F1	0x0200 ;__Lib_Sprintf_octpowers+12
0x45F3	0x0000 ;__Lib_Sprintf_octpowers+14
0x45F5	0x1000 ;__Lib_Sprintf_octpowers+16
0x45F7	0x0000 ;__Lib_Sprintf_octpowers+18
0x45F9	0x8000 ;__Lib_Sprintf_octpowers+20
0x45FB	0x0000 ;__Lib_Sprintf_octpowers+22
0x45FD	0x0000 ;__Lib_Sprintf_octpowers+24
0x45FF	0x0004 ;__Lib_Sprintf_octpowers+26
0x4601	0x0000 ;__Lib_Sprintf_octpowers+28
0x4603	0x0020 ;__Lib_Sprintf_octpowers+30
0x4605	0x0000 ;__Lib_Sprintf_octpowers+32
0x4607	0x0100 ;__Lib_Sprintf_octpowers+34
0x4609	0x0000 ;__Lib_Sprintf_octpowers+36
0x460B	0x0800 ;__Lib_Sprintf_octpowers+38
0x460D	0x0000 ;__Lib_Sprintf_octpowers+40
0x460F	0x4000 ;__Lib_Sprintf_octpowers+42
0x4611	0x0000 ;__Lib_Sprintf_octpowers+44
0x4613	0x0000 ;__Lib_Sprintf_octpowers+46
; end of __Lib_Sprintf_octpowers
;__Lib_Sprintf.c,104 :: __Lib_Sprintf_dpowers
0x4615	0x0001 ;__Lib_Sprintf_dpowers+0
0x4617	0x0000 ;__Lib_Sprintf_dpowers+2
0x4619	0x000A ;__Lib_Sprintf_dpowers+4
0x461B	0x0000 ;__Lib_Sprintf_dpowers+6
0x461D	0x0064 ;__Lib_Sprintf_dpowers+8
0x461F	0x0000 ;__Lib_Sprintf_dpowers+10
0x4621	0x03E8 ;__Lib_Sprintf_dpowers+12
0x4623	0x0000 ;__Lib_Sprintf_dpowers+14
0x4625	0x2710 ;__Lib_Sprintf_dpowers+16
0x4627	0x0000 ;__Lib_Sprintf_dpowers+18
0x4629	0x86A0 ;__Lib_Sprintf_dpowers+20
0x462B	0x0001 ;__Lib_Sprintf_dpowers+22
0x462D	0x4240 ;__Lib_Sprintf_dpowers+24
0x462F	0x000F ;__Lib_Sprintf_dpowers+26
0x4631	0x9680 ;__Lib_Sprintf_dpowers+28
0x4633	0x0098 ;__Lib_Sprintf_dpowers+30
0x4635	0xE100 ;__Lib_Sprintf_dpowers+32
0x4637	0x05F5 ;__Lib_Sprintf_dpowers+34
0x4639	0xCA00 ;__Lib_Sprintf_dpowers+36
0x463B	0x3B9A ;__Lib_Sprintf_dpowers+38
; end of __Lib_Sprintf_dpowers
;__Lib_Sprintf.c,110 :: __Lib_Sprintf_hexpowers
0x463D	0x0001 ;__Lib_Sprintf_hexpowers+0
0x463F	0x0000 ;__Lib_Sprintf_hexpowers+2
0x4641	0x0010 ;__Lib_Sprintf_hexpowers+4
0x4643	0x0000 ;__Lib_Sprintf_hexpowers+6
0x4645	0x0100 ;__Lib_Sprintf_hexpowers+8
0x4647	0x0000 ;__Lib_Sprintf_hexpowers+10
0x4649	0x1000 ;__Lib_Sprintf_hexpowers+12
0x464B	0x0000 ;__Lib_Sprintf_hexpowers+14
0x464D	0x0000 ;__Lib_Sprintf_hexpowers+16
0x464F	0x0001 ;__Lib_Sprintf_hexpowers+18
0x4651	0x0000 ;__Lib_Sprintf_hexpowers+20
0x4653	0x0010 ;__Lib_Sprintf_hexpowers+22
0x4655	0x0000 ;__Lib_Sprintf_hexpowers+24
0x4657	0x0100 ;__Lib_Sprintf_hexpowers+26
0x4659	0x0000 ;__Lib_Sprintf_hexpowers+28
0x465B	0x1000 ;__Lib_Sprintf_hexpowers+30
; end of __Lib_Sprintf_hexpowers
;Ascenseur.c,0 :: ?lstr_1_Ascenseur
0x465D	0x3A50 ;?lstr_1_Ascenseur+0
0x465F	0x3325 ;?lstr_1_Ascenseur+2
0x4661	0x6B64 ;?lstr_1_Ascenseur+4
0x4663	0x2067 ;?lstr_1_Ascenseur+6
0x4665	0x5249 ;?lstr_1_Ascenseur+8
0x4667	0x253A ;?lstr_1_Ascenseur+10
0x4669	0x2063 ;?lstr_1_Ascenseur+12
0x466B	0x6325 ;?lstr_1_Ascenseur+14
0x466D	0x6325 ;?lstr_1_Ascenseur+16
0x466F	0x0020 ;?lstr_1_Ascenseur+18
; end of ?lstr_1_Ascenseur
;__Lib_Sprintf.c,100 :: __Lib_Sprintf_hexb
0x4671	0x3130 ;__Lib_Sprintf_hexb+0
0x4673	0x3332 ;__Lib_Sprintf_hexb+2
0x4675	0x3534 ;__Lib_Sprintf_hexb+4
0x4677	0x3736 ;__Lib_Sprintf_hexb+6
0x4679	0x3938 ;__Lib_Sprintf_hexb+8
0x467B	0x4241 ;__Lib_Sprintf_hexb+10
0x467D	0x4443 ;__Lib_Sprintf_hexb+12
0x467F	0x4645 ;__Lib_Sprintf_hexb+14
0x4681	0x00 ;__Lib_Sprintf_hexb+16
; end of __Lib_Sprintf_hexb
;__Lib_Sprintf.c,101 :: __Lib_Sprintf_hexs
0x4682	0x3130 ;__Lib_Sprintf_hexs+0
0x4684	0x3332 ;__Lib_Sprintf_hexs+2
0x4686	0x3534 ;__Lib_Sprintf_hexs+4
0x4688	0x3736 ;__Lib_Sprintf_hexs+6
0x468A	0x3938 ;__Lib_Sprintf_hexs+8
0x468C	0x6261 ;__Lib_Sprintf_hexs+10
0x468E	0x6463 ;__Lib_Sprintf_hexs+12
0x4690	0x6665 ;__Lib_Sprintf_hexs+14
0x4692	0x00 ;__Lib_Sprintf_hexs+16
; end of __Lib_Sprintf_hexs
Symbol List:
//** Routines locations **
//ADDRESS    SIZE    PROCEDURE
//----------------------------------------------
0x001C       [8]    _FIXSIGN32
0x0024      [24]    _SETFOV32
0x003C      [14]    _RES032
0x004A      [26]    _SETFUN32
0x0064     [482]    _NRM4032
0x0246      [30]    _Div_8X8_U
0x0264     [288]    _Mul_32x32_FP
0x0384       [8]    _SETFDZ32
0x038C    [1056]    _Add_32x32_FP
0x07AC      [28]    _SETIOV3224
0x07C8     [158]    _Div_8X8_S
0x0866      [22]    _Delay_5500us
0x087C      [10]    _Delay_50us
0x0886      [88]    _Div_16x16_S_L
0x08DE       [6]    _Delay_1us
0x08E4       [6]    _Sub_32x32_FP
0x08EA     [748]    _Div_32x32_U
0x0BD6      [24]    _isdigit
0x0BEE     [770]    __Lib_Sprintf_fround
0x0EF0      [38]    _longword2double
0x0F16     [306]    _double2longint
0x1048     [130]    _Lcd_Cmd
0x10CA    [1468]    __Lib_Sprintf_scale
0x1686      [46]    _Equals_Double
0x16B4     [312]    _double2longword
0x17EC     [380]    _Div_32x32_FP
0x1968     [200]    _Div_16x16_S
0x1A30     [206]    _Compare_Double
0x1AFE      [80]    _Mul_16X16_U
0x1B4E      [12]    _Delay_22us
0x1B5A    [8222]    __doprntf
0x3B78      [16]    _Lcd_Chr_CP
0x3B88      [82]    _Mul_32x32_U
0x3BDA      [74]    _sprintf
0x3C24     [128]    _Lcd_Out
0x3CA4     [118]    _ADC_Read
0x3D1A     [290]    _afficher_lcd
0x3E3C      [70]    _lire_capteurs
0x3E82      [60]    _gerer_leds
0x3EBE      [98]    _Lcd_Chr
0x3F20     [198]    _Lcd_Init
0x3FE6      [38]    _ADC_Init
0x400C      [16]    ___CC2DW
0x401C     [466]    _deplacer_vers
0x41EE     [430]    _prochain_req
0x439C      [34]    _scanner_req
0x43BE     [366]    _main
//** Variables locations ** 
//ADDRESS    SIZE    VARIABLE
//----------------------------------------------
0x0000       [1]    UART2_Init_tmp_L0
0x0000       [1]    R0
0x0000       [1]    UART1_Init_tmp_L0
0x0001       [1]    R1
0x0001       [1]    ispunct_rslt_L0
0x0001       [1]    UART2_Read___tmp_UART2_Read_L0
0x0001       [1]    ?FLOC___gerer_ledsT7
0x0001       [1]    UART1_Read___tmp_UART1_Read_L0
0x0002       [1]    ?FLOC___gerer_ledsT9
0x0002       [2]    memset_pp_L0
0x0002       [2]    memcpy_dd_L0
0x0002       [2]    ?FLOC___prochain_reqT150
0x0002       [2]    strlen_cp_L0
0x0002       [1]    R2
0x0002       [2]    memchr_s_L0
0x0003       [2]    memmove_tt_L0
0x0003       [1]    R3
0x0004       [2]    memcpy_ss_L0
0x0004       [1]    R4
0x0004       [1]    prochain_req_i_L0
0x0004       [2]    strcat_cp_L0
0x0004       [2]    strncpy_cp_L0
0x0004       [2]    strncat_cp_L0
0x0004       [2]    strcpy_cp_L0
0x0005       [2]    memmove_ff_L0
0x0005       [1]    R5
0x0005       [1]    prochain_req_nearest_L0
0x0006       [1]    R6
0x0006       [2]    prochain_req_d_L0
0x0007       [1]    R7
0x0008       [2]    prochain_req_min_d_L0
0x0008       [1]    R8
0x0009       [1]    R9
0x000A       [1]    R10
0x000B       [1]    R11
0x000C       [1]    R12
0x000D       [1]    R13
0x000E       [1]    R14
0x000F       [1]    R15
0x0010       [1]    R16
0x0011       [1]    R17
0x0012       [1]    R18
0x0013       [1]    R19
0x0014       [1]    R20
0x0015      [16]    ?lstr2_Ascenseur
0x0025      [15]    ?lstr5_Ascenseur
0x0034      [15]    ?lstr4_Ascenseur
0x0043      [16]    ?lstr3_Ascenseur
0x0053       [2]    _poids_kg
0x0055       [1]    _etage_cible
0x0056       [1]    _direction
0x0057       [1]    _etage_actuel
0x0058       [1]    _ir_porte
0x0059       [4]    _req
0x005D       [1]    _en_mouvement
0x005E       [7]    ?lstr1___Lib_Sprintf
0x0065       [1]    _vref_mask
0x0066      [17]    _l2
0x0077      [17]    _l1
0x0088       [0]    __Lib_Lcd_cmd_status
0x0089       [4]    _ADC_Get_Sample_Ptr
0x008D       [1]    main_prochain_L0
0x008E       [1]    FARG_deplacer_vers_cible
0x008F       [1]    ?FLOC___deplacer_versT72
0x0090       [2]    ?FLOC___deplacer_versT75
0x0092       [1]    deplacer_vers_sens_L0
0x0093       [1]    deplacer_vers_nb_etages_L0
0x0094       [1]    deplacer_vers_i_L0
0x0095       [1]    FARG_Lcd_Chr_row
0x0095       [1]    ?FLOC___afficher_lcdT58
0x0096       [1]    ?FLOC___afficher_lcdT59
0x0096       [1]    FARG_Lcd_Chr_column
0x0097       [1]    ?FLOC___afficher_lcdT60
0x0097       [1]    FARG_Lcd_Chr_out_char
0x0098       [1]    FARG_ADC_Read_channel
0x0098       [2]    FARG_sprintf_wh
0x0098       [1]    FARG_Lcd_Out_row
0x0099       [2]    ADC_Read_rslt_L0
0x0099       [1]    FARG_Lcd_Out_column
0x009A       [3]    FARG_sprintf_f
0x009A       [2]    FARG_Lcd_Out_text
0x009C       [1]    Lcd_Out_i_L0
0x009D       [5]    FARG_sprintf_var_argh2
0x00A2       [2]    sprintf_cnt_L0
0x00A4       [2]    sprintf_ap_L0
0x00A6       [1]    FARG_Lcd_Chr_CP_out_char
0x00A6       [2]    FARG__doprntf_pb
0x00A8       [3]    FARG__doprntf_f
0x00AB       [2]    FARG__doprntf_ap
0x00AD       [1]    ?FLOC____doprntfT369
0x00AE       [1]    ?FLOC____doprntfT387
0x00AF       [1]    ?FLOC____doprntfT514
0x00B0       [1]    ?FLOC____doprntfT532
0x00B1       [1]    ?FLOC____doprntfT672
0x00B2       [1]    ?FLOC____doprntfT683
0x00B3       [1]    ?FLOC____doprntfT697
0x00B4       [1]    ?FLOC____doprntfT712
0x00B5       [2]    _doprntf_prec_L0
0x00B7       [1]    _doprntf_c_L0
0x00B8       [2]    _doprntf_width_L0
0x00BA       [2]    _doprntf_flag_L0
0x00BC       [4]    _doprntf_fval_L0
0x00C0       [2]    _doprntf_exp_L0
0x00C2       [4]    _doprntf__val_L0
0x00C6       [2]    _doprntf_ccnt_L0
0x00C8       [6]    FLOC___doprntf
0x00CE       [1]    FARG_isdigit_character
0x00CE       [1]    FARG_Lcd_Cmd_out_char
0x00CE       [1]    FARG___Lib_Sprintf_fround_prec
0x00CE       [1]    FARG___Lib_Sprintf_scale_scl
0x00CF       [4]    FLOC___Lib_Sprintf_fround
0x00CF       [4]    FLOC___Lib_Sprintf_scale
0x0F38       [1]    ANSELA
0x0F39       [1]    ANSELB
0x0F3A       [1]    ANSELC
0x0F3B       [1]    ANSELD
0x0F80       [1]    PORTA
0x0F81       [0]    RB0_bit
0x0F81       [0]    RB1_bit
0x0F81       [0]    RB2_bit
0x0F81       [0]    RB3_bit
0x0F81       [0]    LCD_EN
0x0F81       [0]    LCD_D4
0x0F81       [0]    LCD_RS
0x0F81       [0]    RB5_bit
0x0F81       [0]    RB4_bit
0x0F81       [0]    LCD_D7
0x0F81       [0]    LCD_D5
0x0F81       [0]    LCD_D6
0x0F83       [1]    PORTD
0x0F89       [0]    LATA3_bit
0x0F89       [1]    LATA
0x0F89       [0]    LATA2_bit
0x0F8B       [1]    LATC
0x0F8B       [0]    LATC2_bit
0x0F92       [0]    TRISA1_bit
0x0F92       [0]    TRISA0_bit
0x0F92       [0]    TRISA2_bit
0x0F92       [0]    TRISA3_bit
0x0F93       [0]    LCD_D7_Direction
0x0F93       [0]    TRISB5_bit
0x0F93       [0]    LCD_RS_Direction
0x0F93       [0]    LCD_D4_Direction
0x0F93       [0]    LCD_D5_Direction
0x0F93       [0]    LCD_EN_Direction
0x0F93       [0]    LCD_D6_Direction
0x0F93       [0]    TRISB4_bit
0x0F93       [0]    TRISB0_bit
0x0F93       [0]    TRISB7_bit
0x0F93       [0]    TRISB1_bit
0x0F93       [0]    TRISB6_bit
0x0F93       [0]    TRISB3_bit
0x0F93       [0]    TRISB2_bit
0x0F94       [0]    TRISC3_bit
0x0F94       [0]    TRISC2_bit
0x0F94       [0]    TRISC4_bit
0x0F94       [0]    TRISC7_bit
0x0F94       [0]    TRISC6_bit
0x0F95       [0]    TRISD2_bit
0x0F95       [0]    TRISD0_bit
0x0F95       [0]    TRISD1_bit
0x0F95       [0]    TRISD3_bit
0x0F95       [0]    TRISD4_bit
0x0FBD       [1]    CCP1CON
0x0FC0       [1]    ADCON2
0x0FC1       [1]    ADCON1
0x0FC2       [1]    ADCON0
0x0FC3       [1]    ADRESL
0x0FC4       [1]    ADRESH
0x0FD8       [1]    STATUS
0x0FD9       [1]    FSR2L
0x0FDA       [1]    FSR2H
0x0FDE       [1]    POSTINC2
0x0FE0       [1]    BSR
0x0FE1       [1]    FSR1L
0x0FE2       [1]    FSR1H
0x0FE4       [1]    PREINC1
0x0FE6       [1]    POSTINC1
0x0FE7       [1]    INDF1
0x0FE8       [1]    WREG
0x0FE9       [1]    FSR0L
0x0FEA       [1]    FSR0H
0x0FEE       [1]    POSTINC0
0x0FF3       [1]    PRODL
0x0FF4       [1]    PRODH
0x0FF5       [1]    TABLAT
0x0FF6       [1]    TBLPTRL
0x0FF6       [3]    TBLPTR
0x0FF7       [1]    TBLPTRH
0x0FF8       [1]    TBLPTRU
//** Constants locations ** 
//ADDRESS    SIZE    CONSTANT
//----------------------------------------------
0x452C      [16]    ?ICS?lstr2_Ascenseur
0x453C      [15]    ?ICS?lstr5_Ascenseur
0x454B      [15]    ?ICS?lstr4_Ascenseur
0x455A      [16]    ?ICS?lstr3_Ascenseur
0x456A       [2]    ?ICS_poids_kg
0x456C       [1]    ?ICS_etage_cible
0x456D       [1]    ?ICS_direction
0x456E       [1]    ?ICS_etage_actuel
0x456F       [1]    ?ICS_ir_porte
0x4570       [4]    ?ICS_req
0x4574       [1]    ?ICS_en_mouvement
0x4575       [7]    ?ICS?lstr1___Lib_Sprintf
0x457C       [1]    ?ICS_vref_mask
0x457D      [52]    __Lib_Sprintf__powers_
0x45B1      [52]    __Lib_Sprintf__npowers_
0x45E5      [48]    __Lib_Sprintf_octpowers
0x4615      [40]    __Lib_Sprintf_dpowers
0x463D      [32]    __Lib_Sprintf_hexpowers
0x465D      [20]    ?lstr_1_Ascenseur
0x4671      [17]    __Lib_Sprintf_hexb
0x4682      [17]    __Lib_Sprintf_hexs
